'MagnitudeConjecture.ARCount.vertexCount_eq_projectiveCount_add_meshCount' depends on axioms: [propext,
 Classical.choice,
 Quot.sound]
'MagnitudeConjecture.ARCount.surplus_eq_two_mul_meshCount_sub_arrowCount' depends on axioms: [propext,
 Classical.choice,
 Quot.sound]
'MagnitudeConjecture.ARCount.matrixTotal_meshMatrix_eq_eulerMagnitude' depends on axioms: [propext,
 Classical.choice,
 Quot.sound]
'MagnitudeConjecture.CartanCoordinate.WeaklyPositiveCartanData.quadraticForm_coxeter' depends on axioms: [propext,
 Classical.choice,
 Quot.sound]
'MagnitudeConjecture.CartanCoordinate.WeaklyPositiveCartanData.coxeter_coordinate_abs_sub_le_one' depends on axioms: [propext,
 Classical.choice,
 Quot.sound]
'MagnitudeConjecture.DirectedDeletion.translationQuiverSurplus_difference_eq_deletionCost' depends on axioms: [propext,
 Classical.choice,
 Quot.sound]
'MagnitudeConjecture.DirectedDeletion.translationQuiverSurplus_difference_nonnegative' depends on axioms: [propext,
 Classical.choice,
 Quot.sound]
'MagnitudeConjecture.DirectedDeletion.equality_iff_zero_factorExcess_and_equal_correction' depends on axioms: [propext,
 Classical.choice,
 Quot.sound]
'MagnitudeConjecture.DirectedDeletion.translationQuiverSurplus_difference_nonnegative_of_translationRecurrence' depends on axioms: [propext,
 Classical.choice,
 Quot.sound]
'MagnitudeConjecture.DirectedDeletion.translationQuiverSurplus_difference_eq_zero_iff_of_translationRecurrence' depends on axioms: [propext,
 Classical.choice,
 Quot.sound]
'MagnitudeConjecture.ObjectDeletion.functor_map_eq_zero_iff' depends on axioms: [propext, Classical.choice, Quot.sound]
'MagnitudeConjecture.ObjectDeletion.rawFunctor_obj_isZero' depends on axioms: [propext, Classical.choice, Quot.sound]
'MagnitudeConjecture.ObjectDeletion.shiftedRawFunctor_isKilledBy' depends on axioms: [propext,
 Classical.choice,
 Quot.sound]
'MagnitudeConjecture.ObjectDeletion.isSurvivingRaw_stableUnderShift' depends on axioms: [propext,
 Classical.choice,
 Quot.sound]
'MagnitudeConjecture.ObjectDeletion.deletionShift_linear' depends on axioms: [propext, Classical.choice, Quot.sound]
'MagnitudeConjecture.ObjectDeletion.deletionIsCancelSMul' depends on axioms: [propext, Quot.sound]
'MagnitudeConjecture.ObjectDeletion.CoherentDeckShift.shiftInvariant_of_actionInvariant' depends on axioms: [propext,
 Classical.choice,
 Quot.sound]
'MagnitudeConjecture.ObjectDeletion.CoherentDeckShift.deletionCoherentDeckShift' depends on axioms: [propext,
 Classical.choice,
 Quot.sound]
'MagnitudeConjecture.ObjectDeletion.mem_ideal_empty_iff' depends on axioms: [propext, Quot.sound]
'MagnitudeConjecture.ObjectDeletion.emptyDeletionEquivalence' depends on axioms: [propext, Classical.choice, Quot.sound]
'MagnitudeConjecture.ObjectDeletion.survivingMap_mem_additionalIdeal_of_mem_unionIdeal' depends on axioms: [propext,
 Classical.choice,
 Quot.sound]
'MagnitudeConjecture.ObjectDeletion.firstDeletionToRawUnion_kernel_le' depends on axioms: [propext,
 Classical.choice,
 Quot.sound]
'MagnitudeConjecture.ObjectDeletion.iteratedDeletionEquivalence' depends on axioms: [propext,
 Classical.choice,
 Quot.sound]
'MagnitudeConjecture.ObjectDeletion.stageDeletedSet_succ' depends on axioms: [propext, Classical.choice, Quot.sound]
'MagnitudeConjecture.ObjectDeletion.stageSuccEquivalence' depends on axioms: [propext, Classical.choice, Quot.sound]
'MagnitudeConjecture.ObjectDeletion.stageIsCancelSMul' depends on axioms: [propext, Quot.sound]
'MagnitudeConjecture.ObjectDeletion.stageCoherentDeckShift' depends on axioms: [propext, Classical.choice, Quot.sound]
'MagnitudeConjecture.ObjectDeletion.FiniteQuotientRepresentatives.stageDeletedSet_last_eq_orbit' depends on axioms: [propext,
 Classical.choice,
 Quot.sound]
'MagnitudeConjecture.ObjectDeletion.stageZeroEquivalence' depends on axioms: [propext, Classical.choice, Quot.sound]
'MagnitudeConjecture.ObjectDeletion.stageLastEquivalence' depends on axioms: [propext, Classical.choice, Quot.sound]
'MagnitudeConjecture.ObjectDeletion.shiftOrbitOf_mem_orbitIdeal_of_mem_ideal' depends on axioms: [propext,
 Classical.choice,
 Quot.sound]
'MagnitudeConjecture.ObjectDeletion.orbitRawFunctor_kernel_le' depends on axioms: [propext,
 Classical.choice,
 Quot.sound]
'MagnitudeConjecture.ObjectDeletion.rawOrbitDeletionComparisonFunctor_faithful' depends on axioms: [propext,
 Classical.choice,
 Quot.sound]
'MagnitudeConjecture.ObjectDeletion.deletionOrbitEquivalence' depends on axioms: [propext, Classical.choice, Quot.sound]
'MagnitudeConjecture.ObjectDeletion.stageDeletionOrbitEquivalence' depends on axioms: [propext,
 Classical.choice,
 Quot.sound]
'MagnitudeConjecture.ObjectDeletion.deckOrbitDeletedSet_orbit' depends on axioms: [propext,
 Classical.choice,
 Quot.sound]
'MagnitudeConjecture.ObjectDeletion.CoherentDeckShift.mem_deckOrbitIdeal_of_representative_mem_ideal' depends on axioms: [propext,
 Classical.choice,
 Quot.sound]
'MagnitudeConjecture.ObjectDeletion.CoherentDeckShift.deckOrbitDeletionEquivalence' depends on axioms: [propext,
 Classical.choice,
 Quot.sound]
'MagnitudeConjecture.ObjectDeletion.stageDeckDeletedSet_succ' depends on axioms: [propext, Classical.choice, Quot.sound]
'MagnitudeConjecture.ObjectDeletion.downstairsStageSuccEquivalence' depends on axioms: [propext,
 Classical.choice,
 Quot.sound]
'MagnitudeConjecture.ObjectDeletion.stageDeckOrbitEquivalence' depends on axioms: [propext,
 Classical.choice,
 Quot.sound]
'MagnitudeConjecture.ObjectDeletion.FiniteQuotientRepresentatives.downstairs_difference_eq_quotientAverage' depends on axioms: [propext,
 Classical.choice,
 Quot.sound]
'MagnitudeConjecture.ObjectDeletion.FiniteQuotientRepresentatives.localChange_first_eq_zero_of_downstairs_eq' depends on axioms: [propext,
 Classical.choice,
 Quot.sound]
'MagnitudeConjecture.CoveringHom.hasAcyclicFiniteModuleNonzeroNonisomorphisms_of_equivalence' depends on axioms: [propext,
 Classical.choice,
 Quot.sound]
'MagnitudeConjecture.ObjectDeletion.hasAcyclicFiniteModuleNonzeroNonisomorphisms_deletion' depends on axioms: [propext,
 Classical.choice,
 Quot.sound]
'MagnitudeConjecture.ObjectDeletion.hasFiniteConvexObjectNeighborhoods_deletion' depends on axioms: [propext,
 Classical.choice,
 Quot.sound]
'MagnitudeConjecture.ObjectDeletion.isAdmissible_deletion' depends on axioms: [propext, Classical.choice, Quot.sound]
'MagnitudeConjecture.ObjectDeletion.isAdmissible_stage' depends on axioms: [propext, Classical.choice, Quot.sound]
'MagnitudeConjecture.ObjectDeletion.moduleExtensionByZeroNatTrans_add' depends on axioms: [propext,
 Classical.choice,
 Quot.sound]
'MagnitudeConjecture.ObjectDeletion.linearModuleExtensionByZero_isFiniteDimensional' depends on axioms: [propext,
 Classical.choice,
 Quot.sound]
'MagnitudeConjecture.ObjectDeletion.moduleExtensionByZeroPreimage' depends on axioms: [propext,
 Classical.choice,
 Quot.sound]
'MagnitudeConjecture.ObjectDeletion.finiteDimensionalModuleExtensionByZero_indec_iff' depends on axioms: [propext,
 Classical.choice,
 Quot.sound]
'MagnitudeConjecture.ObjectDeletion.module_isKilledBy_of_vanishesOnDeleted' depends on axioms: [propext,
 Classical.choice,
 Quot.sound]
'MagnitudeConjecture.ObjectDeletion.moduleRestrictionExtensionIso' depends on axioms: [propext,
 Classical.choice,
 Quot.sound]
'MagnitudeConjecture.ObjectDeletion.linearModuleExtensionByZero_essImage_iff' depends on axioms: [propext,
 Classical.choice,
 Quot.sound]
'MagnitudeConjecture.ObjectDeletion.finiteDimensionalModuleExtensionByZero_essImage_eq' depends on axioms: [propext,
 Classical.choice,
 Quot.sound]
'MagnitudeConjecture.ObjectDeletion.finiteModuleVanishesOnDeleted_isSerreClass' depends on axioms: [propext,
 Classical.choice,
 Quot.sound]
'MagnitudeConjecture.ObjectDeletion.finiteDimensionalModuleExtensionByZero_essImage_isSerreClass' depends on axioms: [propext,
 Classical.choice,
 Quot.sound]
'MagnitudeConjecture.ObjectDeletion.isLocallyRepresentationFinite_deletion' depends on axioms: [propext,
 Classical.choice,
 Quot.sound]
'MagnitudeConjecture.ObjectDeletion.maximalVanishingSubmoduleLift_unique' depends on axioms: [propext,
 Classical.choice,
 Quot.sound]
'MagnitudeConjecture.ObjectDeletion.finiteMaximalVanishingSubmoduleAdjunction' depends on axioms: [propext,
 Classical.choice,
 Quot.sound]
'MagnitudeConjecture.ObjectDeletion.finiteMaximalVanishingSubmoduleInclusion_isIso_of_vanishesOnDeleted' depends on axioms: [propext,
 Classical.choice,
 Quot.sound]
'MagnitudeConjecture.ObjectDeletion.maximalVanishingQuotientDescend_unique' depends on axioms: [propext,
 Classical.choice,
 Quot.sound]
'MagnitudeConjecture.ObjectDeletion.finiteMaximalVanishingQuotientAdjunction' depends on axioms: [propext,
 Classical.choice,
 Quot.sound]
'MagnitudeConjecture.ObjectDeletion.finiteMaximalVanishingSubmoduleRestriction_isRightAlmostSplit' depends on axioms: [propext,
 Classical.choice,
 Quot.sound]
'MagnitudeConjecture.ObjectDeletion.finiteMaximalVanishingQuotientExtension_isLeftAlmostSplit' depends on axioms: [propext,
 Classical.choice,
 Quot.sound]
'MagnitudeConjecture.ObjectDeletion.finiteDimensionalModuleExtensionByZeroVanishingEquivalence' depends on axioms: [propext,
 Classical.choice,
 Quot.sound]
'MagnitudeConjecture.rightMinimal_of_map_full_faithful' depends on axioms: [propext, Classical.choice, Quot.sound]
'MagnitudeConjecture.ObjectDeletion.finiteMaximalVanishingSubmoduleRestriction_arity_eq_of_vanishesOnDeleted' depends on axioms: [propext,
 Classical.choice,
 Quot.sound]
'MagnitudeConjecture.ObjectDeletion.finiteDeletionRightAdjointSinkCandidate_mono_iff_of_source_vanishes' depends on axioms: [propext,
 Classical.choice,
 Quot.sound]
'MagnitudeConjecture.ObjectDeletion.finiteDeletionRightAdjointSinkCandidate_isRightMinimal_of_source_vanishes' depends on axioms: [propext,
 Classical.choice,
 Quot.sound]
'MagnitudeConjecture.ObjectDeletion.finiteDeletion_projective_iff_of_minimal_sink_source_vanishes' depends on axioms: [propext,
 Classical.choice,
 Quot.sound]
'MagnitudeConjecture.ObjectDeletion.exists_finiteDeletion_rightMinimal_sink_retract_of_ambient' depends on axioms: [propext,
 Classical.choice,
 Quot.sound]
'MagnitudeConjecture.ObjectDeletion.exists_finiteDeletion_leftMinimal_source_retract_of_ambient' depends on axioms: [propext,
 Classical.choice,
 Quot.sound]
'MagnitudeConjecture.CoveringHom.rightMinimal_middleSummand_mem_firstFiberHomNeighborhood' depends on axioms: [propext,
 Classical.choice,
 Quot.sound]
'MagnitudeConjecture.CoveringHom.leftMinimal_middleSummand_mem_firstFiberHomNeighborhood' depends on axioms: [propext,
 Classical.choice,
 Quot.sound]
'MagnitudeConjecture.ObjectDeletion.exists_finiteDeletion_rightMinimal_sink_controlled' depends on axioms: [propext,
 Classical.choice,
 Quot.sound]
'MagnitudeConjecture.ObjectDeletion.exists_finiteDeletion_leftMinimal_source_controlled' depends on axioms: [propext,
 Classical.choice,
 Quot.sound]
'MagnitudeConjecture.ObjectDeletion.finiteDeletion_bifactor_extension_mem_threeStepControlFamily' depends on axioms: [propext,
 Classical.choice,
 Quot.sound]
'MagnitudeConjecture.ObjectDeletion.mem_deletionSurvivingSubfamily_isoClosure_iff' depends on axioms: [propext,
 Classical.choice,
 Quot.sound]
'MagnitudeConjecture.ObjectDeletion.exists_uniformControlFamily_for_threeStepDeletionStages' depends on axioms: [propext,
 Classical.choice,
 Quot.sound]
'MagnitudeConjecture.ObjectDeletion.exists_uniformControlFamily_and_residuallySeparatedWindow_for_threeStepDeletionStages' depends on axioms: [propext,
 Classical.choice,
 Quot.sound]
'MagnitudeConjecture.ObjectDeletion.deletionSurvivingModuleFamily_extension_mem_isoClosure' depends on axioms: [propext,
 Classical.choice,
 Quot.sound]
'MagnitudeConjecture.ObjectDeletion.stage_survivingModuleFamily_shiftHomOrthogonal_of_ambient_avoids' depends on axioms: [propext,
 Classical.choice,
 Quot.sound]
'MagnitudeConjecture.ObjectDeletion.mem_deletionSurvivingModuleFamily_isoClosure_iff' depends on axioms: [propext,
 Classical.choice,
 Quot.sound]
'MagnitudeConjecture.ObjectDeletion.rightMinimal_source_vanishesAt_of_endpoint_not_mem_twoStep' depends on axioms: [propext,
 Classical.choice,
 Quot.sound]
'MagnitudeConjecture.ObjectDeletion.finiteDeletion_sink_localData_unchanged_of_endpoint_not_mem_twoStep' depends on axioms: [propext,
 Classical.choice,
 Quot.sound]
'MagnitudeConjecture.ObjectDeletion.mem_deletionTwoStepModuleCore_of_nontrivial_at' depends on axioms: [propext,
 Classical.choice,
 Quot.sound]
'MagnitudeConjecture.ObjectDeletion.rightMinimal_source_vanishesAt_of_not_mem_deletionTwoStepModuleCore' depends on axioms: [propext,
 Classical.choice,
 Quot.sound]
'MagnitudeConjecture.ObjectDeletion.finiteDeletion_sink_localData_unchanged_of_not_mem_deletionTwoStepModuleCore' depends on axioms: [propext,
 Classical.choice,
 Quot.sound]
'MagnitudeConjecture.ObjectDeletion.deletionTwoStepModuleCore_interactionNeighborhood_subset' depends on axioms: [propext,
 Classical.choice,
 Quot.sound]
'MagnitudeConjecture.ObjectDeletion.FiniteQuotientRepresentatives.representative_smul_not_mem_stageDeletedSet' depends on axioms: [propext,
 Classical.choice,
 Quot.sound]
'MagnitudeConjecture.ObjectDeletion.mem_deletionTwoStepModuleCore_of_nontrivial_at_stageNextObject' depends on axioms: [propext,
 Classical.choice,
 Quot.sound]
'MagnitudeConjecture.FiniteTauMatrix.homDimensionMatrix_mul_meshMatrix' depends on axioms: [propext,
 Classical.choice,
 Quot.sound]
'MagnitudeConjecture.FiniteTauMatrix.meshMatrix_mul_homDimensionMatrix' depends on axioms: [propext,
 Classical.choice,
 Quot.sound]
'MagnitudeConjecture.FiniteTauMatrix.homMesh_inverse_and_total' depends on axioms: [propext,
 Classical.choice,
 Quot.sound]
'MagnitudeConjecture.FiniteTauMatrix.radicalFinrank_add_delta' depends on axioms: [propext,
 Classical.choice,
 Quot.sound]
'MagnitudeConjecture.FiniteTauMatrix.HomMeshInverseData.ofResidue' depends on axioms: [propext,
 Classical.choice,
 Quot.sound]
'MagnitudeConjecture.LocalAlgebraResidue.residueLinearMap_surjective' depends on axioms: [propext,
 Classical.choice,
 Quot.sound]
'MagnitudeConjecture.LocalAlgebraResidue.mem_ker_residueLinearMap_iff' depends on axioms: [propext,
 Classical.choice,
 Quot.sound]
'MagnitudeConjecture.LocalAlgebraResidue.residueScalar_mul' depends on axioms: [propext, Classical.choice, Quot.sound]
'MagnitudeConjecture.LocalAlgebraResidue.algHom_eq_residueAlgHom' depends on axioms: [propext,
 Classical.choice,
 Quot.sound]
'MagnitudeConjecture.FiniteTauMatrix.ResidueFieldData.ofIsAlgClosed' depends on axioms: [propext,
 Classical.choice,
 Quot.sound]
'MagnitudeConjecture.FiniteTauMatrix.HomMeshInverseData.ofIsAlgClosed' depends on axioms: [propext,
 Classical.choice,
 Quot.sound]
'MagnitudeConjecture.FiniteTauMatrix.rightMesh_mono_of_positiveRightAdditiveLabelWeight' depends on axioms: [propext,
 Classical.choice,
 Quot.sound]
'MagnitudeConjecture.FiniteTauMatrix.rightMeshLabelWeightDefect_eq_meshColumnWeight' depends on axioms: [propext,
 Classical.choice,
 Quot.sound]
'MagnitudeConjecture.FiniteTauMatrix.HomMeshInverseData.ofMeshColumnUnit' depends on axioms: [propext,
 Classical.choice,
 Quot.sound]
'MagnitudeConjecture.FiniteTauMatrix.meshUnitEquations_of_homDimensionIdentities' depends on axioms: [propext,
 Classical.choice,
 Quot.sound]
'MagnitudeConjecture.FiniteTauMatrix.categoryMagnitude_eq_eulerMagnitude' depends on axioms: [propext,
 Classical.choice,
 Quot.sound]
'MagnitudeConjecture.ARCount.sum_projectiveIndicator_eq_projectiveCount' depends on axioms: [propext,
 Classical.choice,
 Quot.sound]
'MagnitudeConjecture.FiniteTauMatrix.RejectionProfile.projectiveCount_eq' depends on axioms: [propext,
 Classical.choice,
 Quot.sound]
'MagnitudeConjecture.FiniteTauMatrix.RejectionProfile.vertexCount_eq_add_one' depends on axioms: [propext,
 Classical.choice,
 Quot.sound]
'MagnitudeConjecture.FiniteTauMatrix.RejectionProfile.meshCount_eq_add_one' depends on axioms: [propext,
 Classical.choice,
 Quot.sound]
'MagnitudeConjecture.FiniteTauMatrix.RejectionProfile.surplus_eq' depends on axioms: [propext,
 Classical.choice,
 Quot.sound]
'MagnitudeConjecture.FiniteTauMatrix.RejectionProfile.arrowCount_eq_add_two' depends on axioms: [propext,
 Classical.choice,
 Quot.sound]
'MagnitudeConjecture.FiniteTauMatrix.RejectionProfile.eulerMagnitude_eq' depends on axioms: [propext,
 Classical.choice,
 Quot.sound]
'MagnitudeConjecture.PosetSpace.boundaryReconstructionIso' depends on axioms: [propext, Classical.choice, Quot.sound]
'MagnitudeConjecture.PosetSpace.finitePosetSpaceBoundaryEquivalence' depends on axioms: [propext,
 Classical.choice,
 Quot.sound]
'MagnitudeConjecture.RightModule.FiniteIndecomposableSkeleton.exists_of_isRepresentationFinite' depends on axioms: [propext,
 Classical.choice,
 Quot.sound]
'MagnitudeConjecture.finiteIndecomposableDecomposition_module_exists' depends on axioms: [propext,
 Classical.choice,
 Quot.sound]
'MagnitudeConjecture.finiteIndecomposableDecomposition_fgModule_exists' depends on axioms: [propext,
 Classical.choice,
 Quot.sound]
'MagnitudeConjecture.RightModule.isRepresentationFinite_iff_finitelyGenerated' depends on axioms: [propext,
 Classical.choice,
 Quot.sound]
'MagnitudeConjecture.RightModule.FiniteIndecomposableSkeleton.obj_decomposition' depends on axioms: [propext,
 Classical.choice,
 Quot.sound]
'MagnitudeConjecture.RightModule.FiniteIndecomposableSkeleton.indecomposable_iff_obj' depends on axioms: [propext,
 Classical.choice,
 Quot.sound]
'MagnitudeConjecture.RightModule.FiniteIndecomposableSkeleton.fgObj_complete' depends on axioms: [propext,
 Classical.choice,
 Quot.sound]
'MagnitudeConjecture.RightModule.FiniteIndecomposableSkeleton.fgObj_decomposition' depends on axioms: [propext,
 Classical.choice,
 Quot.sound]
'MagnitudeConjecture.moduleCat_end_isLocalRing' depends on axioms: [propext, Classical.choice, Quot.sound]
'MagnitudeConjecture.rightRegularEndEquiv' depends on axioms: [propext, Quot.sound]
'MagnitudeConjecture.finiteDimensional_isLocalRing_of_idempotents' depends on axioms: [propext,
 Classical.choice,
 Quot.sound]
'MagnitudeConjecture.RightModule.FiniteIndecomposableSkeleton.fgObj_end_isLocalRing' depends on axioms: [propext,
 Classical.choice,
 Quot.sound]
'MagnitudeConjecture.CategoryTheory.homIdeal_isNilpotent_of_artinian_generator' depends on axioms: [propext,
 Classical.choice,
 Quot.sound]
'MagnitudeConjecture.RightModule.FiniteIndecomposableSkeleton.additiveGenerator_isFiniteAddGenerator' depends on axioms: [propext,
 Classical.choice,
 Quot.sound]
'MagnitudeConjecture.RightModule.FiniteIndecomposableSkeleton.fgNilpotentRadicalData' depends on axioms: [propext,
 Classical.choice,
 Quot.sound]
'MagnitudeConjecture.CategoryTheory.indecomposable_of_local_end' depends on axioms: [propext,
 Classical.choice,
 Quot.sound]
'MagnitudeConjecture.CategoryTheory.ShortComplex.ShortExact.isSplitMono_f_of_isSplitEpi_g' depends on axioms: [propext,
 Classical.choice,
 Quot.sound]
'MagnitudeConjecture.CategoryTheory.ShortComplex.ShortExact.isRightAlmostSplit_of_leftEndomorphismFactorization' depends on axioms: [propext,
 Classical.choice,
 Quot.sound]
'MagnitudeConjecture.isIdempotentComplete_fullSubcategory_of_stableUnderRetracts' depends on axioms: [propext]
'MagnitudeConjecture.CategoryTheory.indecomposable_idempotent_eq_zero_or_one' depends on axioms: [propext,
 Classical.choice,
 Quot.sound]
'MagnitudeConjecture.CategoryTheory.end_isLocalRing_of_finiteDimensional_indecomposable' depends on axioms: [propext,
 Classical.choice,
 Quot.sound]
'MagnitudeConjecture.CoveringHom.linearModuleCategory_isIdempotentComplete' depends on axioms: [propext,
 Classical.choice,
 Quot.sound]
'MagnitudeConjecture.CoveringHom.finiteDimensionalModuleCategory_isIdempotentComplete' depends on axioms: [propext,
 Classical.choice,
 Quot.sound]
'MagnitudeConjecture.CoveringHom.finiteDimensionalModuleEndEvaluation_injective' depends on axioms: [propext,
 Classical.choice,
 Quot.sound]
'MagnitudeConjecture.CoveringHom.finiteDimensionalModule_end_isLocalRing' depends on axioms: [propext,
 Classical.choice,
 Quot.sound]
'MagnitudeConjecture.RingEquiv.isLocalRing_noncomm' depends on axioms: [propext, Classical.choice, Quot.sound]
'MagnitudeConjecture.RightModule.FiniteIndecomposableSkeleton.almostSplitSkeleton' depends on axioms: [propext,
 Classical.choice,
 Quot.sound]
'MagnitudeConjecture.RightModule.FiniteIndecomposableSkeleton.contragredientFGObj_complete' depends on axioms: [propext,
 Classical.choice,
 Quot.sound]
'MagnitudeConjecture.RightModule.FiniteIndecomposableSkeleton.contragredientSkeleton' depends on axioms: [propext,
 Classical.choice,
 Quot.sound]
'MagnitudeConjecture.RightModule.FiniteIndecomposableSkeleton.contragredientAlignedBiduality' depends on axioms: [propext,
 Classical.choice,
 Quot.sound]
'MagnitudeConjecture.RightModule.PrimitiveIdempotentData.opposite' depends on axioms: [propext, Quot.sound]
'MagnitudeConjecture.RightModule.FiniteIndecomposableSkeleton.isAnnihilatedBy_primitiveIdeal_contragredient_iff' depends on axioms: [propext,
 Classical.choice,
 Quot.sound]
'MagnitudeConjecture.RightModule.FiniteIndecomposableSkeleton.mem_contragredient_primitiveKilledLabels_iff' depends on axioms: [propext,
 Classical.choice,
 Quot.sound]
'MagnitudeConjecture.RightModule.FiniteIndecomposableSkeleton.contragredient_primitiveKilledLabels' depends on axioms: [propext,
 Classical.choice,
 Quot.sound]
'QuotientSubmoduleEquidistribution.IsRightAlmostSplit.map_op_equivalence' depends on axioms: [propext,
 Classical.choice,
 Quot.sound]
'QuotientSubmoduleEquidistribution.IsLeftAlmostSplit.op' depends on axioms: [propext]
'QuotientSubmoduleEquidistribution.IsRightMinimal.map_op_equivalence' depends on axioms: [propext,
 Classical.choice,
 Quot.sound]
'QuotientSubmoduleEquidistribution.IsIrreducibleMorphism.op' depends on axioms: [propext, Classical.choice]
'QuotientSubmoduleEquidistribution.IsIrreducibleMorphism.map_equivalence' depends on axioms: [propext,
 Classical.choice,
 Quot.sound]
'QuotientSubmoduleEquidistribution.IsIrreducibleMorphism.precomp_iso' depends on axioms: [propext,
 Classical.choice,
 Quot.sound]
'QuotientSubmoduleEquidistribution.IsIrreducibleMorphism.postcomp_iso' depends on axioms: [propext,
 Classical.choice,
 Quot.sound]
'MagnitudeConjecture.BoundQuiver.StringPresentation.displayedArrowOneMiddleMesh' depends on axioms: [propext,
 Classical.choice,
 Quot.sound]
'MagnitudeConjecture.BoundQuiver.StringPresentation.displayedArrowOneMiddleMesh_injective' depends on axioms: [propext,
 Classical.choice,
 Quot.sound]
'MagnitudeConjecture.BoundQuiver.StringPresentation.natCard_displayedArrow_le_oneMiddleMeshCount' depends on axioms: [propext,
 Classical.choice,
 Quot.sound]
'MagnitudeConjecture.CategoryTheory.RightAlmostSplitDecompositionBound.mono' depends on axioms: [propext,
 Classical.choice,
 Quot.sound]
'MagnitudeConjecture.CategoryTheory.nonempty_leftTermIso_of_shortExact_minimalRightAlmostSplit' depends on axioms: [propext,
 Classical.choice,
 Quot.sound]
'MagnitudeConjecture.BoundQuiver.StringWord.Word.NegativeExtension.positiveWord_eq_of_vertexBoundary_steps_eq' depends on axioms: [propext,
 Classical.choice,
 Quot.sound]
'MagnitudeConjecture.BoundQuiver.StringWord.Word.HookExtension.tail_positiveWord_eq_canonicalKernelWord' depends on axioms: [propext,
 Classical.choice,
 Quot.sound]
'MagnitudeConjecture.BoundQuiver.StringWord.Word.FiniteUnaryBoundary.kernelWord_eq_canonicalKernelWord' depends on axioms: [propext,
 Classical.choice,
 Quot.sound]
'MagnitudeConjecture.BoundQuiver.StringPresentation.nonempty_algebraOneMiddleLiteralBoundary' depends on axioms: [propext,
 Classical.choice,
 Quot.sound]
'MagnitudeConjecture.BoundQuiver.StringPresentation.oneMiddleMeshDisplayedArrow' depends on axioms: [propext,
 Classical.choice,
 Quot.sound]
'MagnitudeConjecture.BoundQuiver.StringPresentation.oneMiddleMeshDisplayedArrow_injective' depends on axioms: [propext,
 Classical.choice,
 Quot.sound]
'MagnitudeConjecture.BoundQuiver.StringPresentation.displayedArrowOneMiddleMesh_surjective' depends on axioms: [propext,
 Classical.choice,
 Quot.sound]
'MagnitudeConjecture.BoundQuiver.StringPresentation.displayedArrowOneMiddleMeshEquiv' depends on axioms: [propext,
 Classical.choice,
 Quot.sound]
'MagnitudeConjecture.BoundQuiver.StringPresentation.oneMiddleMeshCount_eq_natCard_displayedArrow' depends on axioms: [propext,
 Classical.choice,
 Quot.sound]
'MagnitudeConjecture.BoundQuiver.StringPresentation.quotientCategoryAlgebra_surplus_eq_zero' depends on axioms: [propext,
 Classical.choice,
 Quot.sound]
'QuotientSubmoduleEquidistribution.cokernelPrecompMapOpIsoKernel' depends on axioms: [propext,
 Classical.choice,
 Quot.sound]
'MagnitudeConjecture.RightModule.FiniteIndecomposableSkeleton.contragredientNonprojectiveLabel' depends on axioms: [propext,
 Classical.choice,
 Quot.sound]
'MagnitudeConjecture.RightModule.FiniteIndecomposableSkeleton.contragredient_rightTranslationLabel_eq_inverse' depends on axioms: [propext,
 Classical.choice,
 Quot.sound]
'MagnitudeConjecture.RightModule.primitiveQuotientContragredientEquivalence' depends on axioms: [propext,
 Classical.choice,
 Quot.sound]
'MagnitudeConjecture.RightModule.FiniteIndecomposableSkeleton.PrimitiveNewRightMeshEndpoint.sourceLabel_not_injective_primitiveQuotient' depends on axioms: [propext,
 Classical.choice,
 Quot.sound]
'MagnitudeConjecture.RightModule.FiniteIndecomposableSkeleton.PrimitiveNewRightMeshEndpoint.contragredient_sourceLabel_quotient_nonprojective' depends on axioms: [propext,
 Classical.choice,
 Quot.sound]
'MagnitudeConjecture.RightModule.FiniteIndecomposableSkeleton.PrimitiveNewRightMeshEndpoint.contragredientNewMeshEndpoint' depends on axioms: [propext,
 Classical.choice,
 Quot.sound]
'MagnitudeConjecture.RightModule.FiniteIndecomposableSkeleton.indecomposableMultiplicity_map_alignedAntiEquivalence' depends on axioms: [propext,
 Classical.choice,
 Quot.sound]
'MagnitudeConjecture.RightModule.FiniteIndecomposableSkeleton.arrowMultiplicity_eq_inverseTranslation' depends on axioms: [propext,
 Classical.choice,
 Quot.sound]
'MagnitudeConjecture.RightModule.FiniteIndecomposableSkeleton.natCard_standardFormArrow' depends on axioms: [propext,
 Classical.choice,
 Quot.sound]
'MagnitudeConjecture.RightModule.FiniteIndecomposableSkeleton.standardFormRightMeshData' depends on axioms: [propext,
 Classical.choice,
 Quot.sound]
'MagnitudeConjecture.MeshCategory.RightMeshData.additiveRightMesh_isWeakKernel' depends on axioms: [propext,
 Classical.choice,
 Quot.sound]
'MagnitudeConjecture.MeshCategory.RightMeshData.additiveIncomingMap_mono_of_projective' depends on axioms: [propext,
 Classical.choice,
 Quot.sound]
'MagnitudeConjecture.MeshCategory.RightMeshData.riedtmannConditionBAt_iff_epi_additiveIncomingMap' depends on axioms: [propext,
 Classical.choice,
 Quot.sound]
'MagnitudeConjecture.MeshCategory.RightMeshData.riedtmannConditionB_iff_epi_additiveIncomingMap' depends on axioms: [propext,
 Classical.choice,
 Quot.sound]
'MagnitudeConjecture.MeshCategory.RightMeshData.Cover.mapPath_meshPath' depends on axioms: [Quot.sound]
'MagnitudeConjecture.MeshCategory.RightMeshData.Cover.lift_map_meshRelation' depends on axioms: [propext,
 Classical.choice,
 Quot.sound]
'MagnitudeConjecture.MeshCategory.RightMeshData.Cover.functor_map_quotient_pathHom' depends on axioms: [propext,
 Classical.choice,
 Quot.sound]
'MagnitudeConjecture.LinearCovering.bijective_of_surjective_quotient_square' depends on axioms: [propext,
 Classical.choice,
 Quot.sound]
'MagnitudeConjecture.MeshCategory.RightMeshData.Cover.targetFreeFiberHomEquiv_eq_map' depends on axioms: [propext,
 Classical.choice,
 Quot.sound]
'MagnitudeConjecture.MeshCategory.RightMeshData.Cover.targetFiber_quotient_square' depends on axioms: [propext,
 Classical.choice,
 Quot.sound]
'MagnitudeConjecture.MeshCategory.RightMeshData.Cover.functor_isCovering_of_hasMeshIdealLifting' depends on axioms: [propext,
 Classical.choice,
 Quot.sound]
'MagnitudeConjecture.MeshCategory.RightMeshData.Cover.exists_lifted_nonprojective_of_tau_fiber' depends on axioms: [propext,
 Classical.choice,
 Quot.sound]
'MagnitudeConjecture.MeshCategory.RightMeshData.Cover.source_basisComposite_has_ideal_preimage' depends on axioms: [propext,
 Classical.choice,
 Quot.sound]
'MagnitudeConjecture.MeshCategory.RightMeshData.Cover.target_basisComposite_has_ideal_preimage' depends on axioms: [propext,
 Classical.choice,
 Quot.sound]
'MagnitudeConjecture.MeshCategory.RightMeshData.Cover.hasMeshIdealLifting' depends on axioms: [propext,
 Classical.choice,
 Quot.sound]
'MagnitudeConjecture.MeshCategory.RightMeshData.Cover.functor_isCovering' depends on axioms: [propext,
 Classical.choice,
 Quot.sound]
'MagnitudeConjecture.MeshCategory.RightMeshData.UniversalCover.extend_mesh' depends on axioms: [Quot.sound]
'MagnitudeConjecture.MeshCategory.RightMeshData.UniversalCover.projection_isCovering' depends on axioms: [Quot.sound]
'MagnitudeConjecture.MeshCategory.RightMeshData.UniversalCover.pairedArrow_surjective' depends on axioms: [Quot.sound]
'MagnitudeConjecture.MeshCategory.RightMeshData.UniversalCover.cover' depends on axioms: [propext,
 Classical.choice,
 Quot.sound]
'MagnitudeConjecture.MeshCategory.RightMeshData.UniversalCover.meshFunctor_isCovering' depends on axioms: [propext,
 Classical.choice,
 Quot.sound]
'MagnitudeConjecture.MeshCategory.RightMeshData.UniversalCover.Homotopic.walkDegree_eq' depends on axioms: [propext,
 Quot.sound]
'MagnitudeConjecture.MeshCategory.RightMeshData.UniversalCover.vertexDegree_arrow' depends on axioms: [propext,
 Quot.sound]
'MagnitudeConjecture.MeshCategory.RightMeshData.UniversalCover.vertexDegree_tau' depends on axioms: [propext,
 Quot.sound]
'MagnitudeConjecture.MeshCategory.RightMeshData.UniversalCover.vertexHeight_arrow' depends on axioms: [propext,
 Quot.sound]
'MagnitudeConjecture.MeshCategory.RightMeshData.UniversalCover.vertexHeight_arrow_positive_target_or_nonpositive_source' depends on axioms: [propext,
 Quot.sound]
'MagnitudeConjecture.MeshCategory.RightMeshData.UniversalCover.Homotopic.reverse' depends on axioms: [propext,
 Quot.sound]
'MagnitudeConjecture.MeshCategory.RightMeshData.UniversalCover.fundamentalGroup' depends on axioms: [propext,
 Quot.sound]
'MagnitudeConjecture.MeshCategory.RightMeshData.UniversalCover.deck_smul_injective' depends on axioms: [propext,
 Quot.sound]
'MagnitudeConjecture.MeshCategory.RightMeshData.UniversalCover.deckCover' depends on axioms: [propext,
 Classical.choice,
 Quot.sound]
'MagnitudeConjecture.MeshCategory.RightMeshData.UniversalCover.vertexOrbitEquiv' depends on axioms: [propext,
 Classical.choice,
 Quot.sound]
'MagnitudeConjecture.LinearCovering.IsCovering.map_bijective_of_obj_injective' depends on axioms: [propext,
 Classical.choice,
 Quot.sound]
'MagnitudeConjecture.LinearCovering.IsCovering.isEquivalenceOfObjBijective' depends on axioms: [propext,
 Classical.choice,
 Quot.sound]
'MagnitudeConjecture.MeshCategory.RightMeshData.Cover.functorUsingSourceFintype_isCovering' depends on axioms: [propext,
 Classical.choice,
 Quot.sound]
'MagnitudeConjecture.MeshCategory.RightMeshData.UniversalCover.deckMeshEndofunctor_isEquivalence' depends on axioms: [propext,
 Classical.choice,
 Quot.sound]
'MagnitudeConjecture.MeshCategory.RightMeshData.UniversalCover.deckMeshEndofunctorOneIso' depends on axioms: [propext,
 Classical.choice,
 Quot.sound]
'MagnitudeConjecture.MeshCategory.RightMeshData.UniversalCover.deckMeshEndofunctorMulIso' depends on axioms: [propext,
 Classical.choice,
 Quot.sound]
'MagnitudeConjecture.MeshCategory.RightMeshData.UniversalCover.rawMeshDeckIsCancelSMul' depends on axioms: [propext,
 Classical.choice,
 Quot.sound]
'MagnitudeConjecture.MeshCategory.RightMeshData.UniversalCover.deckMeshShiftCore' depends on axioms: [propext,
 Classical.choice,
 Quot.sound]
'MagnitudeConjecture.MeshCategory.RightMeshData.UniversalCover.deckMeshCoherentDeckShift' depends on axioms: [propext,
 Classical.choice,
 Quot.sound]
'MagnitudeConjecture.MeshCategory.RightMeshData.UniversalCover.deckShiftTargetFiberEquiv' depends on axioms: [propext,
 Classical.choice,
 Quot.sound]
'MagnitudeConjecture.MeshCategory.RightMeshData.UniversalCover.meshProjectionCommShift' depends on axioms: [propext,
 Classical.choice,
 Quot.sound]
'MagnitudeConjecture.MeshCategory.RightMeshData.UniversalCover.meshShiftOrbitProjectionHomLinearEquiv' depends on axioms: [propext,
 Classical.choice,
 Quot.sound]
'MagnitudeConjecture.MeshCategory.RightMeshData.UniversalCover.meshShiftOrbitProjectionFunctor_isEquivalence' depends on axioms: [propext,
 Classical.choice,
 Quot.sound]
'MagnitudeConjecture.MeshCategory.RightMeshData.UniversalCover.meshShiftOrbitEquivalence' depends on axioms: [propext,
 Classical.choice,
 Quot.sound]
'Prefunctor.IsCovering.pathCostar_bijective' depends on axioms: [propext, Classical.choice, Quot.sound]
'MagnitudeConjecture.LinearPathCategory.targetPathMap_bijective' depends on axioms: [propext,
 Classical.choice,
 Quot.sound]
'MagnitudeConjecture.LinearPathCategory.prefunctorFunctor_isCovering' depends on axioms: [propext,
 Classical.choice,
 Quot.sound]
'MagnitudeConjecture.RightModule.FiniteIndecomposableSkeleton.standardFormAdditiveRightMesh_isWeakKernel' depends on axioms: [propext,
 Classical.choice,
 Quot.sound]
'MagnitudeConjecture.RightModule.FiniteIndecomposableSkeleton.standardFormAdditiveIncomingMap_mono_of_projective' depends on axioms: [propext,
 Classical.choice,
 Quot.sound]
'MagnitudeConjecture.RightModule.FiniteIndecomposableSkeleton.standardFormRiedtmannConditionB_iff_incoming_epi' depends on axioms: [propext,
 Classical.choice,
 Quot.sound]
'MagnitudeConjecture.RightModule.FiniteIndecomposableSkeleton.card_standardFormOccurrence' depends on axioms: [propext,
 Classical.choice,
 Quot.sound]
'MagnitudeConjecture.RightModule.FiniteIndecomposableSkeleton.standardFormRightSink_isRightAlmostSplit' depends on axioms: [propext,
 Classical.choice,
 Quot.sound]
'MagnitudeConjecture.RightModule.FiniteIndecomposableSkeleton.standardFormUniversalArrowMap_isIrreducible' depends on axioms: [propext,
 Classical.choice,
 Quot.sound]
'MagnitudeConjecture.RightModule.FiniteIndecomposableSkeleton.standardFormUniversalMiddleStarEquiv_apply' depends on axioms: [propext,
 Classical.choice,
 Quot.sound]
'MagnitudeConjecture.RightModule.FiniteIndecomposableSkeleton.rightMiddleInclusion_standardFormUniversalRealizedSink' depends on axioms: [propext,
 Classical.choice,
 Quot.sound]
'MagnitudeConjecture.RightModule.FiniteIndecomposableSkeleton.standardFormUniversalRealizedSink_arrowMap' depends on axioms: [propext,
 Classical.choice,
 Quot.sound]
'MagnitudeConjecture.RightModule.FiniteIndecomposableSkeleton.standardFormUniversalSinkArrowMap_realizedSink' depends on axioms: [propext,
 Classical.choice,
 Quot.sound]
'MagnitudeConjecture.RightModule.FiniteIndecomposableSkeleton.replaceStandardFormUniversalArrowMapAtHeight_eq' depends on axioms: [propext,
 Classical.choice,
 Quot.sound]
'MagnitudeConjecture.RightModule.FiniteIndecomposableSkeleton.standardFormRightSource_isLeftAlmostSplit' depends on axioms: [propext,
 Classical.choice,
 Quot.sound]
'MagnitudeConjecture.RightModule.FiniteIndecomposableSkeleton.standardFormUniversalRealizedSource_rightMiddleProjection' depends on axioms: [propext,
 Classical.choice,
 Quot.sound]
'MagnitudeConjecture.RightModule.FiniteIndecomposableSkeleton.standardFormUniversalRealizedSink_replaceAtHeight_eq' depends on axioms: [propext,
 Classical.choice,
 Quot.sound]
'MagnitudeConjecture.RightModule.FiniteIndecomposableSkeleton.StandardFormUniversalSinkCondition.replaceAtHeight' depends on axioms: [propext,
 Classical.choice,
 Quot.sound]
'MagnitudeConjecture.RightModule.FiniteIndecomposableSkeleton.duplicateOccurrenceLinearMap_injective' depends on axioms: [propext,
 Classical.choice,
 Quot.sound]
'MagnitudeConjecture.RightModule.FiniteIndecomposableSkeleton.rightMesh_finrank_eq_translation_add_endpoint' depends on axioms: [propext,
 Classical.choice,
 Quot.sound]
'MagnitudeConjecture.RightModule.FiniteIndecomposableSkeleton.exists_multipleArrow_pair_of_multipleArrow' depends on axioms: [propext,
 Classical.choice,
 Quot.sound]
'MagnitudeConjecture.RightModule.FiniteIndecomposableSkeleton.arrowMultiplicity_le_one' depends on axioms: [propext,
 Classical.choice,
 Quot.sound]
'MagnitudeConjecture.RightModule.FiniteIndecomposableSkeleton.standardFormArrow_subsingleton' depends on axioms: [propext,
 Classical.choice,
 Quot.sound]
'MagnitudeConjecture.RightModule.FiniteIndecomposableSkeleton.standardFormRightMiddleLabel_injective' depends on axioms: [propext,
 Classical.choice,
 Quot.sound]
'MagnitudeConjecture.RightModule.FiniteIndecomposableSkeleton.StandardFormUniversalSinkCondition.arrow_isIrreducible' depends on axioms: [propext,
 Classical.choice,
 Quot.sound]
'MagnitudeConjecture.RightModule.FiniteIndecomposableSkeleton.StandardFormUniversalSinkCondition.exists_realizedSource_iso' depends on axioms: [propext,
 Classical.choice,
 Quot.sound]
'MagnitudeConjecture.RightModule.FiniteIndecomposableSkeleton.StandardFormUniversalSinkCondition.realizedSource_comp_normalizedSink' depends on axioms: [propext,
 Classical.choice,
 Quot.sound]
'MagnitudeConjecture.RightModule.FiniteIndecomposableSkeleton.StandardFormUniversalSinkCondition.normalizeAtHeight_sinkCondition' depends on axioms: [propext,
 Classical.choice,
 Quot.sound]
'MagnitudeConjecture.RightModule.FiniteIndecomposableSkeleton.StandardFormUniversalSinkCondition.normalizeAtHeight_mesh_zero' depends on axioms: [propext,
 Classical.choice,
 Quot.sound]
'MagnitudeConjecture.RightModule.FiniteIndecomposableSkeleton.standardFormUniversalPositiveArrowMap_eq_stage_of_height_eq_nat' depends on axioms: [propext,
 Classical.choice,
 Quot.sound]
'MagnitudeConjecture.RightModule.FiniteIndecomposableSkeleton.standardFormUniversalPositiveRealizedSource_eq_stage_succ' depends on axioms: [propext,
 Classical.choice,
 Quot.sound]
'MagnitudeConjecture.RightModule.FiniteIndecomposableSkeleton.standardFormUniversalPositiveArrowMap_sinkCondition' depends on axioms: [propext,
 Classical.choice,
 Quot.sound]
'MagnitudeConjecture.RightModule.FiniteIndecomposableSkeleton.standardFormUniversalPositive_mesh_zero' depends on axioms: [propext,
 Classical.choice,
 Quot.sound]
'MagnitudeConjecture.RightModule.FiniteIndecomposableSkeleton.StandardFormUniversalSourceCondition.exists_realizedSink_iso' depends on axioms: [propext,
 Classical.choice,
 Quot.sound]
'MagnitudeConjecture.RightModule.FiniteIndecomposableSkeleton.StandardFormUniversalSourceCondition.normalizeAtTargetHeight_sourceCondition' depends on axioms: [propext,
 Classical.choice,
 Quot.sound]
'MagnitudeConjecture.RightModule.FiniteIndecomposableSkeleton.StandardFormUniversalSourceCondition.normalizeAtTargetHeight_mesh_zero' depends on axioms: [propext,
 Classical.choice,
 Quot.sound]
'MagnitudeConjecture.RightModule.FiniteIndecomposableSkeleton.standardFormUniversalNormalizedArrowMap_isIrreducible' depends on axioms: [propext,
 Classical.choice,
 Quot.sound]
'MagnitudeConjecture.RightModule.FiniteIndecomposableSkeleton.standardFormUniversalNormalized_mesh_zero' depends on axioms: [propext,
 Classical.choice,
 Quot.sound]
'MagnitudeConjecture.RightModule.FiniteIndecomposableSkeleton.standardFormUniversalNormalized_lift_map_meshRelation' depends on axioms: [propext,
 Classical.choice,
 Quot.sound]
'MagnitudeConjecture.RightModule.FiniteIndecomposableSkeleton.standardFormUniversalNormalized_lift_map_meshRelation_zero' depends on axioms: [propext,
 Classical.choice,
 Quot.sound]
'MagnitudeConjecture.RightModule.FiniteIndecomposableSkeleton.standardFormUniversalMeshFunctor_map_arrow' depends on axioms: [propext,
 Classical.choice,
 Quot.sound]
'MagnitudeConjecture.RightModule.FiniteIndecomposableSkeleton.standardFormUniversalMeshFunctor_map_arrow_isIrreducible' depends on axioms: [propext,
 Classical.choice,
 Quot.sound]
'MagnitudeConjecture.RightModule.FiniteIndecomposableSkeleton.standardFormUniversalNormalizedRealizedSink_isRightAlmostSplit' depends on axioms: [propext,
 Classical.choice,
 Quot.sound]
'MagnitudeConjecture.RightModule.FiniteIndecomposableSkeleton.standardFormUniversalIndecMeshFunctor_map_middleHom' depends on axioms: [propext,
 Classical.choice,
 Quot.sound]
'MagnitudeConjecture.MeshCategory.RightMeshData.exists_eq_rawDiagonalScalar_add_rawIncomingSum' depends on axioms: [propext,
 Classical.choice,
 Quot.sound]
'MagnitudeConjecture.RightModule.FiniteIndecomposableSkeleton.standardFormRightSource_factors_of_comp_rightSink_eq_zero' depends on axioms: [propext,
 Classical.choice,
 Quot.sound]
'MagnitudeConjecture.RightModule.FiniteIndecomposableSkeleton.standardFormUniversalNormalizedRealizedSource_isLeftAlmostSplit' depends on axioms: [propext,
 Classical.choice,
 Quot.sound]
'MagnitudeConjecture.RightModule.FiniteIndecomposableSkeleton.standardFormUniversalNormalizedRealizedSource_isLeftMinimal' depends on axioms: [propext,
 Classical.choice,
 Quot.sound]
'MagnitudeConjecture.RightModule.FiniteIndecomposableSkeleton.standardFormUniversal_exists_sourceFiber_eq_diagonal_add_incoming' depends on axioms: [propext,
 Classical.choice,
 Quot.sound]
'MagnitudeConjecture.RightModule.FiniteIndecomposableSkeleton.standardFormUniversalNormalizedRealizedSource_factors_of_comp_sink_eq_zero' depends on axioms: [propext,
 Classical.choice,
 Quot.sound]
'MagnitudeConjecture.RightModule.FiniteIndecomposableSkeleton.standardFormUniversal_projective_incoming_exact' depends on axioms: [propext,
 Classical.choice,
 Quot.sound]
'MagnitudeConjecture.RightModule.FiniteIndecomposableSkeleton.standardFormUniversal_nonprojective_incoming_exact' depends on axioms: [propext,
 Classical.choice,
 Quot.sound]
'MagnitudeConjecture.RightModule.FiniteIndecomposableSkeleton.standardFormUniversal_scalar_eq_zero_of_add_incoming_eq_zero' depends on axioms: [propext,
 Classical.choice,
 Quot.sound]
'MagnitudeConjecture.LinearCovering.sourceFiberPostcomp_comp' depends on axioms: [propext, Classical.choice, Quot.sound]
'MagnitudeConjecture.MeshCategory.RightMeshData.raw_paired_incomingSum_eq_zero' depends on axioms: [propext,
 Classical.choice,
 Quot.sound]
'MagnitudeConjecture.RightModule.FiniteIndecomposableSkeleton.standardFormUniversal_paired_sourceFiber_sum_eq_zero' depends on axioms: [propext,
 Classical.choice,
 Quot.sound]
'MagnitudeConjecture.RightModule.FiniteIndecomposableSkeleton.standardFormUniversal_projective_incomingStar_exact' depends on axioms: [propext,
 Classical.choice,
 Quot.sound]
'MagnitudeConjecture.RightModule.FiniteIndecomposableSkeleton.standardFormUniversal_nonprojective_incomingStar_exact' depends on axioms: [propext,
 Classical.choice,
 Quot.sound]
'MagnitudeConjecture.RightModule.FiniteIndecomposableSkeleton.standardFormUniversal_scalar_eq_zero_of_add_incomingStar_eq_zero' depends on axioms: [propext,
 Classical.choice,
 Quot.sound]
'MagnitudeConjecture.RightModule.FiniteIndecomposableSkeleton.standardFormUniversal_sourceFiber_kernel_peel' depends on axioms: [propext,
 Classical.choice,
 Quot.sound]
'MagnitudeConjecture.RightModule.FiniteIndecomposableSkeleton.standardFormUniversal_exists_sourceFiber_mod_radicalPower' depends on axioms: [propext,
 Classical.choice,
 Quot.sound]
'MagnitudeConjecture.RightModule.FiniteIndecomposableSkeleton.standardFormUniversal_sourceFiberHomMap_surjective' depends on axioms: [propext,
 Classical.choice,
 Quot.sound]
'MagnitudeConjecture.LinearCovering.sourceFiberPostcomp_apply' depends on axioms: [propext,
 Classical.choice,
 Quot.sound]
'MagnitudeConjecture.MeshCategory.eq_zero_of_mem_lengthTail_all' depends on axioms: [propext,
 Classical.choice,
 Quot.sound]
'MagnitudeConjecture.RightModule.FiniteIndecomposableSkeleton.standardFormUniversal_sourceFiberPostcomp_inLengthTail_succ' depends on axioms: [propext,
 Classical.choice,
 Quot.sound]
'MagnitudeConjecture.RightModule.FiniteIndecomposableSkeleton.standardFormUniversal_sourceFiber_kernel_mem_lengthTail' depends on axioms: [propext,
 Classical.choice,
 Quot.sound]
'MagnitudeConjecture.RightModule.FiniteIndecomposableSkeleton.standardFormUniversal_sourceFiberHomMap_bijective' depends on axioms: [propext,
 Classical.choice,
 Quot.sound]
'QuotientSubmoduleEquidistribution.IndecomposableSkeleton.finrank_irreducibleHomSpace_eq_card_leftAROccurrence_of_isAlgClosed' depends on axioms: [propext,
 Classical.choice,
 Quot.sound]
'MagnitudeConjecture.RightModule.FiniteIndecomposableSkeleton.minimalLeftAlmostSplitAt_label_injective' depends on axioms: [propext,
 Classical.choice,
 Quot.sound]
'MagnitudeConjecture.RightModule.FiniteIndecomposableSkeleton.standardFormUniversalRealizedOutgoingSource_isLeftAlmostSplit' depends on axioms: [propext,
 Classical.choice,
 Quot.sound]
'MagnitudeConjecture.LinearCovering.targetFiberPrecomp_comp' depends on axioms: [propext, Classical.choice, Quot.sound]
'MagnitudeConjecture.RightModule.FiniteIndecomposableSkeleton.standardFormUniversal_targetFiberHomMap_surjective' depends on axioms: [propext,
 Classical.choice,
 Quot.sound]
'MagnitudeConjecture.MeshCategory.RightMeshData.outgoingArrowHom_mem_lengthComponent_one' depends on axioms: [propext,
 Classical.choice,
 Quot.sound]
'MagnitudeConjecture.RightModule.FiniteIndecomposableSkeleton.standardFormUniversal_noninjective_outgoingCostar_exact' depends on axioms: [propext,
 Classical.choice,
 Quot.sound]
'MagnitudeConjecture.RightModule.FiniteIndecomposableSkeleton.standardFormUniversal_noninjective_paired_targetFiber_sum_eq_zero' depends on axioms: [propext,
 Classical.choice,
 Quot.sound]
'MagnitudeConjecture.RightModule.FiniteIndecomposableSkeleton.standardFormUniversal_targetFiber_kernel_peel' depends on axioms: [propext,
 Classical.choice,
 Quot.sound]
'MagnitudeConjecture.RightModule.FiniteIndecomposableSkeleton.standardFormUniversal_targetFiberPrecomp_inLengthTail_succ' depends on axioms: [propext,
 Classical.choice,
 Quot.sound]
'MagnitudeConjecture.RightModule.FiniteIndecomposableSkeleton.standardFormUniversal_targetFiber_kernel_mem_lengthTail' depends on axioms: [propext,
 Classical.choice,
 Quot.sound]
'MagnitudeConjecture.RightModule.FiniteIndecomposableSkeleton.standardFormUniversal_targetFiberHomMap_bijective' depends on axioms: [propext,
 Classical.choice,
 Quot.sound]
'MagnitudeConjecture.RightModule.FiniteIndecomposableSkeleton.standardFormUniversalIndecMeshFunctor_isCovering' depends on axioms: [propext,
 Classical.choice,
 Quot.sound]
'MagnitudeConjecture.LinearPathCategory.pathMap_mem_ideal_pow' depends on axioms: [propext,
 Classical.choice,
 Quot.sound]
'MagnitudeConjecture.RightModule.FiniteIndecomposableSkeleton.exists_standardFormUniversal_pathHom_eq_zero' depends on axioms: [propext,
 Classical.choice,
 Quot.sound]
'MagnitudeConjecture.RightModule.FiniteIndecomposableSkeleton.UniversalCover.targetFiberEquiv' depends on axioms: [propext,
 Classical.choice,
 Quot.sound]
'MagnitudeConjecture.RightModule.FiniteIndecomposableSkeleton.UniversalCover.sourceFiberHomReindexLinearEquiv' depends on axioms: [propext,
 Classical.choice,
 Quot.sound]
'MagnitudeConjecture.RightModule.FiniteIndecomposableSkeleton.UniversalCover.sourceFiberHomReindexLinearEquiv_sourceFiberPostcomp' depends on axioms: [propext,
 Classical.choice,
 Quot.sound]
'MagnitudeConjecture.RightModule.FiniteIndecomposableSkeleton.UniversalCover.meshHomLinearEquivFGIndec' depends on axioms: [propext,
 Classical.choice,
 Quot.sound]
'MagnitudeConjecture.RightModule.FiniteIndecomposableSkeleton.UniversalCover.meshHomLinearEquivFGIndec_precomp' depends on axioms: [propext,
 Classical.choice,
 Quot.sound]
'MagnitudeConjecture.RightModule.FiniteIndecomposableSkeleton.UniversalCover.meshHomLinearEquivFGIndecFixedTarget' depends on axioms: [propext,
 Classical.choice,
 Quot.sound]
'MagnitudeConjecture.RightModule.FiniteIndecomposableSkeleton.UniversalCover.meshHomLinearEquivFGIndecFixedTargetFiber' depends on axioms: [propext,
 Classical.choice,
 Quot.sound]
'MagnitudeConjecture.RightModule.FiniteIndecomposableSkeleton.UniversalCover.meshHomLinearEquivFGIndecFixedTarget_postcomp' depends on axioms: [propext,
 Classical.choice,
 Quot.sound]
'MagnitudeConjecture.RightModule.FiniteIndecomposableSkeleton.standardFormMeshHomFinite' depends on axioms: [propext,
 Classical.choice,
 Quot.sound]
'MagnitudeConjecture.RightModule.FiniteIndecomposableSkeleton.standardFormRiedtmannConditionB' depends on axioms: [propext,
 Classical.choice,
 Quot.sound]
'MagnitudeConjecture.RightModule.projectiveNakayamaEndRingEquiv' depends on axioms: [propext,
 Classical.choice,
 Quot.sound]
'MagnitudeConjecture.fgEnd_isLocalRing_of_indecomposable' depends on axioms: [propext, Classical.choice, Quot.sound]
'MagnitudeConjecture.moduleSocle_isSimple_of_injective_indecomposable' depends on axioms: [propext,
 Classical.choice,
 Quot.sound]
'MagnitudeConjecture.RightModule.projectiveNakayamaFGObj_indecomposable' depends on axioms: [propext,
 Classical.choice,
 Quot.sound]
'MagnitudeConjecture.RightModule.projectiveNakayamaFGObj_moduleSocle_isSimple' depends on axioms: [propext,
 Classical.choice,
 Quot.sound]
'MagnitudeConjecture.RightModule.FiniteIndecomposableSkeleton.standardFormProjectiveNakayamaIndecomposable' depends on axioms: [propext,
 Classical.choice,
 Quot.sound]
'MagnitudeConjecture.RightModule.FiniteIndecomposableSkeleton.standardFormProjectiveNakayamaHomEquiv' depends on axioms: [propext,
 Classical.choice,
 Quot.sound]
'MagnitudeConjecture.RightModule.FiniteIndecomposableSkeleton.standardFormProjectiveNakayamaPairingEquiv' depends on axioms: [propext,
 Classical.choice,
 Quot.sound]
'MagnitudeConjecture.RightModule.FiniteIndecomposableSkeleton.standardFormProjectiveNakayamaPairingEquiv_apply' depends on axioms: [propext,
 Classical.choice,
 Quot.sound]
'MagnitudeConjecture.RightModule.FiniteIndecomposableSkeleton.standardFormProjectiveNakayamaFGIndecPairingEquiv' depends on axioms: [propext,
 Classical.choice,
 Quot.sound]
'MagnitudeConjecture.RightModule.FiniteIndecomposableSkeleton.standardFormProjectiveNakayamaFGIndecPairingEquiv_apply' depends on axioms: [propext,
 Classical.choice,
 Quot.sound]
'MagnitudeConjecture.RightModule.FiniteIndecomposableSkeleton.standardFormProjectiveNakayamaTargetFiber_nonempty' depends on axioms: [propext,
 Classical.choice,
 Quot.sound]
'MagnitudeConjecture.RightModule.FiniteIndecomposableSkeleton.standardFormProjectiveNakayamaTargetFiber' depends on axioms: [propext,
 Classical.choice,
 Quot.sound]
'MagnitudeConjecture.RightModule.FiniteIndecomposableSkeleton.standardFormMeshNakayamaPairingEquiv' depends on axioms: [propext,
 Classical.choice,
 Quot.sound]
'MagnitudeConjecture.RightModule.FiniteIndecomposableSkeleton.standardFormMeshNakayamaPairingEquiv_bijective' depends on axioms: [propext,
 Classical.choice,
 Quot.sound]
'MagnitudeConjecture.RightModule.FiniteIndecomposableSkeleton.standardFormProjectiveNakayamaLinearModuleIso' depends on axioms: [propext,
 Classical.choice,
 Quot.sound]
'MagnitudeConjecture.RightModule.FiniteIndecomposableSkeleton.standardFormFiniteCovariantRepresentables' depends on axioms: [propext,
 Classical.choice,
 Quot.sound]
'MagnitudeConjecture.RightModule.FiniteIndecomposableSkeleton.standardFormProjectiveMeshCategoryEndLocal' depends on axioms: [propext,
 Classical.choice,
 Quot.sound]
'MagnitudeConjecture.RightModule.FiniteIndecomposableSkeleton.standardFormProjectiveMeshCategorySkeletal' depends on axioms: [propext,
 Classical.choice,
 Quot.sound]
'MagnitudeConjecture.RightModule.FiniteIndecomposableSkeleton.standardFormProjectiveMeshCategoryIsLocallyBounded' depends on axioms: [propext,
 Classical.choice,
 Quot.sound]
'MagnitudeConjecture.MeshCategory.RightMeshData.range_incomingSumLinearMap_eq_lengthTail_one' depends on axioms: [propext,
 Classical.choice,
 Quot.sound]
'MagnitudeConjecture.MeshCategory.RightMeshData.simpleValueSelfScalarLinearMap_bijective' depends on axioms: [propext,
 Classical.choice,
 Quot.sound]
'MagnitudeConjecture.MeshCategory.RightMeshData.incomingMap_comp_simpleProjection' depends on axioms: [propext,
 Classical.choice,
 Quot.sound]
'MagnitudeConjecture.MeshCategory.RightMeshData.range_incomingMap_app_eq_ker_simpleProjection_app' depends on axioms: [propext,
 Classical.choice,
 Quot.sound]
'MagnitudeConjecture.LinearPathCategory.incomingSumLinearMap_injective' depends on axioms: [propext,
 Classical.choice,
 Quot.sound]
'MagnitudeConjecture.MeshCategory.RightMeshData.meshIdeal_hasNonprojectiveEndingNormalForm' depends on axioms: [propext,
 Classical.choice,
 Quot.sound]
'MagnitudeConjecture.MeshCategory.RightMeshData.meshIdeal_hasProjectiveEndingNormalForm' depends on axioms: [propext,
 Classical.choice,
 Quot.sound]
'MagnitudeConjecture.MeshCategory.RightMeshData.meshIdealHom_le_ker_pathCoefficient' depends on axioms: [propext,
 Classical.choice,
 Quot.sound]
'MagnitudeConjecture.MeshCategory.RightMeshData.quotient_map_pathHom_ne_zero_of_isMeshSectional' depends on axioms: [propext,
 Classical.choice,
 Quot.sound]
'MagnitudeConjecture.MeshCategory.exists_uniform_lengthComponent_cutoff' depends on axioms: [propext,
 Classical.choice,
 Quot.sound]
'MagnitudeConjecture.RepetitionQuiver.OrientedTree.liftWalk_pathIsMeshSectional' depends on axioms: [propext,
 Classical.choice,
 Quot.sound]
'MagnitudeConjecture.RepetitionQuiver.OrientedTree.finite_of_uniform_mesh_nilpotence' depends on axioms: [propext,
 Classical.choice,
 Quot.sound]
'MagnitudeConjecture.ParentTree.graph_isTree' depends on axioms: [propext, Classical.choice, Quot.sound]
'MagnitudeConjecture.MeshCategory.RightMeshData.SectionalPath.orientedTree' depends on axioms: [propext,
 Classical.choice,
 Quot.sound]
'MagnitudeConjecture.MeshCategory.RightMeshData.SectionalPath.orientedTree_graphLocallyFinite' depends on axioms: [propext,
 Classical.choice,
 Quot.sound]
'MagnitudeConjecture.MeshCategory.RightMeshData.SectionalPath.repetitionDegree_path' depends on axioms: [propext,
 Classical.choice,
 Quot.sound]
'MagnitudeConjecture.MeshCategory.RightMeshData.SectionalPath.repetitionDegree_fiber_finite' depends on axioms: [propext,
 Classical.choice,
 Quot.sound]
'MagnitudeConjecture.MeshCategory.RightMeshData.SectionalPath.repetition_walkDegree_eq' depends on axioms: [propext,
 Classical.choice,
 Quot.sound]
'MagnitudeConjecture.MeshCategory.RightMeshData.SectionalPath.repetition_classDegree_eq' depends on axioms: [propext,
 Classical.choice,
 Quot.sound]
'MagnitudeConjecture.MeshCategory.RightMeshData.UniversalCover.HomotopyGroupoid.natTransOfGenerator' depends on axioms: [propext,
 Classical.choice,
 Quot.sound]
'MagnitudeConjecture.MeshCategory.RightMeshData.Cover.homotopyLabelling_meshCompatible' depends on axioms: [propext,
 Quot.sound]
'MagnitudeConjecture.MeshCategory.RightMeshData.Cover.homotopyFunctor' depends on axioms: [propext,
 Classical.choice,
 Quot.sound]
'MagnitudeConjecture.MeshCategory.RightMeshData.Cover.homotopyFunctor_map_mesh' depends on axioms: [propext,
 Classical.choice,
 Quot.sound]
'MagnitudeConjecture.MeshCategory.RightMeshData.Cover.homotopyFunctor_map_mk' depends on axioms: [propext,
 Classical.choice,
 Quot.sound]
'MagnitudeConjecture.MeshCategory.RightMeshData.Cover.augmentedPrefunctor_isCovering' depends on axioms: [propext,
 Quot.sound]
'MagnitudeConjecture.MeshCategory.RightMeshData.Cover.symmetrifiedAugmentedPrefunctor_pathStar_bijective' depends on axioms: [propext,
 Classical.choice,
 Quot.sound]
'MagnitudeConjecture.MeshCategory.RightMeshData.Cover.walkDegree_symmetrifiedAugmentedPrefunctor_mapPath' depends on axioms: [Quot.sound]
'MagnitudeConjecture.MeshCategory.RightMeshData.Cover.liftWalk_mapPath_cast' depends on axioms: [propext,
 Classical.choice,
 Quot.sound]
'MagnitudeConjecture.MeshCategory.RightMeshData.Cover.liftWalk_mapPath_comp' depends on axioms: [propext,
 Classical.choice,
 Quot.sound]
'MagnitudeConjecture.MeshCategory.RightMeshData.Cover.liftWalk_comp' depends on axioms: [propext,
 Classical.choice,
 Quot.sound]
'MagnitudeConjecture.MeshCategory.RightMeshData.Cover.liftWalk_walkDegree' depends on axioms: [propext,
 Classical.choice,
 Quot.sound]
'MagnitudeConjecture.MeshCategory.RightMeshData.Cover.liftWalk_cancel_endpoint' depends on axioms: [propext,
 Classical.choice,
 Quot.sound]
'MagnitudeConjecture.MeshCategory.RightMeshData.Cover.liftWalk_mesh_endpoint_after_prefix' depends on axioms: [propext,
 Classical.choice,
 Quot.sound]
'MagnitudeConjecture.MeshCategory.RightMeshData.Cover.liftWalk_endpoint_eq_of_homotopic' depends on axioms: [propext,
 Classical.choice,
 Quot.sound]
'MagnitudeConjecture.MeshCategory.RightMeshData.Cover.liftVertex_projection' depends on axioms: [propext,
 Classical.choice,
 Quot.sound]
'MagnitudeConjecture.MeshCategory.RightMeshData.Cover.liftVertex_mappedWalk' depends on axioms: [propext,
 Classical.choice,
 Quot.sound]
'MagnitudeConjecture.MeshCategory.RightMeshData.Cover.liftVertex_injective' depends on axioms: [propext,
 Classical.choice,
 Quot.sound]
'MagnitudeConjecture.MeshCategory.RightMeshData.UniversalCover.fundamentalDegree' depends on axioms: [propext,
 Quot.sound]
'MagnitudeConjecture.MeshCategory.RightMeshData.UniversalCover.vertexDegree_smul' depends on axioms: [propext,
 Quot.sound]
'MagnitudeConjecture.MeshCategory.RightMeshData.SectionalPath.horizontalPrefixMorphism_comp_meshMorphism' depends on axioms: [propext,
 Classical.choice,
 Quot.sound]
'MagnitudeConjecture.MeshCategory.RightMeshData.SectionalPath.repetitionHomotopyEquivalence' depends on axioms: [propext,
 Classical.choice,
 Quot.sound]
'MagnitudeConjecture.MeshCategory.RightMeshData.stableTauQuiverIso' depends on axioms: [propext,
 Classical.choice,
 Quot.sound]
'MagnitudeConjecture.MeshCategory.RightMeshData.stableTau_zpow_map_arrowEquiv' depends on axioms: [propext,
 Classical.choice,
 Quot.sound]
'MagnitudeConjecture.MeshCategory.RightMeshData.RiedtmannCover.projection' depends on axioms: [propext,
 Classical.choice,
 Quot.sound]
'MagnitudeConjecture.MeshCategory.RightMeshData.RiedtmannCover.projection_star_zero_bijective' depends on axioms: [propext,
 Classical.choice,
 Quot.sound]
'MagnitudeConjecture.MeshCategory.RightMeshData.RiedtmannCover.projection_levelShift' depends on axioms: [propext,
 Classical.choice,
 Quot.sound]
'MagnitudeConjecture.MeshCategory.RightMeshData.RiedtmannCover.projection_star_bijective' depends on axioms: [propext,
 Classical.choice,
 Quot.sound]
'MagnitudeConjecture.MeshCategory.RightMeshData.RiedtmannCover.projection_map_arrowEquiv' depends on axioms: [propext,
 Classical.choice,
 Quot.sound]
'MagnitudeConjecture.MeshCategory.RightMeshData.RiedtmannCover.projection_costar_bijective' depends on axioms: [propext,
 Classical.choice,
 Quot.sound]
'MagnitudeConjecture.MeshCategory.RightMeshData.RiedtmannCover.cover' depends on axioms: [propext,
 Classical.choice,
 Quot.sound]
'MagnitudeConjecture.RepetitionLine.freeGroupoid_hom_subsingleton' depends on axioms: [propext,
 Classical.choice,
 Quot.sound]
'MagnitudeConjecture.MeshCategory.RightMeshData.RiedtmannCover.source_walk_homotopic' depends on axioms: [propext,
 Classical.choice,
 Quot.sound]
'MagnitudeConjecture.MeshCategory.RightMeshData.RiedtmannCover.universalLift_isCovering' depends on axioms: [propext,
 Classical.choice,
 Quot.sound]
'MagnitudeConjecture.MeshCategory.RightMeshData.RiedtmannCover.universalLift_obj_bijective' depends on axioms: [propext,
 Classical.choice,
 Quot.sound]
'MagnitudeConjecture.MeshCategory.RightMeshData.RiedtmannCover.universalLift_map_bijective' depends on axioms: [propext,
 Classical.choice,
 Quot.sound]
'MagnitudeConjecture.MeshCategory.RightMeshData.IsTauInjective.periodicComponentMeshHomFinite' depends on axioms: [propext,
 Classical.choice,
 Quot.sound]
'MagnitudeConjecture.RightModule.FiniteIndecomposableSkeleton.standardFormPeriodicComponent_exists_uniform_path_nilpotence' depends on axioms: [propext,
 Classical.choice,
 Quot.sound]
'MagnitudeConjecture.RightModule.FiniteIndecomposableSkeleton.standardFormPeriodicComponentRiedtmann_exists_uniform_path_nilpotence' depends on axioms: [propext,
 Classical.choice,
 Quot.sound]
'MagnitudeConjecture.RightModule.FiniteIndecomposableSkeleton.standardFormPeriodicComponentTree_finite' depends on axioms: [propext,
 Classical.choice,
 Quot.sound]
'MagnitudeConjecture.RightModule.FiniteIndecomposableSkeleton.standardFormPeriodicComponentRiedtmannDegree_fiber_finite' depends on axioms: [propext,
 Classical.choice,
 Quot.sound]
'MagnitudeConjecture.RightModule.FiniteIndecomposableSkeleton.standardFormPeriodicComponentRiedtmann_augmented_isCovering' depends on axioms: [propext,
 Classical.choice,
 Quot.sound]
'MagnitudeConjecture.MeshCategory.RightMeshData.range_pairedCoefficientLinearMap_eq_ker_incomingSumLinearMap' depends on axioms: [propext,
 Classical.choice,
 Quot.sound]
'MagnitudeConjecture.MeshCategory.RightMeshData.incomingSumLinearMap_injective_of_projective' depends on axioms: [propext,
 Classical.choice,
 Quot.sound]
'MagnitudeConjecture.MeshCategory.RightMeshData.range_translationMap_app_eq_ker_incomingMap_app' depends on axioms: [propext,
 Classical.choice,
 Quot.sound]
'MagnitudeConjecture.MeshCategory.RightMeshData.incomingMap_app_injective_of_projective' depends on axioms: [propext,
 Classical.choice,
 Quot.sound]
'MagnitudeConjecture.RightModule.FiniteIndecomposableSkeleton.contragredient_arrowMultiplicity_eq_reverse' depends on axioms: [propext,
 Classical.choice,
 Quot.sound]
'MagnitudeConjecture.RightModule.FiniteIndecomposableSkeleton.contragredientSkeleton_hasAcyclicNonzeroNonisomorphisms' depends on axioms: [propext,
 Classical.choice,
 Quot.sound]
'MagnitudeConjecture.RightModule.FiniteIndecomposableSkeleton.PrimitiveNewRightMeshEndpoint.contragredient_relativeArrowMultiplicity_eq' depends on axioms: [propext,
 Classical.choice,
 Quot.sound]
'MagnitudeConjecture.RightModule.FiniteIndecomposableSkeleton.PrimitiveNewRightMeshEndpoint.contragredient_relative_gt_ambient_iff' depends on axioms: [propext,
 Classical.choice,
 Quot.sound]
'MagnitudeConjecture.RightModule.FiniteIndecomposableSkeleton.minimalRightAlmostSplitAt' depends on axioms: [propext,
 Classical.choice,
 Quot.sound]
'MagnitudeConjecture.RightModule.FiniteIndecomposableSkeleton.projectiveBoundaryRadicalInclusion_isRightAlmostSplit' depends on axioms: [propext,
 Classical.choice,
 Quot.sound]
'MagnitudeConjecture.RightModule.FiniteIndecomposableSkeleton.nonprojectiveRightTau' depends on axioms: [propext,
 Classical.choice,
 Quot.sound]
'MagnitudeConjecture.RightModule.FiniteIndecomposableSkeleton.projectiveRightTau' depends on axioms: [propext,
 Classical.choice,
 Quot.sound]
'MagnitudeConjecture.RightModule.FiniteIndecomposableSkeleton.moduleRightTau' depends on axioms: [propext,
 Classical.choice,
 Quot.sound]
'MagnitudeConjecture.RightModule.FiniteIndecomposableSkeleton.rightTauInput' depends on axioms: [propext,
 Classical.choice,
 Quot.sound]
'MagnitudeConjecture.RightModule.FiniteIndecomposableSkeleton.rightTranslationEquiv' depends on axioms: [propext,
 Classical.choice,
 Quot.sound]
'MagnitudeConjecture.RightModule.FiniteIndecomposableSkeleton.canonicalTauPlusEquiv' depends on axioms: [propext,
 Classical.choice,
 Quot.sound]
'MagnitudeConjecture.RightModule.FiniteIndecomposableSkeleton.canonicalRightLeftMeshIso' depends on axioms: [propext,
 Classical.choice,
 Quot.sound]
'MagnitudeConjecture.RightModule.FiniteIndecomposableSkeleton.tauInput' depends on axioms: [propext,
 Classical.choice,
 Quot.sound]
'MagnitudeConjecture.RightModule.FiniteIndecomposableSkeleton.toFiniteRightTauCategoryData' depends on axioms: [propext,
 Classical.choice,
 Quot.sound]
'MagnitudeConjecture.RightModule.FiniteIndecomposableSkeleton.toFiniteTauCategoryData' depends on axioms: [propext,
 Classical.choice,
 Quot.sound]
'MagnitudeConjecture.RightModule.FiniteIndecomposableSkeleton.finiteTauCategoryData' depends on axioms: [propext,
 Classical.choice,
 Quot.sound]
'MagnitudeConjecture.RightModule.FiniteIndecomposableSkeleton.factorThroughSelectedIdeal' depends on axioms: [propext,
 Classical.choice,
 Quot.sound]
'MagnitudeConjecture.RightModule.FiniteIndecomposableSkeleton.factorObject_not_isZero' depends on axioms: [propext,
 Classical.choice,
 Quot.sound]
'MagnitudeConjecture.RightModule.FiniteIndecomposableSkeleton.factorObject_end_isLocalRing' depends on axioms: [propext,
 Classical.choice,
 Quot.sound]
'MagnitudeConjecture.RightModule.FiniteIndecomposableSkeleton.factorObject_indecomposable' depends on axioms: [propext,
 Classical.choice,
 Quot.sound]
'MagnitudeConjecture.RightModule.FiniteIndecomposableSkeleton.factorObject_skeletal' depends on axioms: [propext,
 Classical.choice,
 Quot.sound]
'MagnitudeConjecture.RightModule.FiniteIndecomposableSkeleton.factorCategory_obj_decomposition' depends on axioms: [propext,
 Classical.choice,
 Quot.sound]
'MagnitudeConjecture.RightModule.FiniteIndecomposableSkeleton.factorCategory_obj_complete' depends on axioms: [propext,
 Classical.choice,
 Quot.sound]
'MagnitudeConjecture.RightModule.FiniteIndecomposableSkeleton.factorCategory_isIdempotentComplete' depends on axioms: [propext,
 Classical.choice,
 Quot.sound]
'MagnitudeConjecture.CategoryTheory.homFromGeneratorToAdd_essSurj' depends on axioms: [propext,
 Classical.choice,
 Quot.sound]
'MagnitudeConjecture.CategoryTheory.finiteAddClosure_homSelf_eq_finiteProjective' depends on axioms: [propext,
 Classical.choice,
 Quot.sound]
'MagnitudeConjecture.CategoryTheory.exists_obj_homSelf_iso_of_finite_projective' depends on axioms: [propext,
 Classical.choice,
 Quot.sound]
'MagnitudeConjecture.CategoryTheory.finiteAddGeneratorAuslanderEquivalence' depends on axioms: [propext,
 Classical.choice,
 Quot.sound]
'MagnitudeConjecture.RightModule.FiniteIndecomposableSkeleton.factorAuslanderEquivalence' depends on axioms: [propext,
 Classical.choice,
 Quot.sound]
'MagnitudeConjecture.IdempotentSaturation.principalLeftIdeal_hom_eq_zero_iff' depends on axioms: [propext,
 Classical.choice,
 Quot.sound]
'MagnitudeConjecture.IdempotentSaturation.le_saturation_of_smul_mkQ_eq_zero' depends on axioms: [propext,
 Classical.choice,
 Quot.sound]
'MagnitudeConjecture.IdempotentSaturation.projectiveDimensionLE_one_of_injective' depends on axioms: [propext,
 Classical.choice,
 Quot.sound]
'MagnitudeConjecture.RightModule.FiniteIndecomposableSkeleton.factorBoundaryIdempotent_isIdempotentElem' depends on axioms: [propext,
 Classical.choice,
 Quot.sound]
'MagnitudeConjecture.RightModule.FiniteIndecomposableSkeleton.factorProjectiveRepresentableLinearEquiv' depends on axioms: [propext,
 Classical.choice,
 Quot.sound]
'MagnitudeConjecture.RightModule.FiniteIndecomposableSkeleton.factorProjectiveRepresentable_hom_eq_zero_iff' depends on axioms: [propext,
 Classical.choice,
 Quot.sound]
'MagnitudeConjecture.RightModule.FiniteIndecomposableSkeleton.PrimitiveProjectivePosetData.saturatedSubobjectQuotient_projectiveDimensionLE_one_of_injective' depends on axioms: [propext,
 Classical.choice,
 Quot.sound]
'MagnitudeConjecture.RightModule.nakayamaEmbeddingMap_injective' depends on axioms: [propext,
 Classical.choice,
 Quot.sound]
'MagnitudeConjecture.RightModule.FiniteIndecomposableSkeleton.PrimitiveProjectivePosetData.saturatedSubobjectAmbientQuotientNakayamaMap_injective' depends on axioms: [propext,
 Classical.choice,
 Quot.sound]
'MagnitudeConjecture.RightModule.FiniteIndecomposableSkeleton.PrimitiveProjectivePosetData.saturatedSubobjectAmbientQuotient_projectiveDimensionLE_one' depends on axioms: [propext,
 Classical.choice,
 Quot.sound]
'MagnitudeConjecture.RightModule.FiniteIndecomposableSkeleton.PrimitiveProjectivePosetData.representable_closedUnderSubobjects' depends on axioms: [propext,
 Classical.choice,
 Quot.sound]
'MagnitudeConjecture.RightModule.FiniteIndecomposableSkeleton.PrimitiveProjectivePosetData.representable_essentiallySurjective' depends on axioms: [propext,
 Classical.choice,
 Quot.sound]
'MagnitudeConjecture.RightModule.FiniteIndecomposableSkeleton.PrimitiveProjectivePosetData.equivalenceData' depends on axioms: [propext,
 Classical.choice,
 Quot.sound]
'MagnitudeConjecture.RightModule.FiniteIndecomposableSkeleton.factorAuslanderSimple_hasProjectiveDimensionLE_two' depends on axioms: [propext,
 Classical.choice,
 Quot.sound]
'MagnitudeConjecture.RightModule.FiniteIndecomposableSkeleton.factorCorepresentableRegularHomDualLinearEquiv' depends on axioms: [propext,
 Classical.choice,
 Quot.sound]
'MagnitudeConjecture.RightModule.FiniteIndecomposableSkeleton.factorOppositeAuslanderSimple_hasProjectiveDimensionLE_two' depends on axioms: [propext,
 Classical.choice,
 Quot.sound]
'MagnitudeConjecture.RightModule.FiniteIndecomposableSkeleton.factorOppositeAuslanderSimple_ext_two_corepresentable_eq_zero' depends on axioms: [propext,
 Classical.choice,
 Quot.sound]
'MagnitudeConjecture.RightModule.FiniteIndecomposableSkeleton.factorCorepresentable_hasInjectiveDimensionLE_one' depends on axioms: [propext,
 Classical.choice,
 Quot.sound]
'MagnitudeConjecture.RightModule.FiniteIndecomposableSkeleton.factorBoundaryNakayama_hasProjectiveDimensionLE_one' depends on axioms: [propext,
 Classical.choice,
 Quot.sound]
'MagnitudeConjecture.RightModule.FiniteIndecomposableSkeleton.exists_factorAuslanderSimple_linearEquiv' depends on axioms: [propext,
 Classical.choice,
 Quot.sound]
'MagnitudeConjecture.RightModule.FiniteIndecomposableSkeleton.finiteModule_hasProjectiveDimensionLE_two' depends on axioms: [propext,
 Classical.choice,
 Quot.sound]
'MagnitudeConjecture.RightModule.FiniteIndecomposableSkeleton.factorNilpotentRadicalData' depends on axioms: [propext,
 Classical.choice,
 Quot.sound]
'MagnitudeConjecture.RightModule.FiniteIndecomposableSkeleton.factorRawRightMesh_isWeakKernel' depends on axioms: [propext,
 Classical.choice,
 Quot.sound]
'MagnitudeConjecture.RightModule.FiniteIndecomposableSkeleton.factorLabelRightTau' depends on axioms: [propext,
 Classical.choice,
 Quot.sound]
'MagnitudeConjecture.RightModule.FiniteIndecomposableSkeleton.factorRightTau' depends on axioms: [propext,
 Classical.choice,
 Quot.sound]
'MagnitudeConjecture.RightModule.FiniteIndecomposableSkeleton.factorFiniteRightTauCategoryData' depends on axioms: [propext,
 Classical.choice,
 Quot.sound]
'MagnitudeConjecture.RightModule.FiniteIndecomposableSkeleton.factorRawLeftMesh_isWeakCokernel' depends on axioms: [propext,
 Classical.choice,
 Quot.sound]
'MagnitudeConjecture.RightModule.FiniteIndecomposableSkeleton.factorLabelLeftTau' depends on axioms: [propext,
 Classical.choice,
 Quot.sound]
'MagnitudeConjecture.RightModule.FiniteIndecomposableSkeleton.factorLeftTau' depends on axioms: [propext,
 Classical.choice,
 Quot.sound]
'MagnitudeConjecture.RightModule.FiniteIndecomposableSkeleton.factorTauPlusEquiv' depends on axioms: [propext,
 Classical.choice,
 Quot.sound]
'MagnitudeConjecture.RightModule.FiniteIndecomposableSkeleton.factorRightLeftMeshIso' depends on axioms: [propext,
 Classical.choice,
 Quot.sound]
'MagnitudeConjecture.RightModule.FiniteIndecomposableSkeleton.factorFiniteTauCategoryData' depends on axioms: [propext,
 Classical.choice,
 Quot.sound]
'MagnitudeConjecture.RightModule.FiniteIndecomposableSkeleton.HasAcyclicNonzeroNonisomorphisms.finrank_endomorphism_eq_one' depends on axioms: [propext,
 Classical.choice,
 Quot.sound]
'MagnitudeConjecture.RightModule.FiniteIndecomposableSkeleton.HasAcyclicNonzeroNonisomorphisms.factorObject_endomorphism_eq_smul_id' depends on axioms: [propext,
 Classical.choice,
 Quot.sound]
'MagnitudeConjecture.RightModule.FiniteIndecomposableSkeleton.HasAcyclicNonzeroNonisomorphisms.factorObject_label_eq_of_two_way' depends on axioms: [propext,
 Classical.choice,
 Quot.sound]
'MagnitudeConjecture.RightModule.FiniteIndecomposableSkeleton.projectiveCartanMatrix_det' depends on axioms: [propext,
 Classical.choice,
 Quot.sound]
'MagnitudeConjecture.RightModule.FiniteIndecomposableSkeleton.projectiveCartanInverse_mul' depends on axioms: [propext,
 Classical.choice,
 Quot.sound]
'MagnitudeConjecture.RightModule.FiniteIndecomposableSkeleton.projectiveHomVector_positive' depends on axioms: [propext,
 Classical.choice,
 Quot.sound]
'QuotientSubmoduleEquidistribution.IsIrreducibleMorphism.mono_or_epi' depends on axioms: [propext,
 Classical.choice,
 Quot.sound]
'QuotientSubmoduleEquidistribution.mono_comp_of_weakKernel_component' depends on axioms: [propext,
 Classical.choice,
 Quot.sound]
'QuotientSubmoduleEquidistribution.IndecomposableSkeleton.MinimalRightAlmostSplitDecomposition.component_irreducible' depends on axioms: [propext,
 Classical.choice,
 Quot.sound]
'QuotientSubmoduleEquidistribution.IndecomposableSkeleton.MinimalLeftAlmostSplitDecomposition.component_irreducible' depends on axioms: [propext,
 Classical.choice,
 Quot.sound]
'MagnitudeConjecture.irreducible_of_map_of_full_faithful' depends on axioms: [propext, Classical.choice]
'MagnitudeConjecture.irreducible_map_of_full_faithful_of_locallyFactorizationClosed' depends on axioms: [propext,
 Classical.choice,
 Quot.sound]
'MagnitudeConjecture.isIrreducibleMorphism_map_iff_of_locallyFactorizationClosed' depends on axioms: [propext,
 Classical.choice,
 Quot.sound]
'MagnitudeConjecture.indecomposable_of_faithful_additive' depends on axioms: [propext, Classical.choice, Quot.sound]
'MagnitudeConjecture.irreducible_map_of_full_faithful_of_finiteIndecomposableCore' depends on axioms: [propext,
 Classical.choice,
 Quot.sound]
'MagnitudeConjecture.isIrreducibleMorphism_map_iff_of_finiteIndecomposableCore' depends on axioms: [propext,
 Classical.choice,
 Quot.sound]
'MagnitudeConjecture.CoveringHom.linearModuleOrbitPushdownDegree_map' depends on axioms: [propext,
 Classical.choice,
 Quot.sound]
'MagnitudeConjecture.CoveringHom.linearModuleOrbitPushdownDegree_map_ne' depends on axioms: [propext,
 Classical.choice,
 Quot.sound]
'MagnitudeConjecture.CoveringHom.linearModuleOrbitPushdownDegrees_synthesis' depends on axioms: [propext,
 Classical.choice,
 Quot.sound]
'MagnitudeConjecture.CoveringHom.orbitPushdownNatTrans_ext_zero' depends on axioms: [propext,
 Classical.choice,
 Quot.sound]
'MagnitudeConjecture.CoveringHom.linearModuleOrbitPushdownDegree_jointlyFaithful' depends on axioms: [propext,
 Classical.choice,
 Quot.sound]
'MagnitudeConjecture.CoveringHom.linearModuleOrbitPushdownSynthesis_degrees' depends on axioms: [propext,
 Classical.choice,
 Quot.sound]
'MagnitudeConjecture.CoveringHom.linearModuleOrbitPushdownHomLinearEquiv' depends on axioms: [propext,
 Classical.choice,
 Quot.sound]
'MagnitudeConjecture.CoveringHom.linearModuleOrbitPushdownSynthesisLinear_zero' depends on axioms: [propext,
 Classical.choice,
 Quot.sound]
'MagnitudeConjecture.CoveringHom.CoherentDeckShift.linearModuleOrbitSkeletonRestrictionLinearEquiv' depends on axioms: [propext,
 Classical.choice,
 Quot.sound]
'MagnitudeConjecture.CoveringHom.CoherentDeckShift.linearModuleOrbitSkeletonPushdownHomLinearEquiv' depends on axioms: [propext,
 Classical.choice,
 Quot.sound]
'MagnitudeConjecture.CoveringHom.CoherentDeckShift.finiteDimensionalModuleOrbitSkeletonPushdownHomLinearEquiv' depends on axioms: [propext,
 Classical.choice,
 Quot.sound]
'MagnitudeConjecture.CoveringHom.CoherentDeckShift.finiteDimensionalModuleOrbitSkeletonPushdownHomLinearEquiv_zero' depends on axioms: [propext,
 Classical.choice,
 Quot.sound]
'MagnitudeConjecture.CoveringHom.CoherentDeckShift.finiteDimensionalModuleOrbitSkeletonPushdownOrbitHomDecomposition' depends on axioms: [propext,
 Classical.choice,
 Quot.sound]
'MagnitudeConjecture.CoveringHom.CoherentDeckShift.finiteDimensionalModuleOrbitSkeletonPushdown_faithful' depends on axioms: [propext,
 Classical.choice,
 Quot.sound]
'MagnitudeConjecture.CoveringHom.CoherentDeckShift.finiteDimensionalModuleOrbitSkeletonPushdown_indecomposable_of_selfShiftHomOrthogonal' depends on axioms: [propext,
 Classical.choice,
 Quot.sound]
'MagnitudeConjecture.CoveringHom.CoherentDeckShift.finiteDimensionalModuleOrbitSkeletonPushdownWindowOrbitHomDecomposition' depends on axioms: [propext,
 Classical.choice,
 Quot.sound]
'MagnitudeConjecture.CoveringHom.CoherentDeckShift.finiteModuleWindowTranslateHomOrthogonal_of_shiftHomOrthogonal' depends on axioms: [propext,
 Classical.choice,
 Quot.sound]
'MagnitudeConjecture.CoveringHom.CoherentDeckShift.finiteDimensionalModuleOrbitSkeletonPushdownWindow_full' depends on axioms: [propext,
 Classical.choice,
 Quot.sound]
'MagnitudeConjecture.CoveringHom.CoherentDeckShift.finiteDimensionalModuleOrbitSkeletonPushdownWindow_faithful' depends on axioms: [propext,
 Classical.choice,
 Quot.sound]
'MagnitudeConjecture.CoveringHom.CoherentDeckShift.finiteDimensionalModuleOrbitSkeletonPushdownWindow_obj_indecomposable' depends on axioms: [propext,
 Classical.choice,
 Quot.sound]
'MagnitudeConjecture.CoveringHom.CoherentDeckShift.isIrreducibleMorphism_finiteOrbitPushdownWindowMap_iff' depends on axioms: [propext,
 Classical.choice,
 Quot.sound]
'MagnitudeConjecture.CoveringHom.CoherentDeckShift.rightAlmostSplit_finiteOrbitPushdownWindowMap' depends on axioms: [propext,
 Classical.choice,
 Quot.sound]
'MagnitudeConjecture.CoveringHom.CoherentDeckShift.leftAlmostSplit_finiteOrbitPushdownWindowMap' depends on axioms: [propext,
 Classical.choice,
 Quot.sound]
'MagnitudeConjecture.IsLocallyIndecomposableRightObjectClosedAt' depends on axioms: [propext,
 Classical.choice,
 Quot.sound]
'MagnitudeConjecture.IsLocallyIndecomposableLeftObjectClosedAt' depends on axioms: [propext,
 Classical.choice,
 Quot.sound]
'MagnitudeConjecture.rightAlmostSplit_map_of_full_faithful_of_finiteIndecomposableCore' depends on axioms: [propext,
 Classical.choice,
 Quot.sound]
'MagnitudeConjecture.leftAlmostSplit_map_of_full_faithful_of_finiteIndecomposableCore' depends on axioms: [propext,
 Classical.choice,
 Quot.sound]
'MagnitudeConjecture.CoveringHom.CoherentDeckShift.finiteOrbitPushdownWindow_locallyIndecomposableBifactorClosed' depends on axioms: [propext,
 Classical.choice,
 Quot.sound]
'MagnitudeConjecture.CoveringHom.CoherentDeckShift.finiteOrbitPushdownWindow_locallyIndecomposableRightObjectClosed' depends on axioms: [propext,
 Classical.choice,
 Quot.sound]
'MagnitudeConjecture.CoveringHom.CoherentDeckShift.finiteOrbitPushdownWindow_locallyIndecomposableLeftObjectClosed' depends on axioms: [propext,
 Classical.choice,
 Quot.sound]
'MagnitudeConjecture.CoveringHom.CoherentDeckShift.isIrreducibleMorphism_finiteOrbitPushdownWindowMap_iff_of_density_finiteCore' depends on axioms: [propext,
 Classical.choice,
 Quot.sound]
'MagnitudeConjecture.CoveringHom.CoherentDeckShift.rightAlmostSplit_finiteOrbitPushdownWindowMap_of_density_finiteCore' depends on axioms: [propext,
 Classical.choice,
 Quot.sound]
'MagnitudeConjecture.CoveringHom.CoherentDeckShift.leftAlmostSplit_finiteOrbitPushdownWindowMap_of_density_finiteCore' depends on axioms: [propext,
 Classical.choice,
 Quot.sound]
'MagnitudeConjecture.CoveringHom.isLinearModule_limit' depends on axioms: [propext, Classical.choice, Quot.sound]
'MagnitudeConjecture.CategoryTheory.finiteIndecomposableDecomposition_of_rank' depends on axioms: [propext,
 Classical.choice,
 Quot.sound]
'MagnitudeConjecture.CategoryTheory.functor_essSurj_of_indec_dense' depends on axioms: [propext,
 Classical.choice,
 Quot.sound]
'MagnitudeConjecture.CoveringHom.isZero_of_moduleTotalDimension_eq_zero' depends on axioms: [propext,
 Classical.choice,
 Quot.sound]
'MagnitudeConjecture.CoveringHom.moduleTotalDimension_biprod' depends on axioms: [propext, Classical.choice, Quot.sound]
'MagnitudeConjecture.CoveringHom.finiteDimensionalModule_finiteIndecomposableDecomposition' depends on axioms: [propext,
 Classical.choice,
 Quot.sound]
'MagnitudeConjecture.CoveringHom.CoherentDeckShift.finiteOrbitPushdownDensity_of_indec_dense' depends on axioms: [propext,
 Classical.choice,
 Quot.sound]
'MagnitudeConjecture.CoveringHom.orbitPushdownPullupEquiv' depends on axioms: [propext, Classical.choice, Quot.sound]
'MagnitudeConjecture.CoveringHom.linearModuleOrbitPushdownPullupEquiv' depends on axioms: [propext,
 Classical.choice,
 Quot.sound]
'MagnitudeConjecture.CoveringHom.linearModuleOrbitPushdownPullupAdjunction' depends on axioms: [propext,
 Classical.choice,
 Quot.sound]
'MagnitudeConjecture.rightAlmostSplit_map_of_full_faithful_of_locallyRightObjectClosed' depends on axioms: [propext,
 Classical.choice,
 Quot.sound]
'MagnitudeConjecture.leftAlmostSplit_map_of_full_faithful_of_locallyLeftObjectClosed' depends on axioms: [propext,
 Classical.choice,
 Quot.sound]
'MagnitudeConjecture.rightMinimal_map_of_full_faithful' depends on axioms: [propext, Classical.choice, Quot.sound]
'MagnitudeConjecture.leftMinimal_map_of_full_faithful' depends on axioms: [propext, Classical.choice, Quot.sound]
'QuotientSubmoduleEquidistribution.IndecomposableSkeleton.MinimalRightAlmostSplitDecomposition.component_mono_or_epi' depends on axioms: [propext,
 Classical.choice,
 Quot.sound]
'QuotientSubmoduleEquidistribution.IndecomposableSkeleton.MinimalLeftAlmostSplitDecomposition.component_mono_or_epi' depends on axioms: [propext,
 Classical.choice,
 Quot.sound]
'MagnitudeConjecture.RightModule.FiniteIndecomposableSkeleton.projectiveSupport_mono' depends on axioms: [propext,
 Classical.choice,
 Quot.sound]
'MagnitudeConjecture.RightModule.FiniteIndecomposableSkeleton.projectiveSupport_epi' depends on axioms: [propext,
 Classical.choice,
 Quot.sound]
'MagnitudeConjecture.RightModule.FiniteIndecomposableSkeleton.projectiveSupport_eq_of_iso' depends on axioms: [propext,
 Classical.choice,
 Quot.sound]
'MagnitudeConjecture.RightModule.FiniteIndecomposableSkeleton.mem_projectiveSupport_biproduct_iff' depends on axioms: [propext,
 Classical.choice,
 Quot.sound]
'MagnitudeConjecture.RightModule.FiniteIndecomposableSkeleton.rightSequence_endpointSupport_subset_middle' depends on axioms: [propext,
 Classical.choice,
 Quot.sound]
'MagnitudeConjecture.RightModule.FiniteIndecomposableSkeleton.rightComponent_mono_of_ne_of_leftComponent_mono' depends on axioms: [propext,
 Classical.choice,
 Quot.sound]
'MagnitudeConjecture.RightModule.FiniteIndecomposableSkeleton.rightSequence_has_support_dominating_term' depends on axioms: [propext,
 Classical.choice,
 Quot.sound]
'MagnitudeConjecture.RightModule.FiniteIndecomposableSkeleton.rightSequence_middleSupport_eq_union_endpoints' depends on axioms: [propext,
 Classical.choice,
 Quot.sound]
'MagnitudeConjecture.RightModule.FiniteIndecomposableSkeleton.exists_rightSequence_supportSincere_label' depends on axioms: [propext,
 Classical.choice,
 Quot.sound]
'MagnitudeConjecture.LeftModule.IsRepresentationFinite.quotient' depends on axioms: [propext,
 Classical.choice,
 Quot.sound]
'MagnitudeConjecture.LeftModule.fgModuleEquivalenceOfAlgEquiv' depends on axioms: [propext,
 Classical.choice,
 Quot.sound]
'QuotientSubmoduleEquidistribution.IsRightAlmostSplit.map_equivalence' depends on axioms: [propext,
 Classical.choice,
 Quot.sound]
'MagnitudeConjecture.RightModule.FiniteIndecomposableSkeleton.PrimitiveProjectivePresentation.op_idempotent_mem_supportIdeal_of_not_mem' depends on axioms: [propext,
 Classical.choice,
 Quot.sound]
'MagnitudeConjecture.RightModule.FiniteIndecomposableSkeleton.PrimitiveProjectivePresentation.isTorsionBySupportIdeal_of_support_subset' depends on axioms: [propext,
 Classical.choice,
 Quot.sound]
'MagnitudeConjecture.RightModule.FiniteIndecomposableSkeleton.PrimitiveProjectivePresentation.supportAlgebra_isRepresentationFinite' depends on axioms: [propext,
 Classical.choice,
 Quot.sound]
'MagnitudeConjecture.RightModule.FiniteIndecomposableSkeleton.PrimitiveProjectivePresentation.leftSupportEquivalence' depends on axioms: [propext,
 Classical.choice,
 Quot.sound]
'MagnitudeConjecture.RightModule.FiniteIndecomposableSkeleton.PrimitiveProjectivePresentation.supportEquivalence' depends on axioms: [propext,
 Classical.choice,
 Quot.sound]
'MagnitudeConjecture.RightModule.FiniteIndecomposableSkeleton.PrimitiveProjectivePresentation.supportObj_isFiniteIndecomposable' depends on axioms: [propext,
 Classical.choice,
 Quot.sound]
'MagnitudeConjecture.RightModule.FiniteIndecomposableSkeleton.PrimitiveProjectivePresentation.supportObjIsoSkeletonObj' depends on axioms: [propext,
 Classical.choice,
 Quot.sound]
'MagnitudeConjecture.RightModule.FiniteIndecomposableSkeleton.PrimitiveProjectivePresentation.rightSequenceSupportAlgebraMap_isRightAlmostSplit' depends on axioms: [propext,
 Classical.choice,
 Quot.sound]
'MagnitudeConjecture.RightModule.FiniteIndecomposableSkeleton.PrimitiveProjectivePresentation.rightSequenceSupportAlgebraMap_isRightMinimal' depends on axioms: [propext,
 Classical.choice,
 Quot.sound]
'MagnitudeConjecture.RightModule.FiniteIndecomposableSkeleton.PrimitiveProjectivePresentation.rightSequenceSupportMinimalRightAlmostSplitDecomposition' depends on axioms: [propext,
 Classical.choice,
 Quot.sound]
'MagnitudeConjecture.RightModule.FiniteIndecomposableSkeleton.PrimitiveProjectivePresentation.supportAlgebraSkeleton_hasAcyclicNonzeroNonisomorphisms' depends on axioms: [propext,
 Classical.choice,
 Quot.sound]
'MagnitudeConjecture.RightModule.cornerEndRingEquiv' depends on axioms: [propext, Classical.choice, Quot.sound]
'MagnitudeConjecture.RightModule.PrimitiveIdempotentData.map_of_surjective' depends on axioms: [propext,
 Classical.choice,
 Quot.sound]
'MagnitudeConjecture.RightModule.FiniteIndecomposableSkeleton.PrimitiveProjectivePresentation.supportPrimitiveIdempotentData' depends on axioms: [propext,
 Classical.choice,
 Quot.sound]
'MagnitudeConjecture.RightModule.FiniteIndecomposableSkeleton.PrimitiveProjectivePresentation.supportProjectiveHomVector_eq_primitiveMultiplicity' depends on axioms: [propext,
 Classical.choice,
 Quot.sound]
'MagnitudeConjecture.RightModule.FiniteIndecomposableSkeleton.PrimitiveProjectivePresentation.middleSupportCartanDataOfRootPairs' depends on axioms: [propext,
 Classical.choice,
 Quot.sound]
'MagnitudeConjecture.RightModule.FiniteIndecomposableSkeleton.PrimitiveProjectivePresentation.middleSupportCartanData' depends on axioms: [propext,
 Classical.choice,
 Quot.sound]
'MagnitudeConjecture.RightModule.FiniteIndecomposableSkeleton.projectiveHomVector_primitiveSource' depends on axioms: [propext,
 Classical.choice,
 Quot.sound]
'MagnitudeConjecture.RightModule.FiniteIndecomposableSkeleton.SchurianBoundaryData.primitiveMultiplicity_projective_le_one' depends on axioms: [propext,
 Classical.choice,
 Quot.sound]
'MagnitudeConjecture.RightModule.FiniteIndecomposableSkeleton.SchurianBoundaryData.primitiveMultiplicity_injective_le_one' depends on axioms: [propext,
 Classical.choice,
 Quot.sound]
'MagnitudeConjecture.RightModule.FiniteIndecomposableSkeleton.HasAcyclicNonzeroNonisomorphisms.no_nonzero_triangle_of_irreducible' depends on axioms: [propext,
 Classical.choice,
 Quot.sound]
'MagnitudeConjecture.RightModule.FiniteIndecomposableSkeleton.SupportCartanRootPairData.coordinateData' depends on axioms: [propext,
 Classical.choice,
 Quot.sound]
'MagnitudeConjecture.CartanCoordinate.LocalRootPairCoordinateData.abs_sub_le_one' depends on axioms: [propext,
 Classical.choice,
 Quot.sound]
'MagnitudeConjecture.RightModule.FiniteIndecomposableSkeleton.MiddleSupportCartanData.primitiveMultiplicity_translation_difference_le_one' depends on axioms: [propext,
 Classical.choice,
 Quot.sound]
'MagnitudeConjecture.RightModule.FiniteIndecomposableSkeleton.PrimitiveProjectivePresentation.supportedIdempotents_complete' depends on axioms: [propext,
 Classical.choice,
 Quot.sound]
'MagnitudeConjecture.RightModule.FiniteIndecomposableSkeleton.PrimitiveProjectivePresentation.rightSequenceSupportTarget_not_projective' depends on axioms: [propext,
 Classical.choice,
 Quot.sound]
'MagnitudeConjecture.RightModule.FiniteIndecomposableSkeleton.PrimitiveProjectivePresentation.hom_from_rightTarget_to_supportProjective_eq_zero' depends on axioms: [propext,
 Classical.choice,
 Quot.sound]
'MagnitudeConjecture.RightModule.FiniteIndecomposableSkeleton.PrimitiveProjectivePresentation.hom_from_supportInjective_to_rightKernel_eq_zero' depends on axioms: [propext,
 Classical.choice,
 Quot.sound]
'MagnitudeConjecture.RightModule.FiniteIndecomposableSkeleton.PrimitiveProjectivePresentation.supportRegularDecompositionMap_comp_assemblyMap' depends on axioms: [propext,
 Classical.choice,
 Quot.sound]
'MagnitudeConjecture.RightModule.FiniteIndecomposableSkeleton.PrimitiveProjectivePresentation.supportInjectiveDecompositionMap_comp_assemblyMap' depends on axioms: [propext,
 Classical.choice,
 Quot.sound]
'MagnitudeConjecture.RightModule.FiniteIndecomposableSkeleton.PrimitiveProjectivePresentation.hom_from_rightTarget_to_supportRegular_eq_zero' depends on axioms: [propext,
 Classical.choice,
 Quot.sound]
'MagnitudeConjecture.RightModule.FiniteIndecomposableSkeleton.PrimitiveProjectivePresentation.hom_from_supportInjectiveCogenerator_to_rightKernel_eq_zero' depends on axioms: [propext,
 Classical.choice,
 Quot.sound]
'MagnitudeConjecture.minimalProjectivePresentation_nonempty' depends on axioms: [propext, Classical.choice, Quot.sound]
'MagnitudeConjecture.twoStepMinimalProjectivePresentation_nonempty' depends on axioms: [propext,
 Classical.choice,
 Quot.sound]
'MagnitudeConjecture.TwoStepMinimalProjectivePresentation.presentationComplex_exact' depends on axioms: [propext,
 Classical.choice,
 Quot.sound]
'MagnitudeConjecture.TwoStepMinimalProjectivePresentation.hasProjectiveDimensionLE_one_of_mono_differential' depends on axioms: [propext,
 Classical.choice,
 Quot.sound]
'MagnitudeConjecture.RightModule.nakayamaUnitElement_injective' depends on axioms: [propext,
 Classical.choice,
 Quot.sound]
'MagnitudeConjecture.RightModule.mono_of_hom_from_injectiveCogenerator_to_nakayamaKernel_eq_zero' depends on axioms: [propext,
 Classical.choice,
 Quot.sound]
'MagnitudeConjecture.RightModule.nakayamaHomLinearEquiv' depends on axioms: [propext, Classical.choice, Quot.sound]
'MagnitudeConjecture.RightModule.fieldNakayamaHomEquiv_naturality' depends on axioms: [propext,
 Classical.choice,
 Quot.sound]
'MagnitudeConjecture.RightModule.fieldNakayamaHomEquiv_projectiveNaturality' depends on axioms: [propext,
 Classical.choice,
 Quot.sound]
'MagnitudeConjecture.RightModule.projectiveNakayamaFGObj_injective' depends on axioms: [propext,
 Classical.choice,
 Quot.sound]
'MagnitudeConjecture.InjectivePresentationExt.quotientLinearEquivExtOne' depends on axioms: [propext,
 Classical.choice,
 Quot.sound]
'MagnitudeConjecture.CoefficientDual.range_lcomp_eq_annihilator_ker' depends on axioms: [propext,
 Classical.choice,
 Quot.sound]
'MagnitudeConjecture.TwoStepMinimalProjectivePresentation.ker_ordinaryBoundaryLinear' depends on axioms: [propext,
 Classical.choice,
 Quot.sound]
'MagnitudeConjecture.TwoStepMinimalProjectivePresentation.boundaryQuotientLinearEquiv' depends on axioms: [propext,
 Classical.choice,
 Quot.sound]
'MagnitudeConjecture.TwoStepMinimalProjectivePresentation.stableHomExtLinearEquiv' depends on axioms: [propext,
 Classical.choice,
 Quot.sound]
'MagnitudeConjecture.TwoStepMinimalProjectivePresentation.stableHomExtLinearEquiv_naturality' depends on axioms: [propext,
 Classical.choice,
 Quot.sound]
'MagnitudeConjecture.TwoStepMinimalProjectivePresentation.hasProjectiveDimensionLE_one_of_hom_from_injectiveCogenerator_to_nakayamaKernel_eq_zero' depends on axioms: [propext,
 Classical.choice,
 Quot.sound]
'MagnitudeConjecture.TwoStepMinimalProjectivePresentation.hasProjectiveDimensionLE_one_of_nakayamaKernelIso_of_hom_eq_zero' depends on axioms: [propext,
 Classical.choice,
 Quot.sound]
'MagnitudeConjecture.RightModule.FiniteIndecomposableSkeleton.PrimitiveProjectivePresentation.rightSequenceSupportEndpoint_hasProjectiveDimensionLE_one_of_nakayamaKernelIso' depends on axioms: [propext,
 Classical.choice,
 Quot.sound]
'MagnitudeConjecture.TwoStepMinimalProjectivePresentation.nakayamaKernel_isIndecomposableModule' depends on axioms: [propext,
 Classical.choice,
 Quot.sound]
'MagnitudeConjecture.TwoStepMinimalProjectivePresentation.nakayamaKernel_nontrivial' depends on axioms: [propext,
 Classical.choice,
 Quot.sound]
'MagnitudeConjecture.TwoStepMinimalProjectivePresentation.stableSocleClass_realization_isRightMinimal' depends on axioms: [propext,
 Classical.choice,
 Quot.sound]
'MagnitudeConjecture.TwoStepMinimalProjectivePresentation.nonempty_nakayamaKernelIso_kernel_of_minimalRightAlmostSplit' depends on axioms: [propext,
 Classical.choice,
 Quot.sound]
'MagnitudeConjecture.RightModule.FiniteIndecomposableSkeleton.rightTranslationIso_nakayamaKernel_of_targetIso' depends on axioms: [propext,
 Classical.choice,
 Quot.sound]
'MagnitudeConjecture.RightModule.FiniteIndecomposableSkeleton.rightTranslationIso_nakayamaKernel_of_isIndecomposableModule' depends on axioms: [propext,
 Classical.choice,
 Quot.sound]
'MagnitudeConjecture.RightModule.FiniteIndecomposableSkeleton.exists_rightSequenceLeftComponent_mono_of_simpleSocle' depends on axioms: [propext,
 Classical.choice,
 Quot.sound]
'MagnitudeConjecture.RightModule.FiniteIndecomposableSkeleton.PrimitiveProjectivePresentation.rightSequenceSupportKernelIso_nakayamaKernel' depends on axioms: [propext,
 Classical.choice,
 Quot.sound]
'MagnitudeConjecture.RightModule.FiniteIndecomposableSkeleton.PrimitiveProjectivePresentation.rightSequenceSupportEndpoint_hasProjectiveDimensionLE_one' depends on axioms: [propext,
 Classical.choice,
 Quot.sound]
'MagnitudeConjecture.RightModule.FiniteIndecomposableSkeleton.rightTranslation_strictly_precedes' depends on axioms: [propext,
 Classical.choice,
 Quot.sound]
'MagnitudeConjecture.RightModule.FiniteIndecomposableSkeleton.hom_to_rightTranslation_eq_zero' depends on axioms: [propext,
 Classical.choice,
 Quot.sound]
'MagnitudeConjecture.RightModule.FiniteIndecomposableSkeleton.extOne_self_eq_zero' depends on axioms: [propext,
 Classical.choice,
 Quot.sound]
'MagnitudeConjecture.RightModule.FiniteIndecomposableSkeleton.exists_nonzero_hom_inverseTranslation_of_extOne_ne_zero' depends on axioms: [propext,
 Classical.choice,
 Quot.sound]
'MagnitudeConjecture.projectiveColumn_vecMul_inverseTranspose_mul' depends on axioms: [propext,
 Classical.choice,
 Quot.sound]
'MagnitudeConjecture.RightModule.FiniteIndecomposableSkeleton.projectiveHomVectorFGObj_vecMul_inverseTranspose_mul' depends on axioms: [propext,
 Classical.choice,
 Quot.sound]
'MagnitudeConjecture.TwoStepMinimalProjectivePresentation.nakayamaKernel_projectiveHomVector_eq_coxeter' depends on axioms: [propext,
 Classical.choice,
 Quot.sound]
'MagnitudeConjecture.RightModule.FiniteIndecomposableSkeleton.PrimitiveProjectivePresentation.rightSequenceSupportSourceKernelIsLimit' depends on axioms: [propext,
 Classical.choice,
 Quot.sound]
'MagnitudeConjecture.RightModule.FiniteIndecomposableSkeleton.PrimitiveProjectivePresentation.rightSequenceSupportKernelIsoSource' depends on axioms: [propext,
 Classical.choice,
 Quot.sound]
'MagnitudeConjecture.RightModule.FiniteIndecomposableSkeleton.PrimitiveProjectivePresentation.rightSequenceSupportSource_coxeter_translate' depends on axioms: [propext,
 Classical.choice,
 Quot.sound]
'MagnitudeConjecture.TwoStepMinimalProjectivePresentation.differentialPrecompLinear_surjective_of_extOne_self_eq_zero' depends on axioms: [propext,
 Classical.choice,
 Quot.sound]
'MagnitudeConjecture.RightModule.FiniteIndecomposableSkeleton.dotProduct_projectiveCartanInverse_mulVec_projectiveHomVectorFGObj' depends on axioms: [propext,
 Classical.choice,
 Quot.sound]
'MagnitudeConjecture.RightModule.FiniteIndecomposableSkeleton.quadraticForm_projectiveHomVectorFGObj_eq_sub' depends on axioms: [propext,
 Classical.choice,
 Quot.sound]
'MagnitudeConjecture.RightModule.FiniteIndecomposableSkeleton.projectiveHomVector_quadraticForm_eq_one_of_mono_differential' depends on axioms: [propext,
 Classical.choice,
 Quot.sound]
'MagnitudeConjecture.RightModule.FiniteIndecomposableSkeleton.PrimitiveProjectivePresentation.rightSequenceSupportTarget_quadraticForm_eq_one' depends on axioms: [propext,
 Classical.choice,
 Quot.sound]
'MagnitudeConjecture.CategoryTheory.ShortComplex.ShortExact.finrank_end_middle_biprod_lt' depends on axioms: [propext,
 Classical.choice,
 Quot.sound]
'MagnitudeConjecture.RightModule.FiniteIndecomposableSkeleton.projectiveHomVectorFGObj_projectiveVectorRealization' depends on axioms: [propext,
 Classical.choice,
 Quot.sound]
'MagnitudeConjecture.RightModule.FiniteIndecomposableSkeleton.hasProjectiveDimensionLE_two_of_sincereDetection' depends on axioms: [propext,
 Classical.choice,
 Quot.sound]
'MagnitudeConjecture.RightModule.FiniteIndecomposableSkeleton.exists_projectiveVectorRealization_extOne_self_eq_zero' depends on axioms: [propext,
 Classical.choice,
 Quot.sound]
'MagnitudeConjecture.RightModule.FiniteIndecomposableSkeleton.finrank_end_le_quadraticForm_projectiveHomVectorFGObj' depends on axioms: [propext,
 Classical.choice,
 Quot.sound]
'MagnitudeConjecture.RightModule.FiniteIndecomposableSkeleton.projectiveCartanInverse_weaklyPositive_of_sincereDetection' depends on axioms: [propext,
 Classical.choice,
 Quot.sound]
'MagnitudeConjecture.RightModule.FiniteIndecomposableSkeleton.PrimitiveProjectivePresentation.supportLabel_sincereDetectionData' depends on axioms: [propext,
 Classical.choice,
 Quot.sound]
'MagnitudeConjecture.RightModule.FiniteIndecomposableSkeleton.PrimitiveProjectivePresentation.rightSequenceMiddleSupport_projectiveCartanInverse_weaklyPositive' depends on axioms: [propext,
 Classical.choice,
 Quot.sound]
'MagnitudeConjecture.RightModule.FiniteIndecomposableSkeleton.PrimitiveProjectivePresentation.rightSequenceSupportCartanRootPairData' depends on axioms: [propext,
 Classical.choice,
 Quot.sound]
'MagnitudeConjecture.RightModule.FiniteIndecomposableSkeleton.factor_map_mono_of_representableFaithful' depends on axioms: [propext,
 Classical.choice,
 Quot.sound]
'MagnitudeConjecture.RightModule.FiniteIndecomposableSkeleton.factor_map_epi_of_corepresentableFaithful' depends on axioms: [propext,
 Classical.choice,
 Quot.sound]
'MagnitudeConjecture.RightModule.FiniteIndecomposableSkeleton.PrimitiveFactorInput.rightMesh_mono' depends on axioms: [propext,
 Classical.choice,
 Quot.sound]
'MagnitudeConjecture.RightModule.FiniteIndecomposableSkeleton.PrimitiveFactorInput.leftMesh_epi' depends on axioms: [propext,
 Classical.choice,
 Quot.sound]
'MagnitudeConjecture.RightModule.FiniteIndecomposableSkeleton.PrimitiveFactorInput.homMeshInverseData' depends on axioms: [propext,
 Classical.choice,
 Quot.sound]
'MagnitudeConjecture.RightModule.FiniteIndecomposableSkeleton.PrimitiveFactorInput.meshUnitEquations' depends on axioms: [propext,
 Classical.choice,
 Quot.sound]
'MagnitudeConjecture.RightModule.FiniteIndecomposableSkeleton.factorRepresentableFaithful_of_sourceTrace' depends on axioms: [propext,
 Classical.choice,
 Quot.sound]
'MagnitudeConjecture.RightModule.FiniteIndecomposableSkeleton.factorCorepresentableFaithful_of_sinkReject' depends on axioms: [propext,
 Classical.choice,
 Quot.sound]
'MagnitudeConjecture.RightModule.FiniteIndecomposableSkeleton.sourceTraceFactorization_of_quotientsKilled' depends on axioms: [propext,
 Classical.choice,
 Quot.sound]
'MagnitudeConjecture.RightModule.FiniteIndecomposableSkeleton.sinkRejectFactorization_of_rejectsKilled' depends on axioms: [propext,
 Classical.choice,
 Quot.sound]
'MagnitudeConjecture.RightModule.FiniteIndecomposableSkeleton.sourceTraceQuotient_noMaps_of_projective' depends on axioms: [propext,
 Classical.choice,
 Quot.sound]
'MagnitudeConjecture.RightModule.FiniteIndecomposableSkeleton.sourceTraceQuotientsKilled_of_projective' depends on axioms: [propext,
 Classical.choice,
 Quot.sound]
'MagnitudeConjecture.RightModule.FiniteIndecomposableSkeleton.sinkRejectObject_noMaps_of_injective' depends on axioms: [propext,
 Classical.choice,
 Quot.sound]
'MagnitudeConjecture.RightModule.FiniteIndecomposableSkeleton.sinkRejectsKilled_of_injective' depends on axioms: [propext,
 Classical.choice,
 Quot.sound]
'MagnitudeConjecture.RightModule.FiniteIndecomposableSkeleton.PrimitiveTraceInput.sourceTraceQuotientsKilled' depends on axioms: [propext,
 Classical.choice,
 Quot.sound]
'MagnitudeConjecture.RightModule.FiniteIndecomposableSkeleton.PrimitiveTraceInput.sinkRejectsKilled' depends on axioms: [propext,
 Classical.choice,
 Quot.sound]
'MagnitudeConjecture.RightModule.FiniteIndecomposableSkeleton.PrimitiveTraceInput.toPrimitiveFactorInput' depends on axioms: [propext,
 Classical.choice,
 Quot.sound]
'MagnitudeConjecture.RightModule.FiniteIndecomposableSkeleton.PrimitiveTraceInput.rightMesh_mono' depends on axioms: [propext,
 Classical.choice,
 Quot.sound]
'MagnitudeConjecture.RightModule.FiniteIndecomposableSkeleton.PrimitiveTraceInput.leftMesh_epi' depends on axioms: [propext,
 Classical.choice,
 Quot.sound]
'MagnitudeConjecture.RightModule.FiniteIndecomposableSkeleton.PrimitiveTraceInput.homMeshInverseData' depends on axioms: [propext,
 Classical.choice,
 Quot.sound]
'MagnitudeConjecture.RightModule.FiniteIndecomposableSkeleton.PrimitiveTraceInput.meshUnitEquations' depends on axioms: [propext,
 Classical.choice,
 Quot.sound]
'MagnitudeConjecture.RightModule.FiniteIndecomposableSkeleton.factorHomFromLinearEquiv' depends on axioms: [propext,
 Classical.choice,
 Quot.sound]
'MagnitudeConjecture.RightModule.FiniteIndecomposableSkeleton.factorHomToLinearEquiv' depends on axioms: [propext,
 Classical.choice,
 Quot.sound]
'MagnitudeConjecture.RightModule.FiniteIndecomposableSkeleton.PrimitiveMultiplicityInput.killed_iff_sourceHomZero' depends on axioms: [propext,
 Classical.choice,
 Quot.sound]
'MagnitudeConjecture.RightModule.FiniteIndecomposableSkeleton.PrimitiveMultiplicityInput.killed_iff_sinkHomZero' depends on axioms: [propext,
 Classical.choice,
 Quot.sound]
'MagnitudeConjecture.RightModule.FiniteIndecomposableSkeleton.PrimitiveMultiplicityInput.toPrimitiveTraceInput' depends on axioms: [propext,
 Classical.choice,
 Quot.sound]
'MagnitudeConjecture.RightModule.FiniteIndecomposableSkeleton.PrimitiveMultiplicityInput.rightMesh_mono' depends on axioms: [propext,
 Classical.choice,
 Quot.sound]
'MagnitudeConjecture.RightModule.FiniteIndecomposableSkeleton.PrimitiveMultiplicityInput.leftMesh_epi' depends on axioms: [propext,
 Classical.choice,
 Quot.sound]
'MagnitudeConjecture.RightModule.FiniteIndecomposableSkeleton.PrimitiveMultiplicityInput.homMeshInverseData' depends on axioms: [propext,
 Classical.choice,
 Quot.sound]
'MagnitudeConjecture.RightModule.FiniteIndecomposableSkeleton.PrimitiveMultiplicityInput.meshUnitEquations' depends on axioms: [propext,
 Classical.choice,
 Quot.sound]
'MagnitudeConjecture.RightModule.FiniteIndecomposableSkeleton.PrimitiveMultiplicityInput.factorHomFrom_finrank_eq_multiplicity' depends on axioms: [propext,
 Classical.choice,
 Quot.sound]
'MagnitudeConjecture.RightModule.FiniteIndecomposableSkeleton.PrimitiveMultiplicityInput.comp_ne_zero_of_multiplicity_eq_one' depends on axioms: [propext,
 Classical.choice,
 Quot.sound]
'MagnitudeConjecture.RightModule.FiniteIndecomposableSkeleton.PrimitiveDirectedBoundaryData.projectivePartialOrder' depends on axioms: [propext,
 Classical.choice,
 Quot.sound]
'MagnitudeConjecture.RightModule.FiniteIndecomposableSkeleton.PrimitiveDirectedBoundaryData.projectivePosetData' depends on axioms: [propext,
 Classical.choice,
 Quot.sound]
'MagnitudeConjecture.RightModule.FiniteIndecomposableSkeleton.PrimitiveDirectedBoundaryData.card_factorProjectiveLabel' depends on axioms: [propext,
 Classical.choice,
 Quot.sound]
'MagnitudeConjecture.RightModule.FiniteIndecomposableSkeleton.PrimitiveDirectedBoundaryData.posetSpaceEquivalence' depends on axioms: [propext,
 Classical.choice,
 Quot.sound]
'MagnitudeConjecture.RightModule.FiniteIndecomposableSkeleton.PrimitiveDirectedBoundaryData.schurRealizationFamily' depends on axioms: [propext,
 Classical.choice,
 Quot.sound]
'MagnitudeConjecture.RightModule.FiniteIndecomposableSkeleton.SkeletonHomGrading.objInternalGrading' depends on axioms: [propext,
 Classical.choice,
 Quot.sound]
'MagnitudeConjecture.RightModule.FiniteIndecomposableSkeleton.SkeletonHomGrading.existsUnique_degree_mem' depends on axioms: [propext,
 Classical.choice,
 Quot.sound]
'MagnitudeConjecture.RightModule.FiniteIndecomposableSkeleton.SkeletonHomGrading.objLevel_source_eq_zero' depends on axioms: [propext,
 Classical.choice,
 Quot.sound]
'MagnitudeConjecture.RightModule.FiniteIndecomposableSkeleton.SkeletonHomGrading.objLevel_lt_of_nonzero_not_isIso' depends on axioms: [propext,
 Classical.choice,
 Quot.sound]
'MagnitudeConjecture.RightModule.FiniteIndecomposableSkeleton.SkeletonHomGrading.objLevel_le_sink' depends on axioms: [propext,
 Classical.choice,
 Quot.sound]
'MagnitudeConjecture.RightModule.FiniteIndecomposableSkeleton.factorRawRightMesh_X₁_not_isZero_of_translation_survives' depends on axioms: [propext,
 Classical.choice,
 Quot.sound]
'MagnitudeConjecture.RightModule.FiniteIndecomposableSkeleton.factorRawLeftMesh_X₃_not_isZero_of_inverse_translation_survives' depends on axioms: [propext,
 Classical.choice,
 Quot.sound]
'MagnitudeConjecture.RightModule.FiniteIndecomposableSkeleton.PrimitiveMultiplicityInput.factorProjective_ambient_projective_or_translation_killed' depends on axioms: [propext,
 Classical.choice,
 Quot.sound]
'MagnitudeConjecture.RightModule.FiniteIndecomposableSkeleton.PrimitiveMultiplicityInput.factorProjective_multiplicity_eq_one' depends on axioms: [propext,
 Classical.choice,
 Quot.sound]
'MagnitudeConjecture.RightModule.FiniteIndecomposableSkeleton.PrimitiveMultiplicityInput.factorInjective_ambient_injective_or_inverse_translation_killed' depends on axioms: [propext,
 Classical.choice,
 Quot.sound]
'MagnitudeConjecture.RightModule.FiniteIndecomposableSkeleton.PrimitiveMultiplicityInput.factorInjective_multiplicity_eq_one' depends on axioms: [propext,
 Classical.choice,
 Quot.sound]
'MagnitudeConjecture.RightModule.FiniteIndecomposableSkeleton.MultiplicityCoordinateEstimate.ofMiddleSupport' depends on axioms: [propext,
 Classical.choice,
 Quot.sound]
'MagnitudeConjecture.RightModule.FiniteIndecomposableSkeleton.PrimitiveDirectedBoundaryData.ofCoordinateEstimate' depends on axioms: [propext,
 Classical.choice,
 Quot.sound]
'MagnitudeConjecture.CategoryTheory.leftTauSequence_finrank' depends on axioms: [propext, Classical.choice, Quot.sound]
'MagnitudeConjecture.FiniteTauMatrix.additiveObjectWeight_homFromWeight' depends on axioms: [propext,
 Classical.choice,
 Quot.sound]
'MagnitudeConjecture.FiniteTauMatrix.additiveObjectWeight_homToWeight' depends on axioms: [propext,
 Classical.choice,
 Quot.sound]
'MagnitudeConjecture.FiniteTauMatrix.additiveObjectWeight_eq_zero_iff_isZero' depends on axioms: [propext,
 Classical.choice,
 Quot.sound]
'MagnitudeConjecture.FiniteTauMatrix.leftMeshLabelWeightDefect_homToWeight' depends on axioms: [propext,
 Classical.choice,
 Quot.sound]
'MagnitudeConjecture.RightModule.FiniteIndecomposableSkeleton.PrimitiveDirectedBoundaryData.multiplicity_rightMeshDefect' depends on axioms: [propext,
 Classical.choice,
 Quot.sound]
'MagnitudeConjecture.RightModule.FiniteIndecomposableSkeleton.PrimitiveDirectedBoundaryData.multiplicity_leftMeshDefect' depends on axioms: [propext,
 Classical.choice,
 Quot.sound]
'MagnitudeConjecture.RightModule.FiniteIndecomposableSkeleton.PrimitiveDirectedBoundaryData.rightMiddle_isZero_iff_eq_source' depends on axioms: [propext,
 Classical.choice,
 Quot.sound]
'MagnitudeConjecture.RightModule.FiniteIndecomposableSkeleton.PrimitiveDirectedBoundaryData.leftMiddle_isZero_iff_eq_sink' depends on axioms: [propext,
 Classical.choice,
 Quot.sound]
'MagnitudeConjecture.PosetSpace.toFullSupport_mono' depends on axioms: [propext, Classical.choice, Quot.sound]
'MagnitudeConjecture.PosetSpace.RepresentableData.essSurj_of_fullSupport_of_closedUnderSubobjects' depends on axioms: [propext,
 Classical.choice,
 Quot.sound]
'MagnitudeConjecture.RightModule.FiniteIndecomposableSkeleton.PrimitiveProjectivePosetData.precomposition_surjective_to_sinkBiproduct' depends on axioms: [propext,
 Classical.choice,
 Quot.sound]
'MagnitudeConjecture.RightModule.FiniteIndecomposableSkeleton.PrimitiveProjectivePosetData.sinkBiproductObjIsoFullSupport' depends on axioms: [propext,
 Classical.choice,
 Quot.sound]
'MagnitudeConjecture.RightModule.FiniteIndecomposableSkeleton.PrimitiveProjectivePosetData.fullSupport_mem_essentialImage' depends on axioms: [propext,
 Classical.choice,
 Quot.sound]
'MagnitudeConjecture.RightModule.FiniteIndecomposableSkeleton.PrimitiveProjectivePosetData.representable_essSurj_of_closedUnderSubobjects' depends on axioms: [propext,
 Classical.choice,
 Quot.sound]
'MagnitudeConjecture.RightModule.primitiveInjectiveHomRightIdealHomEquiv' depends on axioms: [propext,
 Classical.choice,
 Quot.sound]
'MagnitudeConjecture.RightModule.FiniteIndecomposableSkeleton.PrimitiveProjectivePresentation.projectiveHom_le_one' depends on axioms: [propext,
 Classical.choice,
 Quot.sound]
'MagnitudeConjecture.RightModule.FiniteIndecomposableSkeleton.PrimitiveProjectivePresentation.injectiveHom_le_one' depends on axioms: [propext,
 Classical.choice,
 Quot.sound]
'MagnitudeConjecture.RightModule.FiniteIndecomposableSkeleton.PrimitiveProjectivePresentation.schurianBoundaryData' depends on axioms: [propext,
 Classical.choice,
 Quot.sound]
'MagnitudeConjecture.RightModule.FiniteIndecomposableSkeleton.PrimitiveProjectivePresentation.multiplicityCoordinateEstimate' depends on axioms: [propext,
 Classical.choice,
 Quot.sound]
'MagnitudeConjecture.RightModule.FiniteIndecomposableSkeleton.PrimitiveProjectivePresentation.primitiveDirectedBoundaryData' depends on axioms: [propext,
 Classical.choice,
 Quot.sound]
'MagnitudeConjecture.RightModule.FiniteIndecomposableSkeleton.PrimitiveProjectivePosetData.card_factorProjectiveLabel' depends on axioms: [propext,
 Classical.choice,
 Quot.sound]
'MagnitudeConjecture.RightModule.FiniteIndecomposableSkeleton.PrimitiveProjectivePosetData.representable_faithful' depends on axioms: [propext,
 Classical.choice,
 Quot.sound]
'MagnitudeConjecture.RightModule.FiniteIndecomposableSkeleton.PrimitiveProjectivePosetData.precomposition_injective' depends on axioms: [propext,
 Classical.choice,
 Quot.sound]
'MagnitudeConjecture.RightModule.FiniteIndecomposableSkeleton.PrimitiveProjectivePosetData.incidenceMap_comp' depends on axioms: [propext,
 Classical.choice,
 Quot.sound]
'MagnitudeConjecture.RightModule.FiniteIndecomposableSkeleton.PrimitiveProjectivePosetData.projectiveObjIsoLine' depends on axioms: [propext,
 Classical.choice,
 Quot.sound]
'MagnitudeConjecture.RightModule.FiniteIndecomposableSkeleton.PrimitiveProjectivePosetData.sourceObjIsoEmptyLine' depends on axioms: [propext,
 Classical.choice,
 Quot.sound]
'MagnitudeConjecture.RightModule.FiniteIndecomposableSkeleton.PrimitiveProjectivePosetData.sinkObjIsoFullLine' depends on axioms: [propext,
 Classical.choice,
 Quot.sound]
'MagnitudeConjecture.RightModule.FiniteIndecomposableSkeleton.PrimitiveProjectivePosetData.finrank_obj_factorObject' depends on axioms: [propext,
 Classical.choice,
 Quot.sound]
'MagnitudeConjecture.RightModule.FiniteIndecomposableSkeleton.PrimitiveProjectivePosetData.boundaryRestrictedYoneda_full' depends on axioms: [propext,
 Classical.choice,
 Quot.sound]
'MagnitudeConjecture.RightModule.FiniteIndecomposableSkeleton.PrimitiveProjectivePosetData.representable_full' depends on axioms: [propext,
 Classical.choice,
 Quot.sound]
'MagnitudeConjecture.RightModule.FiniteIndecomposableSkeleton.PrimitiveProjectivePosetData.projective_to_source_eq_zero' depends on axioms: [propext,
 Classical.choice,
 Quot.sound]
'MagnitudeConjecture.RightModule.FiniteIndecomposableSkeleton.PrimitiveProjectivePosetData.boundaryHom_eq_zero_of_not_le' depends on axioms: [propext,
 Classical.choice,
 Quot.sound]
'MagnitudeConjecture.RightModule.FiniteIndecomposableSkeleton.PrimitiveProjectivePosetData.boundaryHomCoordinateEquiv_comp' depends on axioms: [propext,
 Classical.choice,
 Quot.sound]
'MagnitudeConjecture.RightModule.FiniteIndecomposableSkeleton.PrimitiveProjectivePosetData.boundaryEndOppositeRingEquiv' depends on axioms: [propext,
 Classical.choice,
 Quot.sound]
'MagnitudeConjecture.PosetSpace.isFiniteInjectiveBoundaryDiagram_iff_every_simple_meetsRoot' depends on axioms: [propext,
 Classical.choice,
 Quot.sound]
'MagnitudeConjecture.RightModule.FiniteIndecomposableSkeleton.PrimitiveProjectivePosetData.incidenceRestrictedYonedaDiagramNatIso' depends on axioms: [propext,
 Classical.choice,
 Quot.sound]
'MagnitudeConjecture.RightModule.FiniteIndecomposableSkeleton.PrimitiveProjectivePosetData.incidenceRestrictedYonedaDiagram_no_supportedAwaySubdiagram' depends on axioms: [propext,
 Classical.choice,
 Quot.sound]
'MagnitudeConjecture.PosetSpace.boundaryCoverMap_boundarySurjective' depends on axioms: [propext,
 Classical.choice,
 Quot.sound]
'MagnitudeConjecture.PosetSpace.emptyLine_boundaryProjective' depends on axioms: [propext, Classical.choice, Quot.sound]
'MagnitudeConjecture.PosetSpace.principalLine_boundaryProjective' depends on axioms: [propext,
 Classical.choice,
 Quot.sound]
'MagnitudeConjecture.PosetSpace.boundaryCoverMap_weakCokernel' depends on axioms: [propext,
 Classical.choice,
 Quot.sound]
'MagnitudeConjecture.RightModule.FiniteIndecomposableSkeleton.PrimitiveProjectivePosetData.boundaryCoverObjectIso' depends on axioms: [propext,
 Classical.choice,
 Quot.sound]
'MagnitudeConjecture.RightModule.FiniteIndecomposableSkeleton.PrimitiveProjectivePosetData.representedBoundaryCoverMap_boundarySurjective' depends on axioms: [propext,
 Classical.choice,
 Quot.sound]
'MagnitudeConjecture.RightModule.FiniteIndecomposableSkeleton.PrimitiveProjectivePosetData.map_liftedBoundaryRelationMap' depends on axioms: [propext,
 Classical.choice,
 Quot.sound]
'MagnitudeConjecture.RightModule.FiniteIndecomposableSkeleton.PrimitiveProjectivePosetData.representedBoundaryCoverMap_weakCokernel_lifted' depends on axioms: [propext,
 Classical.choice,
 Quot.sound]
'MagnitudeConjecture.RightModule.rightIdealFGObj_projective' depends on axioms: [propext, Classical.choice, Quot.sound]
'MagnitudeConjecture.RightModule.rightIdealHomCoordinateEquiv' depends on axioms: [propext,
 Classical.choice,
 Quot.sound]
'MagnitudeConjecture.RightModule.finrank_idempotentCoordinate_eq_zero_iff' depends on axioms: [propext,
 Classical.choice,
 Quot.sound]
'MagnitudeConjecture.RightModule.primitiveInjectiveFGObj_injective' depends on axioms: [propext,
 Classical.choice,
 Quot.sound]
'MagnitudeConjecture.RightModule.primitiveInjectiveHomCoordinateDualEquiv' depends on axioms: [propext,
 Classical.choice,
 Quot.sound]
'MagnitudeConjecture.RightModule.finrank_hom_primitiveInjective_eq_coordinate' depends on axioms: [propext,
 Classical.choice,
 Quot.sound]
'MagnitudeConjecture.RightModule.fgIndecomposable_of_isIndecomposableModule' depends on axioms: [propext,
 Classical.choice,
 Quot.sound]
'MagnitudeConjecture.RightModule.rightIdeal_isIndecomposableModule' depends on axioms: [propext,
 Classical.choice,
 Quot.sound]
'MagnitudeConjecture.RightModule.rightIdealFGObj_indecomposable' depends on axioms: [propext,
 Classical.choice,
 Quot.sound]
'MagnitudeConjecture.RightModule.leftIdeal_isIndecomposableModule' depends on axioms: [propext,
 Classical.choice,
 Quot.sound]
'MagnitudeConjecture.RightModule.primitiveInjectiveFGObj_indecomposable' depends on axioms: [propext,
 Classical.choice,
 Quot.sound]
'MagnitudeConjecture.RightModule.FiniteIndecomposableSkeleton.primitiveMultiplicity_eq_sourceHom' depends on axioms: [propext,
 Classical.choice,
 Quot.sound]
'MagnitudeConjecture.RightModule.FiniteIndecomposableSkeleton.primitiveMultiplicity_eq_sinkHom' depends on axioms: [propext,
 Classical.choice,
 Quot.sound]
'MagnitudeConjecture.RightModule.FiniteIndecomposableSkeleton.primitiveMultiplicityInput' depends on axioms: [propext,
 Classical.choice,
 Quot.sound]
'MagnitudeConjecture.RightModule.FiniteIndecomposableSkeleton.primitiveMeshUnitEquations' depends on axioms: [propext,
 Classical.choice,
 Quot.sound]
'MagnitudeConjecture.RightModule.primitiveQuotientMap_ker' depends on axioms: [propext, Classical.choice, Quot.sound]
'MagnitudeConjecture.RightModule.isAnnihilatedBy_primitiveIdeal_iff' depends on axioms: [propext,
 Classical.choice,
 Quot.sound]
'MagnitudeConjecture.RightModule.FiniteIndecomposableSkeleton.mem_primitiveKilledLabels_iff_isAnnihilatedBy' depends on axioms: [propext,
 Classical.choice,
 Quot.sound]
'MagnitudeConjecture.RightModule.FiniteIndecomposableSkeleton.primitiveMultiplicity_eq_zero_iff_isAnnihilatedBy' depends on axioms: [propext,
 Classical.choice,
 Quot.sound]
'MagnitudeConjecture.GradedTreeExcess.arrowTotal_eq_two_mul_vertexTotal_sub_length_sub_two' depends on axioms: [propext,
 Classical.choice,
 Quot.sound]
'MagnitudeConjecture.GradedTreeExcess.intrinsicExcessFromCounts_nonnegative' depends on axioms: [propext,
 Classical.choice,
 Quot.sound]
'MagnitudeConjecture.GradedTreeExcess.intrinsicExcessFromCounts_eq_zero_iff' depends on axioms: [propext,
 Classical.choice,
 Quot.sound]
'MagnitudeConjecture.GradedTreeExcess.matrixIntrinsicEulerExcess_nonnegative' depends on axioms: [propext,
 Classical.choice,
 Quot.sound]
'MagnitudeConjecture.GradedTreeExcess.sliceEdgeCount_of_translationRecurrence' depends on axioms: [propext]
'MagnitudeConjecture.GradedTreeExcess.matrixIntrinsicEulerExcess_nonnegative_of_translationRecurrence' depends on axioms: [propext,
 Classical.choice,
 Quot.sound]
'MagnitudeConjecture.GradedTreeExcess.matrixIntrinsicEulerExcess_eq_zero_iff_of_translationRecurrence' depends on axioms: [propext,
 Classical.choice,
 Quot.sound]
'MagnitudeConjecture.PosetSpace.lineHom_not_isIso' depends on axioms: [propext, Classical.choice, Quot.sound]
'MagnitudeConjecture.PosetSpace.supportLineChain_isNonzeroNonisomorphismChain' depends on axioms: [propext,
 Classical.choice,
 Quot.sound]
'MagnitudeConjecture.PosetSpace.PositiveGrading.hasNonzeroNonisomorphismLengthAtMost' depends on axioms: [propext,
 Classical.choice,
 Quot.sound]
'MagnitudeConjecture.PosetSpace.card_le_of_positiveGrading' depends on axioms: [propext, Classical.choice, Quot.sound]
'MagnitudeConjecture.PosetSpace.line_isSchur' depends on axioms: [propext, Classical.choice, Quot.sound]
'MagnitudeConjecture.PosetSpace.card_le_of_schurPositiveGrading' depends on axioms: [propext,
 Classical.choice,
 Quot.sound]
'MagnitudeConjecture.PosetSpace.supportLine_level_add_index_le' depends on axioms: [propext,
 Classical.choice,
 Quot.sound]
'MagnitudeConjecture.PosetSpace.card_add_one_le_of_schurDetour' depends on axioms: [propext,
 Classical.choice,
 Quot.sound]
'MagnitudeConjecture.PosetSpace.threePathComposite_ne_zero' depends on axioms: [propext, Classical.choice, Quot.sound]
'MagnitudeConjecture.PosetSpace.threeLinePlane_isSchur' depends on axioms: [propext, Classical.choice, Quot.sound]
'MagnitudeConjecture.PosetSpace.four_le_of_three_schurPositiveGrading' depends on axioms: [propext,
 Classical.choice,
 Quot.sound]
'MagnitudeConjecture.PosetSpace.reverseIndex_anti' depends on axioms: [propext, Classical.choice, Quot.sound]
'MagnitudeConjecture.PosetSpace.blockThreeLinePlane_isSchur' depends on axioms: [propext, Classical.choice, Quot.sound]
'MagnitudeConjecture.PosetSpace.ConsecutiveAntichainBlock.schurDetour' depends on axioms: [propext,
 Classical.choice,
 Quot.sound]
'MagnitudeConjecture.PosetSpace.card_add_one_le_of_consecutiveAntichainBlock' depends on axioms: [propext,
 Classical.choice,
 Quot.sound]
'MagnitudeConjecture.PosetSpace.antichainBlockRank_anti' depends on axioms: [propext, Classical.choice, Quot.sound]
'MagnitudeConjecture.PosetSpace.antichainBlockReverseEnumeration' depends on axioms: [propext,
 Classical.choice,
 Quot.sound]
'MagnitudeConjecture.PosetSpace.exists_reverseEnumeration_three_consecutive' depends on axioms: [propext,
 Classical.choice,
 Quot.sound]
'MagnitudeConjecture.PosetSpace.supportLineFor_level_add_index_le' depends on axioms: [propext,
 Classical.choice,
 Quot.sound]
'MagnitudeConjecture.PosetSpace.card_add_one_le_of_selectableSchurDetour' depends on axioms: [propext,
 Classical.choice,
 Quot.sound]
'MagnitudeConjecture.PosetSpace.consecutiveAntichainBlockForOfThree' depends on axioms: [propext,
 Classical.choice,
 Quot.sound]
'MagnitudeConjecture.PosetSpace.blockThreeLinePlaneFor_isSchur' depends on axioms: [propext,
 Classical.choice,
 Quot.sound]
'MagnitudeConjecture.PosetSpace.card_add_one_le_of_threeAntichain' depends on axioms: [propext,
 Classical.choice,
 Quot.sound]
'MagnitudeConjecture.PosetSpace.AdaptedBasis.coordinateProjection_mem_of_mem' depends on axioms: [propext,
 Classical.choice,
 Quot.sound]
'MagnitudeConjecture.PosetSpace.finrank_le_one_of_isSchur_of_hasCommonAdaptedBasis' depends on axioms: [propext,
 Classical.choice,
 Quot.sound]
'MagnitudeConjecture.PosetSpace.finrank_eq_one_of_isSchur_of_hasCommonAdaptedBasis' depends on axioms: [propext,
 Classical.choice,
 Quot.sound]
'MagnitudeConjecture.PosetSpace.finrank_eq_one_of_isSchur_of_two_flag_bases' depends on axioms: [propext,
 Classical.choice,
 Quot.sound]
'MagnitudeConjecture.PosetSpace.exists_flag_basis_of_finset_chain' depends on axioms: [propext,
 Classical.choice,
 Quot.sound]
'MagnitudeConjecture.PosetSpace.finrank_eq_one_of_isSchur_of_two_chain_cover' depends on axioms: [propext,
 Classical.choice,
 Quot.sound]
'MagnitudeConjecture.PosetSpace.exists_two_chain_cover_of_no_threeAntichain' depends on axioms: [propext,
 Classical.choice,
 Quot.sound]
'MagnitudeConjecture.PosetSpace.exists_threeAntichain_of_isSchur_of_two_le_finrank' depends on axioms: [propext,
 Classical.choice,
 Quot.sound]
'MagnitudeConjecture.PosetSpace.support_ssubset_of_ne_zero_of_not_isIso_of_finrank_eq_one' depends on axioms: [propext,
 Classical.choice,
 Quot.sound]
'MagnitudeConjecture.PosetSpace.hasNonzeroNonisomorphismLengthAtMost_card_of_finrank_eq_one' depends on axioms: [propext,
 Classical.choice,
 Quot.sound]
'MagnitudeConjecture.PosetSpace.finrank_eq_one_of_isSchur_of_positiveGrading_of_le_card' depends on axioms: [propext,
 Classical.choice,
 Quot.sound]
'MagnitudeConjecture.PosetSpace.schurLengthAtMostCard_of_positiveGrading_of_le_card' depends on axioms: [propext,
 Classical.choice,
 Quot.sound]
'MagnitudeConjecture.PosetSpace.SchurRealizationFamily.multiplicity_eq_one' depends on axioms: [propext,
 Classical.choice,
 Quot.sound]
'MagnitudeConjecture.GradedTreeExcess.matrixIntrinsicEulerExcess_nonnegative_of_translationRecurrence_and_posetSpace' depends on axioms: [propext,
 Classical.choice,
 Quot.sound]
'MagnitudeConjecture.GradedTreeExcess.finrank_eq_one_of_matrixIntrinsicEulerExcess_eq_zero_of_translationRecurrence_and_posetSpace' depends on axioms: [propext,
 Classical.choice,
 Quot.sound]
'MagnitudeConjecture.DirectedDeletion.finrank_eq_one_of_translationQuiverSurplus_difference_eq_zero_of_translationRecurrence_and_posetSpace' depends on axioms: [propext,
 Classical.choice,
 Quot.sound]
'MagnitudeConjecture.PosetSpace.RepresentableData.map_injective' depends on axioms: [propext,
 Classical.choice,
 Quot.sound]
'MagnitudeConjecture.PosetSpace.RepresentableData.obj_isSchur' depends on axioms: [propext,
 Classical.choice,
 Quot.sound]
'MagnitudeConjecture.PosetSpace.RepresentableData.EquivalenceData.equivalence' depends on axioms: [propext,
 Classical.choice,
 Quot.sound]
'MagnitudeConjecture.GradedLinear.existsUnique_component_eq_top_of_finrank_eq_one' depends on axioms: [propext,
 Classical.choice,
 Quot.sound]
'MagnitudeConjecture.GradedLinear.ShiftsDegree.range_isHomogeneous' depends on axioms: [propext,
 Classical.choice,
 Quot.sound]
'MagnitudeConjecture.PosetSpace.InternalGrading.existsUnique_component_eq_top' depends on axioms: [propext,
 Classical.choice,
 Quot.sound]
'MagnitudeConjecture.PosetSpace.InternalGrading.level_add_degree_eq' depends on axioms: [propext,
 Classical.choice,
 Quot.sound]
'MagnitudeConjecture.PosetSpace.RepresentableData.HomGrading.objInternalGrading' depends on axioms: [propext,
 Classical.choice,
 Quot.sound]
'MagnitudeConjecture.PosetSpace.RepresentableData.HomGrading.objLevel_add_degree_eq' depends on axioms: [propext,
 Classical.choice,
 Quot.sound]
'MagnitudeConjecture.MeshCategory.lengthComponent_isInternal' depends on axioms: [propext, Classical.choice, Quot.sound]
'MagnitudeConjecture.MeshCategory.end_isLocalRing_of_finiteDimensional' depends on axioms: [propext,
 Classical.choice,
 Quot.sound]
'MagnitudeConjecture.MeshCategory.rawCategory_skeletal' depends on axioms: [propext, Classical.choice, Quot.sound]
'QuotientSubmoduleEquidistribution.CategoricalIdeal.HomIdeal.quotientLift_faithful' depends on axioms: [propext,
 Classical.choice,
 Quot.sound]
'MagnitudeConjecture.MeshCategory.Realization.meshIdeal_isKilledBy' depends on axioms: [propext,
 Classical.choice,
 Quot.sound]
'MagnitudeConjecture.MeshCategory.Realization.DirectedExactData.map_eq_zero' depends on axioms: [propext,
 Classical.choice,
 Quot.sound]
'MagnitudeConjecture.MeshCategory.Realization.DirectedExactData.map_injective' depends on axioms: [propext,
 Classical.choice,
 Quot.sound]
'MagnitudeConjecture.RightModule.FiniteIndecomposableSkeleton.StandardMeshPresentation.ofDirectedExact' depends on axioms: [propext,
 Classical.choice,
 Quot.sound]
'MagnitudeConjecture.MeshCategory.RightMeshData.exists_eq_diagonalScalar_add_outgoingSum' depends on axioms: [propext,
 Classical.choice,
 Quot.sound]
'QuotientSubmoduleEquidistribution.IndecomposableSkeleton.rightAROccurrenceLinearEquivOfScalarEndomorphisms' depends on axioms: [propext,
 Classical.choice,
 Quot.sound]
'QuotientSubmoduleEquidistribution.IndecomposableSkeleton.leftAROccurrenceLinearEquivOfScalarEndomorphisms' depends on axioms: [propext,
 Classical.choice,
 Quot.sound]
'MagnitudeConjecture.RightModule.FiniteIndecomposableSkeleton.meshArrowMap_isIrreducible' depends on axioms: [propext,
 Classical.choice,
 Quot.sound]
'MagnitudeConjecture.RightModule.FiniteIndecomposableSkeleton.meshArrow_lt' depends on axioms: [propext,
 Classical.choice,
 Quot.sound]
'MagnitudeConjecture.RightModule.FiniteIndecomposableSkeleton.meshArrowEquiv' depends on axioms: [propext,
 Classical.choice,
 Quot.sound]
'MagnitudeConjecture.RightModule.FiniteIndecomposableSkeleton.rightMeshData' depends on axioms: [propext,
 Classical.choice,
 Quot.sound]
'MagnitudeConjecture.RightModule.exists_middleIso_normalizing_leftAlmostSplit' depends on axioms: [propext,
 Classical.choice,
 Quot.sound]
'MagnitudeConjecture.RightModule.FiniteIndecomposableSkeleton.exists_rightMeshSourceMap_factor' depends on axioms: [propext,
 Classical.choice,
 Quot.sound]
'MagnitudeConjecture.RightModule.FiniteIndecomposableSkeleton.exists_rightMesh_normalization' depends on axioms: [propext,
 Classical.choice,
 Quot.sound]
'MagnitudeConjecture.RightModule.FiniteIndecomposableSkeleton.realizedRightMeshSink_replaceArrowMapAt' depends on axioms: [propext,
 Classical.choice,
 Quot.sound]
'MagnitudeConjecture.RightModule.FiniteIndecomposableSkeleton.lift_map_meshRelation_eq_source_comp_sink' depends on axioms: [propext,
 Classical.choice,
 Quot.sound]
'MagnitudeConjecture.RightModule.FiniteIndecomposableSkeleton.exists_freePath_map_eq_of_rightAlmostSplit' depends on axioms: [propext,
 Classical.choice,
 Quot.sound]
'MagnitudeConjecture.RightModule.FiniteIndecomposableSkeleton.exists_standardMeshStage' depends on axioms: [propext,
 Classical.choice,
 Quot.sound]
'MagnitudeConjecture.RightModule.FiniteIndecomposableSkeleton.standardMeshRealization' depends on axioms: [propext,
 Classical.choice,
 Quot.sound]
'MagnitudeConjecture.RightModule.FiniteIndecomposableSkeleton.standardMeshDirectedExactData' depends on axioms: [propext,
 Classical.choice,
 Quot.sound]
'MagnitudeConjecture.RightModule.FiniteIndecomposableSkeleton.standardMeshPresentation' depends on axioms: [propext,
 Classical.choice,
 Quot.sound]
'MagnitudeConjecture.FiniteTauMatrix.rightMiddleComponent_isIrreducible' depends on axioms: [propext,
 Classical.choice,
 Quot.sound]
'MagnitudeConjecture.FiniteTauMatrix.arrowMultiplicity_eq_translation' depends on axioms: [propext,
 Classical.choice,
 Quot.sound]
'MagnitudeConjecture.RightModule.FiniteIndecomposableSkeleton.PrimitiveDirectedBoundaryData.standardFactorLevel_tauPlus_add_two' depends on axioms: [propext,
 Classical.choice,
 Quot.sound]
'MagnitudeConjecture.RightModule.FiniteIndecomposableSkeleton.PrimitiveDirectedBoundaryData.standardFactorVertexCount_add_two' depends on axioms: [propext,
 Classical.choice,
 Quot.sound]
'MagnitudeConjecture.RightModule.FiniteIndecomposableSkeleton.PrimitiveDirectedBoundaryData.standardFactorArrowCount_add_one' depends on axioms: [propext,
 Classical.choice,
 Quot.sound]
'MagnitudeConjecture.RightModule.FiniteIndecomposableSkeleton.PrimitiveDirectedBoundaryData.standardFactorArrowCount_zero' depends on axioms: [propext,
 Classical.choice,
 Quot.sound]
'MagnitudeConjecture.RightModule.FiniteIndecomposableSkeleton.PrimitiveDirectedBoundaryData.standardFactorArrowCount_eq_vertexCount_add_vertexCount_sub_one' depends on axioms: [propext,
 Classical.choice,
 Quot.sound]
'MagnitudeConjecture.RightModule.FiniteIndecomposableSkeleton.PrimitiveDirectedBoundaryData.standardFactorVertexTotal_eq_vertexCount' depends on axioms: [propext,
 Classical.choice,
 Quot.sound]
'MagnitudeConjecture.RightModule.FiniteIndecomposableSkeleton.PrimitiveDirectedBoundaryData.standardFactorArrowTotal_eq_arrowCount' depends on axioms: [propext,
 Classical.choice,
 Quot.sound]
'MagnitudeConjecture.RightModule.FiniteIndecomposableSkeleton.PrimitiveDirectedBoundaryData.standardFactorMeshEulerTotal' depends on axioms: [propext,
 Classical.choice,
 Quot.sound]
'MagnitudeConjecture.CategoryTheory.indecomposable_of_endomorphism_eq_smul_id' depends on axioms: [propext,
 Classical.choice,
 Quot.sound]
'MagnitudeConjecture.RightModule.FiniteIndecomposableSkeleton.PrimitiveDirectedBoundaryData.exists_standardFactorLabelIso_of_isSchur' depends on axioms: [propext,
 Classical.choice,
 Quot.sound]
'MagnitudeConjecture.RightModule.FiniteIndecomposableSkeleton.PrimitiveDirectedBoundaryData.standardFactorSchurPositiveGrading' depends on axioms: [propext,
 Classical.choice,
 Quot.sound]
'MagnitudeConjecture.RightModule.FiniteIndecomposableSkeleton.PrimitiveDirectedBoundaryData.standardFactorRealization_length_bound' depends on axioms: [propext,
 Classical.choice,
 Quot.sound]
'MagnitudeConjecture.RightModule.FiniteIndecomposableSkeleton.PrimitiveDirectedBoundaryData.standardFactorIntrinsicEulerExcess_nonnegative' depends on axioms: [propext,
 Classical.choice,
 Quot.sound]
'MagnitudeConjecture.RightModule.FiniteIndecomposableSkeleton.PrimitiveDirectedBoundaryData.standardFactorIntrinsicEulerExcess_eq_zero_iff' depends on axioms: [propext,
 Classical.choice,
 Quot.sound]
'MagnitudeConjecture.RightModule.FiniteIndecomposableSkeleton.PrimitiveDirectedBoundaryData.standardFactorSchur_finrank_eq_one_of_intrinsicEulerExcess_eq_zero' depends on axioms: [propext,
 Classical.choice,
 Quot.sound]
'MagnitudeConjecture.RightModule.FiniteIndecomposableSkeleton.StandardMeshPresentation.component_isInternal' depends on axioms: [propext,
 Classical.choice,
 Quot.sound]
'MagnitudeConjecture.RightModule.FiniteIndecomposableSkeleton.StandardMeshPresentation.factorIdealIsHomogeneous' depends on axioms: [propext,
 Classical.choice,
 Quot.sound]
'MagnitudeConjecture.RightModule.FiniteIndecomposableSkeleton.StandardMeshPresentation.factorSkeletonHomGrading' depends on axioms: [propext,
 Classical.choice,
 Quot.sound]
'MagnitudeConjecture.FiniteTauMatrix.not_isIrreducibleMorphism_of_mem_radical_mul' depends on axioms: [propext,
 Classical.choice,
 Quot.sound]
'MagnitudeConjecture.RightModule.FiniteIndecomposableSkeleton.StandardMeshPresentation.factorComponent_mem_radical_mul' depends on axioms: [propext,
 Classical.choice,
 Quot.sound]
'MagnitudeConjecture.RightModule.FiniteIndecomposableSkeleton.StandardMeshPresentation.irreducible_mem_factorComponent_one' depends on axioms: [propext,
 Classical.choice,
 Quot.sound]
'MagnitudeConjecture.CategoryTheory.finiteAddGeneratorPresentation_finBiproduct' depends on axioms: [propext,
 Classical.choice,
 Quot.sound]
'MagnitudeConjecture.RightModule.FiniteIndecomposableSkeleton.factorProjectiveGenerator_presentations' depends on axioms: [propext,
 Classical.choice,
 Quot.sound]
'MagnitudeConjecture.RightModule.FiniteIndecomposableSkeleton.factorProjectiveRestrictedYoneda_full' depends on axioms: [propext,
 Classical.choice,
 Quot.sound]
'MagnitudeConjecture.CoveringAverage.localChangeTotal_eq_first_sub_last' depends on axioms: [propext,
 Classical.choice,
 Quot.sound]
'MagnitudeConjecture.CoveringAverage.downstairs_difference_eq_average_localChange' depends on axioms: [propext,
 Classical.choice,
 Quot.sound]
'MagnitudeConjecture.CoveringAverage.downstairs_difference_nonnegative' depends on axioms: [propext,
 Classical.choice,
 Quot.sound]
'MagnitudeConjecture.CoveringAverage.localChange_eq_zero_of_downstairs_eq' depends on axioms: [propext,
 Classical.choice,
 Quot.sound]
'MagnitudeConjecture.ARCount.sum_localDensity_eq_surplus' depends on axioms: [propext, Classical.choice, Quot.sound]
'MagnitudeConjecture.ARCount.component_indegree_eq' depends on axioms: [propext, Classical.choice, Quot.sound]
'MagnitudeConjecture.ARCount.component_localDensity_eq' depends on axioms: [propext, Classical.choice, Quot.sound]
'MagnitudeConjecture.ARCount.surplus_eq_sum_componentSurplus' depends on axioms: [propext, Classical.choice, Quot.sound]
'MagnitudeConjecture.ARCount.surplus_nonnegative_of_componentSurplus_nonnegative' depends on axioms: [propext,
 Classical.choice,
 Quot.sound]
'MagnitudeConjecture.ARCount.componentSurplus_eq_zero_of_surplus_eq_zero' depends on axioms: [propext,
 Classical.choice,
 Quot.sound]
'MagnitudeConjecture.ARCount.surplus_eq_zero_iff_componentSurplus_eq_zero' depends on axioms: [propext,
 Classical.choice,
 Quot.sound]
'MagnitudeConjecture.MeshCategory.RightMeshData.UniversalCover.walkConnected_refl' does not depend on any axioms
'MagnitudeConjecture.MeshCategory.RightMeshData.UniversalCover.walkConnected_symm' does not depend on any axioms
'MagnitudeConjecture.MeshCategory.RightMeshData.UniversalCover.walkConnected_trans' does not depend on any axioms
'MagnitudeConjecture.MeshCategory.RightMeshData.UniversalCover.walkComponentClass_eq_of_walk' depends on axioms: [Quot.sound]
'MagnitudeConjecture.MeshCategory.RightMeshData.UniversalCover.nonempty_walk_of_walkComponentClass_eq' depends on axioms: [propext]
'MagnitudeConjecture.MeshCategory.RightMeshData.UniversalCover.walkComponentClass_eq_of_arrow' depends on axioms: [Quot.sound]
'MagnitudeConjecture.MeshCategory.RightMeshData.UniversalCover.walkComponentClass_tau' depends on axioms: [Quot.sound]
'MagnitudeConjecture.MeshCategory.RightMeshData.UniversalCover.isEmpty_arrow_of_walkComponentClass_ne' depends on axioms: [Quot.sound]
'MagnitudeConjecture.RightModule.FiniteIndecomposableSkeleton.standardForm_arrowMultiplicity_eq_zero_of_walkComponentClass_ne' depends on axioms: [propext,
 Classical.choice,
 Quot.sound]
'MagnitudeConjecture.RightModule.FiniteIndecomposableSkeleton.ambientARSurplus_eq_sum_standardFormComponentSurplus' depends on axioms: [propext,
 Classical.choice,
 Quot.sound]
'MagnitudeConjecture.RightModule.FiniteIndecomposableSkeleton.standardFormAlgebra_ambientARSurplus_eq_sum_componentSurplus' depends on axioms: [propext,
 Classical.choice,
 Quot.sound]
'MagnitudeConjecture.RightModule.FiniteIndecomposableSkeleton.ambientARSurplus_nonnegative_of_standardFormComponents_nonnegative' depends on axioms: [propext,
 Classical.choice,
 Quot.sound]
'MagnitudeConjecture.RightModule.FiniteIndecomposableSkeleton.standardFormComponentSurplus_eq_zero_of_ambientARSurplus_eq_zero' depends on axioms: [propext,
 Classical.choice,
 Quot.sound]
'MagnitudeConjecture.CoveringAction.orbitQuotientMapFiberEquiv' depends on axioms: [propext,
 Classical.choice,
 Quot.sound]
'MagnitudeConjecture.CoveringAction.groupOrbitQuotientMapFiberEquiv' depends on axioms: [propext,
 Classical.choice,
 Quot.sound]
'MagnitudeConjecture.CoveringAction.indegree_arrowMultiplicityOfOccurrences_eq' depends on axioms: [propext,
 Classical.choice,
 Quot.sound]
'MagnitudeConjecture.CoveringAction.occurrenceLocalDensity_orbitQuotientMap_mk' depends on axioms: [propext,
 Classical.choice,
 Quot.sound]
'MagnitudeConjecture.CoveringAction.occurrenceLocalDensity_orbitTowerEquiv' depends on axioms: [propext,
 Classical.choice,
 Quot.sound]
'MagnitudeConjecture.CoveringAction.orbitTowerEquiv' depends on axioms: [propext, Classical.choice, Quot.sound]
'MagnitudeConjecture.CoveringAction.orbitTowerEquiv_naturality' depends on axioms: [propext,
 Classical.choice,
 Quot.sound]
'MagnitudeConjecture.freeGroupResiduallyFinite' depends on axioms: [propext, Classical.choice, Quot.sound]
'MagnitudeConjecture.isMulTorsionFreeOfIsFreeGroup' depends on axioms: [propext, Classical.choice, Quot.sound]
'MagnitudeConjecture.residuallyFiniteOfIsFreeGroup' depends on axioms: [propext, Classical.choice, Quot.sound]
'MagnitudeConjecture.QuiverFreeGroupoid.end_isFreeGroup' depends on axioms: [propext, Classical.choice, Quot.sound]
'MagnitudeConjecture.ConnectedGroupoid.isFreeGroupoidOfEndIsFree' depends on axioms: [propext,
 Classical.choice,
 Quot.sound]
'MagnitudeConjecture.CategoryTheory.Functor.endMulEquivOfFullyFaithful' depends on axioms: [propext]
'MagnitudeConjecture.MeshCategory.RightMeshData.UniversalCover.HomotopyGroupoid.fundamentalGroupEquivEnd' depends on axioms: [propext,
 Quot.sound]
'MagnitudeConjecture.MeshCategory.RightMeshData.UniversalCover.HomotopyGroupoid.isFreeGroupoidOfFundamentalGroupIsFree' depends on axioms: [propext,
 Classical.choice,
 Quot.sound]
'MagnitudeConjecture.MeshCategory.RightMeshData.UniversalCover.HomotopyGroupoid.fundamentalGroup_isFree_of_freeGroupoidEquivalence' depends on axioms: [propext,
 Classical.choice,
 Quot.sound]
'MagnitudeConjecture.MeshCategory.RightMeshData.UniversalCover.HomotopyGroupoid.fundamentalGroup_isMulTorsionFree_of_freeGroupoidEquivalence' depends on axioms: [propext,
 Classical.choice,
 Quot.sound]
'MagnitudeConjecture.MeshCategory.RightMeshData.UniversalCover.HomotopyGroupoid.fundamentalGroup_residuallyFinite_of_freeGroupoidEquivalence' depends on axioms: [propext,
 Classical.choice,
 Quot.sound]
'MagnitudeConjecture.MeshCategory.RightMeshData.UniversalCover.HomotopyGroupoid.fundamentalGroup_isMulTorsionFree_of_isFreeGroupoid' depends on axioms: [propext,
 Classical.choice,
 Quot.sound]
'MagnitudeConjecture.MeshCategory.RightMeshData.UniversalCover.HomotopyGroupoid.fundamentalGroup_residuallyFinite_of_isFreeGroupoid' depends on axioms: [propext,
 Classical.choice,
 Quot.sound]
'MagnitudeConjecture.MeshCategory.RightMeshData.UniversalCover.HomotopyGroupoid.of_mesh_eq_old_comp_old' depends on axioms: [Quot.sound]
'MagnitudeConjecture.MeshCategory.RightMeshData.UniversalCover.HomotopyGroupoid.evalWalk_reverse' depends on axioms: [propext,
 Classical.choice,
 Quot.sound]
'MagnitudeConjecture.MeshCategory.RightMeshData.UniversalCover.HomotopyGroupoid.lift_spec' depends on axioms: [propext,
 Classical.choice,
 Quot.sound]
'MagnitudeConjecture.MeshCategory.RightMeshData.UniversalCover.HomotopyGroupoid.of_comp_meshCompatible' depends on axioms: [Quot.sound]
'MagnitudeConjecture.MeshCategory.RightMeshData.UniversalCover.HomotopyGroupoid.lift_of_comp' depends on axioms: [propext,
 Classical.choice,
 Quot.sound]
'MagnitudeConjecture.MeshCategory.RightMeshData.UniversalCover.HomotopyGroupoid.lift_unique' depends on axioms: [propext,
 Classical.choice,
 Quot.sound]
'MagnitudeConjecture.MeshCategory.RightMeshData.IsTauInjective.arrowTranslation_related' depends on axioms: [propext,
 Classical.choice,
 Quot.sound]
'MagnitudeConjecture.MeshCategory.RightMeshData.IsTauInjective.tau_related' does not depend on any axioms
'MagnitudeConjecture.MeshCategory.RightMeshData.IsTauInjective.arrowOrbitEnds_eq_mk_source_target' depends on axioms: [propext,
 Classical.choice,
 Quot.sound]
'MagnitudeConjecture.MeshCategory.RightMeshData.IsTauInjective.tauPermutation_apply_of_nonprojective' depends on axioms: [propext,
 Classical.choice,
 Quot.sound]
'MagnitudeConjecture.MeshCategory.RightMeshData.IsTauInjective.periodic_related_iff_sameCycle' depends on axioms: [propext,
 Classical.choice,
 Quot.sound]
'MagnitudeConjecture.MeshCategory.RightMeshData.IsTauInjective.not_isPeriodicTauOrbit_iff_exists_projective' depends on axioms: [propext,
 Classical.choice,
 Quot.sound]
'MagnitudeConjecture.MeshCategory.RightMeshData.IsTauInjective.periodicAdjacent_related' depends on axioms: [propext,
 Classical.choice,
 Quot.sound]
'MagnitudeConjecture.MeshCategory.RightMeshData.IsTauInjective.collapseTauOrbit_of_periodic' depends on axioms: [propext,
 Classical.choice,
 Quot.sound]
'MagnitudeConjecture.MeshCategory.RightMeshData.IsTauInjective.collapseTauOrbit_source_eq_target_of_periodic' depends on axioms: [propext,
 Classical.choice,
 Quot.sound]
'MagnitudeConjecture.MeshCategory.RightMeshData.IsTauInjective.periodicComponentLoop' depends on axioms: [propext,
 Classical.choice,
 Quot.sound]
'MagnitudeConjecture.MeshCategory.RightMeshData.IsTauInjective.componentGraphEdgeOfArrowOrbit_incidence_cases' depends on axioms: [propext,
 Classical.choice,
 Quot.sound]
'MagnitudeConjecture.MeshCategory.RightMeshData.IsTauInjective.componentGraphEdgeOf_periodicComponentArrow' depends on axioms: [propext,
 Classical.choice,
 Quot.sound]
'MagnitudeConjecture.MeshCategory.RightMeshData.IsTauInjective.nonempty_periodicComponentWalk_of_tau_related' depends on axioms: [propext,
 Classical.choice,
 Quot.sound]
'MagnitudeConjecture.MeshCategory.RightMeshData.IsTauInjective.nonempty_periodicComponentWalk_of_periodicAdjacent' depends on axioms: [propext,
 Classical.choice,
 Quot.sound]
'MagnitudeConjecture.MeshCategory.RightMeshData.IsTauInjective.periodicComponent_isWalkConnectedAt' depends on axioms: [propext,
 Classical.choice,
 Quot.sound]
'MagnitudeConjecture.MeshCategory.RightMeshData.IsTauInjective.tauBoundaryDepth_eq_zero_iff' depends on axioms: [propext,
 Classical.choice,
 Quot.sound]
'MagnitudeConjecture.MeshCategory.RightMeshData.IsTauInjective.tauBoundaryDepth_tau_add_one' depends on axioms: [propext,
 Classical.choice,
 Quot.sound]
'MagnitudeConjecture.MeshCategory.RightMeshData.IsTauInjective.sigmaBoundaryDistance_eq_zero_iff' depends on axioms: [propext,
 Classical.choice,
 Quot.sound]
'MagnitudeConjecture.MeshCategory.RightMeshData.IsTauInjective.sigmaBoundaryDistance_translation_add_one' depends on axioms: [propext,
 Classical.choice,
 Quot.sound]
'MagnitudeConjecture.MeshCategory.RightMeshData.IsTauInjective.sigmaBoundaryNormalForm' depends on axioms: [propext,
 Classical.choice,
 Quot.sound]
'MagnitudeConjecture.MeshCategory.RightMeshData.IsTauInjective.sigmaBoundaryNormalForm_boundary_eq_of_related' depends on axioms: [propext,
 Classical.choice,
 Quot.sound]
'MagnitudeConjecture.MeshCategory.RightMeshData.IsTauInjective.source_projective_arrow_unique_in_nonperiodic_orbit' depends on axioms: [propext,
 Classical.choice,
 Quot.sound]
'MagnitudeConjecture.MeshCategory.RightMeshData.IsTauInjective.nonperiodicArrowBoundaryRepresentative' depends on axioms: [propext,
 Classical.choice,
 Quot.sound]
'MagnitudeConjecture.MeshCategory.RightMeshData.IsTauInjective.nonperiodicArrowBoundaryRepresentative_source_projective' depends on axioms: [propext,
 Classical.choice,
 Quot.sound]
'MagnitudeConjecture.MeshCategory.RightMeshData.IsTauInjective.nonperiodicArrowBoundaryRepresentative_class' depends on axioms: [propext,
 Classical.choice,
 Quot.sound]
'MagnitudeConjecture.RightModule.FiniteIndecomposableSkeleton.standardFormTau_injective' depends on axioms: [propext,
 Classical.choice,
 Quot.sound]
'MagnitudeConjecture.RightModule.FiniteIndecomposableSkeleton.standardFormRightMeshData_isTauInjective' depends on axioms: [propext,
 Classical.choice,
 Quot.sound]
'MagnitudeConjecture.CoveringSeparation.exists_finiteIndexNormalSubgroup_avoiding' depends on axioms: [propext,
 Classical.choice,
 Quot.sound]
'MagnitudeConjecture.CoveringSeparation.exists_finiteIndexNormalSubgroup_pairwise_windowSeparated_of_localFinite' depends on axioms: [propext,
 Classical.choice,
 Quot.sound]
'MagnitudeConjecture.CoveringSeparation.interactionTranslations_finite_of_finite_support' depends on axioms: [propext,
 Classical.choice,
 Quot.sound]
'MagnitudeConjecture.CoveringSeparation.exists_finiteIndexNormalSubgroup_pairwise_windowSeparated_of_finite_support' depends on axioms: [propext,
 Classical.choice,
 Quot.sound]
'MagnitudeConjecture.CoveringSeparation.exists_finiteIndexNormalSubgroup_preserving_window' depends on axioms: [propext,
 Classical.choice,
 Quot.sound]
'MagnitudeConjecture.CoveringSeparation.exists_finiteIndexNormalSubgroup_preserving_window_of_finite_support' depends on axioms: [propext,
 Classical.choice,
 Quot.sound]
'MagnitudeConjecture.CoveringSeparation.iterateInteractionNeighborhood_finite' depends on axioms: [propext,
 Classical.choice,
 Quot.sound]
'MagnitudeConjecture.CoveringSeparation.iterateInteractionNeighborhood_smul' depends on axioms: [propext, Quot.sound]
'MagnitudeConjecture.CoveringSeparation.exists_finiteIndexNormalSubgroup_preserving_threeStepControlWindow' depends on axioms: [propext,
 Classical.choice,
 Quot.sound]
'MagnitudeConjecture.CoveringSeparation.exists_finiteIndexNormalSubgroup_preserving_threeStepControlWindow_of_finite_support' depends on axioms: [propext,
 Classical.choice,
 Quot.sound]
'MagnitudeConjecture.CoveringAction.orbitQuotientIsCancelSMul' depends on axioms: [propext,
 Classical.choice,
 Quot.sound]
'MagnitudeConjecture.CoveringAction.card_eq_orbitQuotient_card_mul_group_card' depends on axioms: [propext,
 Classical.choice,
 Quot.sound]
'MagnitudeConjecture.CoveringAction.eulerSurplus_scale_of_free_actions' depends on axioms: [propext,
 Classical.choice,
 Quot.sound]
'MagnitudeConjecture.CoveringAction.sum_eq_card_mul_sum_orbitInvariantDescend' depends on axioms: [propext,
 Classical.choice,
 Quot.sound]
'MagnitudeConjecture.CoveringAction.sum_occurrenceLocalDensity_eq_group_card_mul_quotient' depends on axioms: [propext,
 Classical.choice,
 Quot.sound]
'MagnitudeConjecture.CoveringHom.CoherentDeckShift.shiftOrbitSubgroupFunctor' depends on axioms: [propext,
 Classical.choice,
 Quot.sound]
'MagnitudeConjecture.CoveringHom.CoherentDeckShift.deckOrbitSubgroupFunctor' depends on axioms: [propext,
 Classical.choice,
 Quot.sound]
'MagnitudeConjecture.CoveringHom.CoherentDeckShift.orbitTowerEquiv_mk_eq_deckOrbitSubgroupFunctor_obj' depends on axioms: [propext,
 Classical.choice,
 Quot.sound]
'MagnitudeConjecture.CoveringHom.CoherentDeckShift.shiftOrbitSubgroupResidualCommShift' depends on axioms: [propext,
 Classical.choice,
 Quot.sound]
'MagnitudeConjecture.CoveringHom.CoherentDeckShift.shiftOrbitResidualFlattenFunctor' depends on axioms: [propext,
 Classical.choice,
 Quot.sound]
'MagnitudeConjecture.CoveringHom.CoherentDeckShift.deckOrbitSubgroupRepresentativeNatIso' depends on axioms: [propext,
 Classical.choice,
 Quot.sound]
'MagnitudeConjecture.CoveringHom.CoherentDeckShift.deckOrbitSubgroupFunctor_linear' depends on axioms: [propext,
 Classical.choice,
 Quot.sound]
'MagnitudeConjecture.CoveringHom.CoherentDeckShift.deckOrbitSubgroupResidualCommShift' depends on axioms: [propext,
 Classical.choice,
 Quot.sound]
'MagnitudeConjecture.CoveringHom.CoherentDeckShift.deckOrbitResidualFlattenFunctor' depends on axioms: [propext,
 Classical.choice,
 Quot.sound]
'MagnitudeConjecture.CoveringHom.CoherentDeckShift.deckOrbitTowerFlattenFunctor' depends on axioms: [propext,
 Classical.choice,
 Quot.sound]
'MagnitudeConjecture.CoveringHom.CoherentDeckShift.deckOrbitTowerFlattenFunctor_obj' depends on axioms: [propext,
 Classical.choice,
 Quot.sound]
'MagnitudeConjecture.CoveringHom.CoherentDeckShift.deckOrbitResidualFlattenRepresentativeNatIso' depends on axioms: [propext,
 Classical.choice,
 Quot.sound]
'MagnitudeConjecture.CoveringHom.CoherentDeckShift.deckOrbitResidualFlattenFunctor_full' depends on axioms: [propext,
 Classical.choice,
 Quot.sound]
'MagnitudeConjecture.CoveringHom.CoherentDeckShift.deckOrbitResidualFlattenFunctor_faithful' depends on axioms: [propext,
 Classical.choice,
 Quot.sound]
'MagnitudeConjecture.CoveringHom.CoherentDeckShift.deckOrbitTowerFlattenFunctor_full' depends on axioms: [propext,
 Classical.choice,
 Quot.sound]
'MagnitudeConjecture.CoveringHom.CoherentDeckShift.deckOrbitTowerFlattenFunctor_faithful' depends on axioms: [propext,
 Classical.choice,
 Quot.sound]
'MagnitudeConjecture.CoveringHom.CoherentDeckShift.deckOrbitTowerFlattenFunctor_essSurj' depends on axioms: [propext,
 Classical.choice,
 Quot.sound]
'MagnitudeConjecture.CoveringHom.CoherentDeckShift.deckOrbitTowerEquivalence' depends on axioms: [propext,
 Classical.choice,
 Quot.sound]
'MagnitudeConjecture.CoveringHom.linearModuleCongrEquivalence' depends on axioms: [propext,
 Classical.choice,
 Quot.sound]
'MagnitudeConjecture.CoveringHom.finiteDimensionalModuleCongrEquivalence' depends on axioms: [propext,
 Classical.choice,
 Quot.sound]
'MagnitudeConjecture.CoveringHom.CoherentDeckShift.deckOrbitTowerLinearModuleEquivalence' depends on axioms: [propext,
 Classical.choice,
 Quot.sound]
'MagnitudeConjecture.CoveringHom.CoherentDeckShift.deckOrbitTowerFiniteDimensionalModuleEquivalence' depends on axioms: [propext,
 Classical.choice,
 Quot.sound]
'MagnitudeConjecture.CoveringHom.FiniteDimensionalModuleIndecomposableSkeleton.mapEquivalence' depends on axioms: [propext,
 Classical.choice,
 Quot.sound]
'MagnitudeConjecture.CoveringHom.FiniteDimensionalModuleIndecomposableSkeleton.rightMiddleArity_mapEquivalence' depends on axioms: [propext,
 Classical.choice,
 Quot.sound]
'MagnitudeConjecture.CoveringHom.FiniteDimensionalModuleIndecomposableSkeleton.isProjective_mapEquivalence_iff' depends on axioms: [propext,
 Classical.choice,
 Quot.sound]
'MagnitudeConjecture.CoveringHom.FiniteDimensionalModuleIndecomposableSkeleton.rightTauLocalDensity_mapEquivalence' depends on axioms: [propext,
 Classical.choice,
 Quot.sound]
'MagnitudeConjecture.CoveringHom.CoherentDeckShift.deckOrbitTowerIndecomposableSkeleton' depends on axioms: [propext,
 Classical.choice,
 Quot.sound]
'MagnitudeConjecture.CoveringHom.CoherentDeckShift.deckOrbitTowerIndecomposableSkeleton_rightTauLocalDensity' depends on axioms: [propext,
 Classical.choice,
 Quot.sound]
'MagnitudeConjecture.CoveringHom.CoherentDeckShift.sum_rightTauLocalDensity_eq_deckOrbitTower' depends on axioms: [propext,
 Classical.choice,
 Quot.sound]
'MagnitudeConjecture.CoveringHom.CoherentDeckShift.normalSubgroupConjugationEquiv_index' depends on axioms: [propext,
 Quot.sound]
'MagnitudeConjecture.CoveringHom.CoherentDeckShift.orbitPushdownNormalTranslateValueEquiv_naturality' depends on axioms: [propext,
 Classical.choice,
 Quot.sound]
'MagnitudeConjecture.CoveringHom.CoherentDeckShift.orbitPushdownNormalTranslateIso' depends on axioms: [propext,
 Classical.choice,
 Quot.sound]
'MagnitudeConjecture.CoveringHom.CoherentDeckShift.linearModuleOrbitSkeletonPushdownNormalTranslateIso' depends on axioms: [propext,
 Classical.choice,
 Quot.sound]
'MagnitudeConjecture.CoveringHom.CoherentDeckShift.linearModuleOrbitSkeletonPushdownResidualShiftIso' depends on axioms: [propext,
 Classical.choice,
 Quot.sound]
'MagnitudeConjecture.CoveringHom.CoherentDeckShift.finiteDimensionalModuleOrbitSkeletonPushdownResidualShiftIso' depends on axioms: [propext,
 Classical.choice,
 Quot.sound]
'MagnitudeConjecture.CoveringHom.CoherentDeckShift.finiteDimensionalModuleRestrictShiftIso' depends on axioms: [propext,
 Classical.choice,
 Quot.sound]
'MagnitudeConjecture.CoveringHom.CoherentDeckShift.finiteDimensionalModuleOrbitSkeletonPushdown_residual_trivialStabilizer' depends on axioms: [propext,
 Classical.choice,
 Quot.sound]
'MagnitudeConjecture.CoveringHom.CoherentDeckShift.deckOrbitResidual_isFreeOnIsomorphismClasses' depends on axioms: [propext,
 Classical.choice,
 Quot.sound]
'MagnitudeConjecture.CoveringHom.CoherentDeckShift.finiteOrbitModuleIndecomposableSkeleton_residual_isShiftFreeOnLabels' depends on axioms: [propext,
 Classical.choice,
 Quot.sound]
'MagnitudeConjecture.CoveringHom.CoherentDeckShift.finiteOrbitModuleIndecomposableSkeleton_sum_eq_card_mul_residualOrbitSum' depends on axioms: [propext,
 Classical.choice,
 Quot.sound]
'MagnitudeConjecture.CoveringHom.CoherentDeckShift.shiftOrbitSubgroupMap_injective' depends on axioms: [propext,
 Classical.choice,
 Quot.sound]
'MagnitudeConjecture.CoveringHom.CoherentDeckShift.shiftOrbitSubgroupMap_normalTranslateMap' depends on axioms: [propext,
 Classical.choice,
 Quot.sound]
'MagnitudeConjecture.CoveringHom.CoherentDeckShift.shiftOrbitNormalTranslateFunctor' depends on axioms: [propext,
 Classical.choice,
 Quot.sound]
'MagnitudeConjecture.CoveringHom.CoherentDeckShift.shiftOrbitNormalTranslateRepresentativeIso' depends on axioms: [propext,
 Classical.choice,
 Quot.sound]
'MagnitudeConjecture.CoveringHom.CoherentDeckShift.deckOrbitNormalTranslateFunctor' depends on axioms: [propext,
 Classical.choice,
 Quot.sound]
'MagnitudeConjecture.CoveringHom.CoherentDeckShift.shiftOrbitNormalTranslateEmbeddingIso' depends on axioms: [propext,
 Classical.choice,
 Quot.sound]
'MagnitudeConjecture.CoveringHom.CoherentDeckShift.shiftOrbitSubgroupMap_normalTranslateComparisonMap' depends on axioms: [propext,
 Classical.choice,
 Quot.sound]
'MagnitudeConjecture.CoveringHom.CoherentDeckShift.shiftOrbitNormalTranslateIsoOfQuotientEq' depends on axioms: [propext,
 Classical.choice,
 Quot.sound]
'MagnitudeConjecture.CoveringHom.CoherentDeckShift.deckOrbitNormalTranslateIsoOfQuotientEq' depends on axioms: [propext,
 Classical.choice,
 Quot.sound]
'MagnitudeConjecture.CoveringHom.CoherentDeckShift.shiftOrbitNormalTranslateUnitIso' depends on axioms: [propext,
 Classical.choice,
 Quot.sound]
'MagnitudeConjecture.CoveringHom.CoherentDeckShift.shiftOrbitSubgroupMap_normalTranslateMulHom' depends on axioms: [propext,
 Classical.choice,
 Quot.sound]
'MagnitudeConjecture.CoveringHom.CoherentDeckShift.shiftOrbitNormalTranslateMulIso' depends on axioms: [propext,
 Classical.choice,
 Quot.sound]
'MagnitudeConjecture.CoveringHom.CoherentDeckShift.shiftOrbitNormalTranslateCore' depends on axioms: [propext,
 Classical.choice,
 Quot.sound]
'MagnitudeConjecture.CoveringHom.CoherentDeckShift.shiftOrbitNormalTranslateHasShift' depends on axioms: [propext,
 Classical.choice,
 Quot.sound]
'MagnitudeConjecture.CoveringHom.CoherentDeckShift.shiftOrbitResidualAddIso' depends on axioms: [propext,
 Classical.choice,
 Quot.sound]
'MagnitudeConjecture.CoveringHom.CoherentDeckShift.shiftOrbitResidualCore' depends on axioms: [propext,
 Classical.choice,
 Quot.sound]
'MagnitudeConjecture.CoveringHom.CoherentDeckShift.shiftOrbitResidualHasShift' depends on axioms: [propext,
 Classical.choice,
 Quot.sound]
'MagnitudeConjecture.CoveringHom.CoherentDeckShift.deckOrbitResidualCore' depends on axioms: [propext,
 Classical.choice,
 Quot.sound]
'MagnitudeConjecture.CoveringHom.CoherentDeckShift.deckOrbitResidualHasShift' depends on axioms: [propext,
 Classical.choice,
 Quot.sound]
'MagnitudeConjecture.CoveringHom.CoherentDeckShift.shiftOrbitSubgroupMap_smul' depends on axioms: [propext,
 Classical.choice,
 Quot.sound]
'MagnitudeConjecture.CoveringHom.CoherentDeckShift.deckOrbitNormalTranslateMap_smul' depends on axioms: [propext,
 Classical.choice,
 Quot.sound]
'MagnitudeConjecture.CoveringHom.CoherentDeckShift.deckOrbitResidualLinearShift' depends on axioms: [propext,
 Classical.choice,
 Quot.sound]
'MagnitudeConjecture.CoveringHom.CoherentDeckShift.deckOrbitResidualLinearModuleHasShift' depends on axioms: [propext,
 Classical.choice,
 Quot.sound]
'MagnitudeConjecture.CoveringHom.CoherentDeckShift.deckOrbitResidualLinearModuleShiftEvaluationIso' depends on axioms: [propext,
 Classical.choice,
 Quot.sound]
'MagnitudeConjecture.CoveringHom.CoherentDeckShift.deckOrbitResidualCore_obj_eq_inv_smul' depends on axioms: [propext,
 Classical.choice,
 Quot.sound]
'MagnitudeConjecture.CoveringHom.CoherentDeckShift.deckOrbitResidualCoherentDeckShift' depends on axioms: [propext,
 Classical.choice,
 Quot.sound]
'MagnitudeConjecture.CoveringHom.CoherentDeckShift.deckOrbitResidualIsCancelSMul' depends on axioms: [propext,
 Classical.choice,
 Quot.sound]
'MagnitudeConjecture.CoveringHom.CoherentDeckShift.deckOrbitResidualCoherentDeckShift_core_additive' depends on axioms: [propext,
 Classical.choice,
 Quot.sound]
'MagnitudeConjecture.CoveringHom.CoherentDeckShift.deckOrbitResidualCoherentDeckShift_core_linear' depends on axioms: [propext,
 Classical.choice,
 Quot.sound]
'MagnitudeConjecture.CoveringHom.FiniteDimensionalModuleIndecomposableSkeleton.labelMulAction' depends on axioms: [propext,
 Classical.choice,
 Quot.sound]
'MagnitudeConjecture.CoveringHom.FiniteDimensionalModuleIndecomposableSkeleton.rightMiddleArity_shiftLabel' depends on axioms: [propext,
 Classical.choice,
 Quot.sound]
'MagnitudeConjecture.CoveringHom.FiniteDimensionalModuleIndecomposableSkeleton.indecomposable_trivialStabilizer_of_isShiftFreeOnLabels' depends on axioms: [propext,
 Classical.choice,
 Quot.sound]
'MagnitudeConjecture.CoveringHom.FiniteDimensionalModuleIndecomposableSkeleton.sum_occurrenceLocalDensity_eq_card_mul_orbitSum' depends on axioms: [propext,
 Classical.choice,
 Quot.sound]
'MagnitudeConjecture.CoveringHom.FiniteDimensionalModuleIndecomposableSkeleton.relabelEquiv' depends on axioms: [propext,
 Classical.choice,
 Quot.sound]
'MagnitudeConjecture.CoveringHom.FiniteDimensionalModuleIndecomposableSkeleton.rightMiddleArity_eq_of_obj_iso' depends on axioms: [propext,
 Classical.choice,
 Quot.sound]
'MagnitudeConjecture.CoveringHom.FiniteDimensionalModuleIndecomposableSkeleton.isProjective_iff_of_obj_iso' depends on axioms: [propext,
 Classical.choice,
 Quot.sound]
'MagnitudeConjecture.CoveringHom.FiniteDimensionalModuleIndecomposableSkeleton.rightTauLocalDensity_eq_of_obj_iso' depends on axioms: [propext,
 Classical.choice,
 Quot.sound]
'MagnitudeConjecture.CoveringHom.FiniteDimensionalModuleIndecomposableSkeleton.sum_rightTauLocalDensity_eq' depends on axioms: [propext,
 Classical.choice,
 Quot.sound]
'MagnitudeConjecture.RightModule.primitiveLeftQuotientAlgEquiv' depends on axioms: [propext,
 Classical.choice,
 Quot.sound]
'MagnitudeConjecture.RightModule.primitiveQuotientEquivalence' depends on axioms: [propext,
 Classical.choice,
 Quot.sound]
'MagnitudeConjecture.RightModule.primitiveQuotientSubcategory_epi_ambient' depends on axioms: [propext,
 Classical.choice,
 Quot.sound]
'MagnitudeConjecture.RightModule.primitiveQuotient_isRepresentationFinite' depends on axioms: [propext,
 Classical.choice,
 Quot.sound]
'MagnitudeConjecture.RightModule.idealLeftQuotientAlgEquiv' depends on axioms: [propext, Classical.choice, Quot.sound]
'MagnitudeConjecture.RightModule.idealQuotientEquivalence' depends on axioms: [propext, Classical.choice, Quot.sound]
'MagnitudeConjecture.map_moduleSocle_le' depends on axioms: [propext, Classical.choice, Quot.sound]
'MagnitudeConjecture.moduleSocleInclusion_isEssential_of_injective_indecomposable' depends on axioms: [propext,
 Classical.choice,
 Quot.sound]
'MagnitudeConjecture.moduleSocleInclusion_comp_eq_zero_of_not_iso' depends on axioms: [propext,
 Classical.choice,
 Quot.sound]
'MagnitudeConjecture.RightModule.rightIdealActionHom' depends on axioms: [propext, Classical.choice, Quot.sound]
'MagnitudeConjecture.RightModule.rightIdealActionHom_apply' depends on axioms: [propext, Classical.choice, Quot.sound]
'MagnitudeConjecture.RightModule.FiniteIndecomposableSkeleton.idealQuotientSubcategory_indecomposable_iff_ambient' depends on axioms: [propext,
 Classical.choice,
 Quot.sound]
'MagnitudeConjecture.RightModule.FiniteIndecomposableSkeleton.idealQuotientFGObj_indecomposable' depends on axioms: [propext,
 Classical.choice,
 Quot.sound]
'MagnitudeConjecture.RightModule.FiniteIndecomposableSkeleton.idealQuotientFGObj_skeletal' depends on axioms: [propext,
 Classical.choice,
 Quot.sound]
'MagnitudeConjecture.RightModule.FiniteIndecomposableSkeleton.idealQuotientFGObj_complete' depends on axioms: [propext,
 Classical.choice,
 Quot.sound]
'MagnitudeConjecture.RightModule.FiniteIndecomposableSkeleton.idealQuotientAlmostSplitSkeleton' depends on axioms: [propext,
 Classical.choice,
 Quot.sound]
'MagnitudeConjecture.RightModule.FiniteIndecomposableSkeleton.idealQuotientFiniteLabelEquiv' depends on axioms: [propext,
 Classical.choice,
 Quot.sound]
'MagnitudeConjecture.RightModule.FiniteIndecomposableSkeleton.idealQuotientFiniteIndecomposableSkeleton' depends on axioms: [propext,
 Classical.choice,
 Quot.sound]
'MagnitudeConjecture.RightModule.FiniteIndecomposableSkeleton.idealQuotientFiniteFGObjIso' depends on axioms: [propext,
 Classical.choice,
 Quot.sound]
'MagnitudeConjecture.RightModule.FiniteIndecomposableSkeleton.idealQuotientSubcategory_simple_iff_ambient' depends on axioms: [propext,
 Classical.choice,
 Quot.sound]
'MagnitudeConjecture.RightModule.FiniteIndecomposableSkeleton.idealQuotientFGObj_simple_iff_ambient' depends on axioms: [propext,
 Classical.choice,
 Quot.sound]
'MagnitudeConjecture.RightModule.FiniteIndecomposableSkeleton.PrimitiveProjectivePresentation.moduleSocleInclusion_comp_primitiveLeftActionComponent_eq_zero' depends on axioms: [propext,
 Classical.choice,
 Quot.sound]
'MagnitudeConjecture.RightModule.FiniteIndecomposableSkeleton.PrimitiveProjectivePresentation.mul_mem_primitiveProjectiveSocleSubmodule' depends on axioms: [propext,
 Classical.choice,
 Quot.sound]
'MagnitudeConjecture.RightModule.FiniteIndecomposableSkeleton.PrimitiveProjectivePresentation.primitiveProjectiveSocleIdeal' depends on axioms: [propext,
 Classical.choice,
 Quot.sound]
'MagnitudeConjecture.RightModule.FiniteIndecomposableSkeleton.PrimitiveProjectivePresentation.mem_primitiveProjectiveSocleIdeal' depends on axioms: [propext,
 Classical.choice,
 Quot.sound]
'MagnitudeConjecture.RightModule.FiniteIndecomposableSkeleton.PrimitiveProjectivePresentation.isAnnihilatedBy_primitiveProjectiveSocleIdeal_of_not_iso' depends on axioms: [propext,
 Classical.choice,
 Quot.sound]
'MagnitudeConjecture.RightModule.FiniteIndecomposableSkeleton.PrimitiveProjectivePresentation.rightIdealFGObj_not_isAnnihilatedBy_primitiveProjectiveSocleIdeal' depends on axioms: [propext,
 Classical.choice,
 Quot.sound]
'MagnitudeConjecture.RightModule.FiniteIndecomposableSkeleton.PrimitiveProjectivePresentation.fgObj_isAnnihilatedBy_primitiveProjectiveSocleIdeal_iff' depends on axioms: [propext,
 Classical.choice,
 Quot.sound]
'MagnitudeConjecture.RightModule.FiniteIndecomposableSkeleton.PrimitiveProjectivePresentation.socleQuotientLabelEquivComplement' depends on axioms: [propext,
 Classical.choice,
 Quot.sound]
'MagnitudeConjecture.RightModule.FiniteIndecomposableSkeleton.PrimitiveProjectivePresentation.card_socleQuotientLabel_add_one' depends on axioms: [propext,
 Classical.choice,
 Quot.sound]
'MagnitudeConjecture.RightModule.FiniteIndecomposableSkeleton.PrimitiveProjectivePresentation.primitiveProjectiveSocleQuotient_isAnnihilatedBy' depends on axioms: [propext,
 Classical.choice,
 Quot.sound]
'MagnitudeConjecture.RightModule.FiniteIndecomposableSkeleton.PrimitiveProjectivePresentation.primitiveProjectiveSocleQuotientObj_projective' depends on axioms: [propext,
 Classical.choice,
 Quot.sound]
'MagnitudeConjecture.RightModule.FiniteIndecomposableSkeleton.PrimitiveProjectivePresentation.primitiveProjectiveSocleQuotient_top_isSimpleModule' depends on axioms: [propext,
 Classical.choice,
 Quot.sound]
'MagnitudeConjecture.RightModule.FiniteIndecomposableSkeleton.PrimitiveProjectivePresentation.primitiveProjectiveSocleQuotient_isIndecomposableModule' depends on axioms: [propext,
 Classical.choice,
 Quot.sound]
'MagnitudeConjecture.RightModule.FiniteIndecomposableSkeleton.PrimitiveProjectivePresentation.primitiveProjectiveSocleQuotientAlgebraFGObj_projective' depends on axioms: [propext,
 Classical.choice,
 Quot.sound]
'MagnitudeConjecture.RightModule.FiniteIndecomposableSkeleton.PrimitiveProjectivePresentation.primitiveProjectiveSocleQuotientAlgebraFGObj_isIndecomposableModule' depends on axioms: [propext,
 Classical.choice,
 Quot.sound]
'MagnitudeConjecture.RightModule.FiniteIndecomposableSkeleton.PrimitiveProjectivePresentation.socleQuotientReplacementLabel' depends on axioms: [propext,
 Classical.choice,
 Quot.sound]
'MagnitudeConjecture.RightModule.FiniteIndecomposableSkeleton.PrimitiveProjectivePresentation.socleQuotientReplacementLabel_projective' depends on axioms: [propext,
 Classical.choice,
 Quot.sound]
'MagnitudeConjecture.RightModule.FiniteIndecomposableSkeleton.PrimitiveProjectivePresentation.socleQuotientReplacementLabel_ne' depends on axioms: [propext,
 Classical.choice,
 Quot.sound]
'MagnitudeConjecture.moduleSocleQuotientProjection_epi' depends on axioms: [propext, Classical.choice, Quot.sound]
'MagnitudeConjecture.moduleSocleQuotientProjection_isLeftAlmostSplit' depends on axioms: [propext,
 Classical.choice,
 Quot.sound]
'MagnitudeConjecture.moduleSocleQuotientProjection_isLeftMinimal' depends on axioms: [propext,
 Classical.choice,
 Quot.sound]
'MagnitudeConjecture.jacobson_isIndecomposableModule_of_injective' depends on axioms: [propext,
 Classical.choice,
 Quot.sound]
'MagnitudeConjecture.RightModule.FiniteIndecomposableSkeleton.projectiveInjectiveBoundaryRadical_isIndecomposableModule' depends on axioms: [propext,
 Classical.choice,
 Quot.sound]
'MagnitudeConjecture.RightModule.FiniteIndecomposableSkeleton.projectiveInjectiveBoundaryRadicalLabel' depends on axioms: [propext,
 Classical.choice,
 Quot.sound]
'MagnitudeConjecture.RightModule.FiniteIndecomposableSkeleton.PrimitiveProjectivePresentation.primitiveProjectiveSocleQuotientAmbientIso' depends on axioms: [propext,
 Classical.choice,
 Quot.sound]
'MagnitudeConjecture.RightModule.FiniteIndecomposableSkeleton.PrimitiveProjectivePresentation.projectiveInjectiveLeftMiddleIso' depends on axioms: [propext,
 Classical.choice,
 Quot.sound]
'MagnitudeConjecture.RightModule.FiniteIndecomposableSkeleton.PrimitiveProjectivePresentation.projectiveInjectiveLeftMiddle_card_eq_one' depends on axioms: [propext,
 Classical.choice,
 Quot.sound]
'MagnitudeConjecture.RightModule.FiniteIndecomposableSkeleton.PrimitiveProjectivePresentation.projectiveInjectiveLeftMiddle_label_eq_replacement' depends on axioms: [propext,
 Classical.choice,
 Quot.sound]
'MagnitudeConjecture.RightModule.FiniteIndecomposableSkeleton.PrimitiveProjectivePresentation.hasIrreducibleMorphism_from_projectiveInjective_iff' depends on axioms: [propext,
 Classical.choice,
 Quot.sound]
'MagnitudeConjecture.RightModule.FiniteIndecomposableSkeleton.PrimitiveProjectivePresentation.projectiveInjectiveRightMiddleIso' depends on axioms: [propext,
 Classical.choice,
 Quot.sound]
'MagnitudeConjecture.RightModule.FiniteIndecomposableSkeleton.PrimitiveProjectivePresentation.projectiveInjectiveRightMiddle_card_eq_one' depends on axioms: [propext,
 Classical.choice,
 Quot.sound]
'MagnitudeConjecture.RightModule.FiniteIndecomposableSkeleton.PrimitiveProjectivePresentation.projectiveInjectiveRightMiddle_label_eq_radical' depends on axioms: [propext,
 Classical.choice,
 Quot.sound]
'MagnitudeConjecture.RightModule.FiniteIndecomposableSkeleton.PrimitiveProjectivePresentation.hasIrreducibleMorphism_to_projectiveInjective_iff' depends on axioms: [propext,
 Classical.choice,
 Quot.sound]
'MagnitudeConjecture.RightModule.FiniteIndecomposableSkeleton.PrimitiveProjectivePresentation.socleQuotientReplacementLabel_not_projective' depends on axioms: [propext,
 Classical.choice,
 Quot.sound]
'MagnitudeConjecture.RightModule.FiniteIndecomposableSkeleton.PrimitiveProjectivePresentation.exists_projectiveInjectiveMiddleOccurrence_at_socleQuotient' depends on axioms: [propext,
 Classical.choice,
 Quot.sound]
'MagnitudeConjecture.RightModule.FiniteIndecomposableSkeleton.PrimitiveProjectivePresentation.card_projectiveInjectiveMiddleOccurrence_at_socleQuotient_eq_one' depends on axioms: [propext,
 Classical.choice,
 Quot.sound]
'MagnitudeConjecture.RightModule.FiniteIndecomposableSkeleton.PrimitiveProjectivePresentation.rightTranslationLabel_socleQuotientReplacement' depends on axioms: [propext,
 Classical.choice,
 Quot.sound]
'MagnitudeConjecture.RightModule.FiniteIndecomposableSkeleton.PrimitiveProjectivePresentation.socleQuotientReplacementKernelIso' depends on axioms: [propext,
 Classical.choice,
 Quot.sound]
'MagnitudeConjecture.RightModule.idealQuotientProperty_closedUnderSubobjects' depends on axioms: [propext,
 Classical.choice,
 Quot.sound]
'MagnitudeConjecture.RightModule.isAnnihilatedBy_biproduct' depends on axioms: [propext, Classical.choice, Quot.sound]
'MagnitudeConjecture.RightModule.idealTorsionFGObj_isAnnihilatedBy' depends on axioms: [propext,
 Classical.choice,
 Quot.sound]
'MagnitudeConjecture.RightModule.idealTorsionLift_comp_inclusion' depends on axioms: [propext,
 Classical.choice,
 Quot.sound]
'MagnitudeConjecture.RightModule.idealTorsionIsoOfIsAnnihilated' depends on axioms: [propext,
 Classical.choice,
 Quot.sound]
'MagnitudeConjecture.RightModule.idealTorsionTargetKernelIso' depends on axioms: [propext, Classical.choice, Quot.sound]
'MagnitudeConjecture.RightModule.idealTorsionTargetMap_isRightAlmostSplit' depends on axioms: [propext,
 Classical.choice,
 Quot.sound]
'MagnitudeConjecture.RightModule.idealTorsionTargetMap_isRightMinimal_of_source_isAnnihilatedBy' depends on axioms: [propext,
 Classical.choice,
 Quot.sound]
'MagnitudeConjecture.RightModule.idealTorsionSourceDecomposition' depends on axioms: [propext,
 Classical.choice,
 Quot.sound]
'MagnitudeConjecture.RightModule.idealQuotientSubcategory_projective_of_ambient' depends on axioms: [propext,
 Classical.choice,
 Quot.sound]
'MagnitudeConjecture.RightModule.idealQuotientFGObj_projective_of_ambient' depends on axioms: [propext,
 Classical.choice,
 Quot.sound]
'MagnitudeConjecture.RightModule.idealQuotientSubcategory_injective_of_ambient' depends on axioms: [propext,
 Classical.choice,
 Quot.sound]
'MagnitudeConjecture.RightModule.idealQuotientFGObj_injective_of_ambient' depends on axioms: [propext,
 Classical.choice,
 Quot.sound]
'MagnitudeConjecture.RightModule.idealTorsionTargetSourceDecomposition' depends on axioms: [propext,
 Classical.choice,
 Quot.sound]
'MagnitudeConjecture.RightModule.idealQuotientSubcategory_enoughProjectives' depends on axioms: [propext,
 Classical.choice,
 Quot.sound]
'MagnitudeConjecture.RightModule.idealTorsionTargetMap_mono_iff_of_source_isAnnihilatedBy' depends on axioms: [propext,
 Classical.choice,
 Quot.sound]
'MagnitudeConjecture.RightModule.idealQuotient_projective_iff_of_minimal_sink_source_isAnnihilatedBy' depends on axioms: [propext,
 Classical.choice,
 Quot.sound]
'MagnitudeConjecture.RightModule.FiniteIndecomposableSkeleton.idealQuotientFiniteTauCategoryData' depends on axioms: [propext,
 Classical.choice,
 Quot.sound]
'MagnitudeConjecture.RightModule.FiniteIndecomposableSkeleton.minimalRightAlmostSplitAtDecomposition' depends on axioms: [propext,
 Classical.choice,
 Quot.sound]
'MagnitudeConjecture.RightModule.FiniteIndecomposableSkeleton.projectiveInjective_rightMiddleArity_eq_one' depends on axioms: [propext,
 Classical.choice,
 Quot.sound]
'MagnitudeConjecture.RightModule.FiniteIndecomposableSkeleton.PrimitiveProjectivePresentation.minimalRightAlmostSplitAt_label_ne_projectiveInjective_of_endpoint_ne' depends on axioms: [propext,
 Classical.choice,
 Quot.sound]
'MagnitudeConjecture.RightModule.FiniteIndecomposableSkeleton.PrimitiveProjectivePresentation.minimalRightAlmostSplitAt_middle_isAnnihilatedBy_of_endpoint_ne' depends on axioms: [propext,
 Classical.choice,
 Quot.sound]
'MagnitudeConjecture.RightModule.FiniteIndecomposableSkeleton.PrimitiveProjectivePresentation.socleQuotientLabelObj_projective_iff_ambient_of_endpoint_ne' depends on axioms: [propext,
 Classical.choice,
 Quot.sound]
'MagnitudeConjecture.RightModule.FiniteIndecomposableSkeleton.PrimitiveProjectivePresentation.socleQuotientFGObj_projective_iff_ambient_of_endpoint_ne' depends on axioms: [propext,
 Classical.choice,
 Quot.sound]
'MagnitudeConjecture.RightModule.FiniteIndecomposableSkeleton.PrimitiveProjectivePresentation.socleQuotientSurvivingEquiv' depends on axioms: [propext,
 Classical.choice,
 Quot.sound]
'MagnitudeConjecture.RightModule.FiniteIndecomposableSkeleton.PrimitiveProjectivePresentation.socleQuotientFiniteSurvivingEquiv' depends on axioms: [propext,
 Classical.choice,
 Quot.sound]
'MagnitudeConjecture.RightModule.FiniteIndecomposableSkeleton.PrimitiveProjectivePresentation.socleQuotientFiniteSurvivorLabel' depends on axioms: [propext,
 Classical.choice,
 Quot.sound]
'MagnitudeConjecture.RightModule.FiniteIndecomposableSkeleton.PrimitiveProjectivePresentation.socleQuotientFiniteSurvivorIso' depends on axioms: [propext,
 Classical.choice,
 Quot.sound]
'MagnitudeConjecture.RightModule.FiniteIndecomposableSkeleton.PrimitiveProjectivePresentation.socleQuotient_other_projectiveInjective' depends on axioms: [propext,
 Classical.choice,
 Quot.sound]
'MagnitudeConjecture.RightModule.FiniteIndecomposableSkeleton.PrimitiveProjectivePresentation.socleQuotient_other_not_isSimpleModule' depends on axioms: [propext,
 Classical.choice,
 Quot.sound]
'MagnitudeConjecture.RightModule.FiniteIndecomposableSkeleton.PrimitiveProjectivePresentation.socleQuotientFiniteReplacementLabel' depends on axioms: [propext,
 Classical.choice,
 Quot.sound]
'MagnitudeConjecture.RightModule.FiniteIndecomposableSkeleton.PrimitiveProjectivePresentation.idealQuotientFiniteLabelEquiv_socleQuotientFiniteReplacementLabel' depends on axioms: [propext,
 Classical.choice,
 Quot.sound]
'MagnitudeConjecture.RightModule.FiniteIndecomposableSkeleton.PrimitiveProjectivePresentation.socleQuotientFiniteReplacement_ambient_not_isProjective' depends on axioms: [propext,
 Classical.choice,
 Quot.sound]
'MagnitudeConjecture.RightModule.FiniteIndecomposableSkeleton.PrimitiveProjectivePresentation.socleQuotientFiniteReplacement_isProjective' depends on axioms: [propext,
 Classical.choice,
 Quot.sound]
'MagnitudeConjecture.RightModule.FiniteIndecomposableSkeleton.PrimitiveProjectivePresentation.socleQuotient_isProjective_iff_ambient_of_endpoint_ne' depends on axioms: [propext,
 Classical.choice,
 Quot.sound]
'MagnitudeConjecture.RightModule.FiniteIndecomposableSkeleton.PrimitiveProjectivePresentation.socleQuotient_rightMiddleArity_eq_ambient_of_endpoint_ne' depends on axioms: [propext,
 Classical.choice,
 Quot.sound]
'MagnitudeConjecture.RightModule.FiniteIndecomposableSkeleton.PrimitiveProjectivePresentation.projectiveInjectiveBoundaryRadical_not_injective' depends on axioms: [propext,
 Classical.choice,
 Quot.sound]
'MagnitudeConjecture.RightModule.FiniteIndecomposableSkeleton.PrimitiveProjectivePresentation.projectiveInjectiveBoundaryRadical_isAnnihilatedBy' depends on axioms: [propext,
 Classical.choice,
 Quot.sound]
'MagnitudeConjecture.RightModule.FiniteIndecomposableSkeleton.PrimitiveProjectivePresentation.idealTorsionFGObj_projectiveInjectiveIsoRadical' depends on axioms: [propext,
 Classical.choice,
 Quot.sound]
'MagnitudeConjecture.RightModule.FiniteIndecomposableSkeleton.PrimitiveProjectivePresentation.socleQuotientExceptionalSourceDecomposition' depends on axioms: [propext,
 Classical.choice,
 Quot.sound]
'MagnitudeConjecture.RightModule.FiniteIndecomposableSkeleton.PrimitiveProjectivePresentation.projectiveInjectiveBoundaryRadicalObj_injective' depends on axioms: [propext,
 Classical.choice,
 Quot.sound]
'MagnitudeConjecture.RightModule.FiniteIndecomposableSkeleton.PrimitiveProjectivePresentation.projectiveInjectiveBoundaryRadicalAlgebraFGObj_injective' depends on axioms: [propext,
 Classical.choice,
 Quot.sound]
'MagnitudeConjecture.RightModule.FiniteIndecomposableSkeleton.PrimitiveProjectivePresentation.socleQuotientRadicalLabel' depends on axioms: [propext,
 Classical.choice,
 Quot.sound]
'MagnitudeConjecture.RightModule.FiniteIndecomposableSkeleton.PrimitiveProjectivePresentation.socleQuotientRadicalLabel_injective' depends on axioms: [propext,
 Classical.choice,
 Quot.sound]
'MagnitudeConjecture.RightModule.FiniteIndecomposableSkeleton.PrimitiveProjectivePresentation.socleQuotient_replacement_rightMiddleArity_add_one_eq_ambient' depends on axioms: [propext,
 Classical.choice,
 Quot.sound]
'MagnitudeConjecture.RightModule.FiniteIndecomposableSkeleton.PrimitiveProjectivePresentation.socleQuotientRejectionProfile' depends on axioms: [propext,
 Classical.choice,
 Quot.sound]
'MagnitudeConjecture.RightModule.FiniteIndecomposableSkeleton.PrimitiveProjectivePresentation.socleQuotient_eulerMagnitude_eq' depends on axioms: [propext,
 Classical.choice,
 Quot.sound]
'MagnitudeConjecture.CategoryTheory.exists_mono_rightAlmostSplit_complement_of_injective_kernel' depends on axioms: [propext,
 Classical.choice,
 Quot.sound]
'MagnitudeConjecture.RightModule.idealQuotientSubcategory_epi_ambient' depends on axioms: [propext,
 Classical.choice,
 Quot.sound]
'MagnitudeConjecture.RightModule.idealQuotient_isRepresentationFinite' depends on axioms: [propext,
 Classical.choice,
 Quot.sound]
'MagnitudeConjecture.RightModule.primitiveTorsionFGObj_isAnnihilatedBy' depends on axioms: [propext,
 Classical.choice,
 Quot.sound]
'MagnitudeConjecture.RightModule.primitiveTorsionLift_comp_inclusion' depends on axioms: [propext,
 Classical.choice,
 Quot.sound]
'MagnitudeConjecture.RightModule.primitiveTorsionTargetMap_isRightAlmostSplit' depends on axioms: [propext,
 Classical.choice,
 Quot.sound]
'MagnitudeConjecture.RightModule.primitiveTorsion_functionExact' depends on axioms: [propext,
 Classical.choice,
 Quot.sound]
'MagnitudeConjecture.RightModule.primitiveTorsion_shortExact' depends on axioms: [propext, Classical.choice, Quot.sound]
'MagnitudeConjecture.RightModule.primitiveTorsionFGObj_nontrivial_of_not_projective' depends on axioms: [propext,
 Classical.choice,
 Quot.sound]
'MagnitudeConjecture.RightModule.hom_to_primitiveTorsionQuotient_eq_zero' depends on axioms: [propext,
 Classical.choice,
 Quot.sound]
'MagnitudeConjecture.RightModule.primitiveTorsionEndRestriction_surjective_of_ext_subsingleton' depends on axioms: [propext,
 Classical.choice,
 Quot.sound]
'MagnitudeConjecture.RightModule.FiniteIndecomposableSkeleton.primitiveTorsionQuotient_extOne_rightTranslation_subsingleton' depends on axioms: [propext,
 Classical.choice,
 Quot.sound]
'MagnitudeConjecture.RightModule.FiniteIndecomposableSkeleton.primitiveTorsionFGObj_rightTranslation_end_isLocalRing' depends on axioms: [propext,
 Classical.choice,
 Quot.sound]
'MagnitudeConjecture.RightModule.FiniteIndecomposableSkeleton.primitiveTorsionFGObj_rightTranslation_isIndecomposableModule' depends on axioms: [propext,
 Classical.choice,
 Quot.sound]
'MagnitudeConjecture.RightModule.FiniteIndecomposableSkeleton.primitiveTorsionTargetMap_minimalRightAlmostSplit' depends on axioms: [propext,
 Classical.choice,
 Quot.sound]
'MagnitudeConjecture.RightModule.FiniteIndecomposableSkeleton.isAnnihilatedBy_primitiveIdeal_middle_of_exact' depends on axioms: [propext,
 Classical.choice,
 Quot.sound]
'MagnitudeConjecture.RightModule.FiniteIndecomposableSkeleton.inAdd_primitiveKilledLabels_of_isAnnihilatedBy' depends on axioms: [propext,
 Classical.choice,
 Quot.sound]
'MagnitudeConjecture.RightModule.FiniteIndecomposableSkeleton.indecomposableMultiplicity_meshRightMiddle' depends on axioms: [propext,
 Classical.choice,
 Quot.sound]
'MagnitudeConjecture.RightModule.FiniteIndecomposableSkeleton.PrimitiveNewRightMeshEndpoint.rightMarker_isInjective' depends on axioms: [propext,
 Classical.choice,
 Quot.sound]
'MagnitudeConjecture.RightModule.FiniteIndecomposableSkeleton.ambientARShortComplex_shortExact' depends on axioms: [propext,
 Classical.choice,
 Quot.sound]
'MagnitudeConjecture.RightModule.FiniteIndecomposableSkeleton.PrimitiveNewRightMeshEndpoint.hom_primitiveDeletedSimple_to_ambientMiddle_eq_zero' depends on axioms: [propext,
 Classical.choice,
 Quot.sound]
'MagnitudeConjecture.InjectivePresentationExt.connectingLinear_injective_of_subsingleton_hom_middle' depends on axioms: [propext,
 Classical.choice,
 Quot.sound]
'MagnitudeConjecture.InjectivePresentationExt.connectingLinear_surjective_of_ext_subsingleton_middle' depends on axioms: [propext,
 Classical.choice,
 Quot.sound]
'MagnitudeConjecture.RightModule.FiniteIndecomposableSkeleton.projectiveSimpleTop_isSimpleModule' depends on axioms: [propext,
 Classical.choice,
 Quot.sound]
'MagnitudeConjecture.RightModule.FiniteIndecomposableSkeleton.PrimitiveNewRightMeshEndpoint.exists_unique_ambientMiddle_primitiveSummand' depends on axioms: [propext,
 Classical.choice,
 Quot.sound]
'MagnitudeConjecture.RightModule.FiniteIndecomposableSkeleton.PrimitiveNewRightMeshEndpoint.ambientMiddleComplement_isAnnihilatedBy' depends on axioms: [propext,
 Classical.choice,
 Quot.sound]
'MagnitudeConjecture.RightModule.FiniteIndecomposableSkeleton.PrimitiveNewRightMeshEndpoint.primitiveTorsionAmbientMiddleSplitIso' depends on axioms: [propext,
 Classical.choice,
 Quot.sound]
'MagnitudeConjecture.RightModule.FiniteIndecomposableSkeleton.PrimitiveNewRightMeshEndpoint.positiveConnectingClass_ne_zero' depends on axioms: [propext,
 Classical.choice,
 Quot.sound]
'MagnitudeConjecture.RightModule.FiniteIndecomposableSkeleton.PrimitiveNewRightMeshEndpoint.positiveSourceLabel_not_injective' depends on axioms: [propext,
 Classical.choice,
 Quot.sound]
'MagnitudeConjecture.RightModule.FiniteIndecomposableSkeleton.PrimitiveNewRightMeshEndpoint.exists_nonzero_positiveSourceMarker' depends on axioms: [propext,
 Classical.choice,
 Quot.sound]
'MagnitudeConjecture.RightModule.FiniteIndecomposableSkeleton.PrimitiveNewRightMeshEndpoint.positiveSourceLabel_strict_multiplicity' depends on axioms: [propext,
 Classical.choice,
 Quot.sound]
'MagnitudeConjecture.RightModule.FiniteIndecomposableSkeleton.PrimitiveNewRightMeshEndpoint.quotientShortComplex_shortExact' depends on axioms: [propext,
 Classical.choice,
 Quot.sound]
'MagnitudeConjecture.RightModule.FiniteIndecomposableSkeleton.PrimitiveNewRightMeshEndpoint.quotientShortComplex_g_minimalRightAlmostSplit' depends on axioms: [propext,
 Classical.choice,
 Quot.sound]
'MagnitudeConjecture.RightModule.FiniteIndecomposableSkeleton.PrimitiveNewRightMeshEndpoint.quotientShortComplex_f_minimalLeftAlmostSplit' depends on axioms: [propext,
 Classical.choice,
 Quot.sound]
'MagnitudeConjecture.RightModule.FiniteIndecomposableSkeleton.PrimitiveNewRightMeshEndpoint.sourceLabel_injective' depends on axioms: [propext,
 Classical.choice,
 Quot.sound]
'MagnitudeConjecture.RightModule.FiniteIndecomposableSkeleton.primitiveQuotientAlmostSplitSkeleton' depends on axioms: [propext,
 Classical.choice,
 Quot.sound]
'MagnitudeConjecture.RightModule.FiniteIndecomposableSkeleton.primitiveQuotient_endomorphism_eq_smul_id' depends on axioms: [propext,
 Classical.choice,
 Quot.sound]
'MagnitudeConjecture.RightModule.FiniteIndecomposableSkeleton.primitiveQuotientMinimalRightAlmostSplitDecomposition' depends on axioms: [propext,
 Classical.choice,
 Quot.sound]
'MagnitudeConjecture.RightModule.FiniteIndecomposableSkeleton.primitiveQuotientIrreducibleArrowMultiplicity_eq_relative' depends on axioms: [propext,
 Classical.choice,
 Quot.sound]
'MagnitudeConjecture.RightModule.FiniteIndecomposableSkeleton.ambientIrreducibleArrowMultiplicity_eq_arrowMultiplicity' depends on axioms: [propext,
 Classical.choice,
 Quot.sound]
'MagnitudeConjecture.RightModule.FiniteIndecomposableSkeleton.positiveGainingPair_injective' depends on axioms: [propext,
 Classical.choice,
 Quot.sound]
'MagnitudeConjecture.RightModule.FiniteIndecomposableSkeleton.card_positiveEndpoint_le_card_primitiveGainingPair' depends on axioms: [propext,
 Classical.choice,
 Quot.sound]
'MagnitudeConjecture.RightModule.FiniteIndecomposableSkeleton.card_primitiveGainingPair_le_primitiveTotalArrowGain' depends on axioms: [propext,
 Classical.choice,
 Quot.sound]
'MagnitudeConjecture.RightModule.FiniteIndecomposableSkeleton.PrimitiveNewRightMeshEndpoint.fgShortComplex_shortExact' depends on axioms: [propext,
 Classical.choice,
 Quot.sound]
'MagnitudeConjecture.RightModule.FiniteIndecomposableSkeleton.PrimitiveNewRightMeshEndpoint.sourceAmbientLabel_mem' depends on axioms: [propext,
 Classical.choice,
 Quot.sound]
'MagnitudeConjecture.RightModule.FiniteIndecomposableSkeleton.PrimitiveNewRightMeshEndpoint.sourceAmbientLabel_not_injective' depends on axioms: [propext,
 Classical.choice,
 Quot.sound]
'MagnitudeConjecture.RightModule.FiniteIndecomposableSkeleton.PrimitiveNewRightMeshEndpoint.leftMarkerAmbientLabel_not_mem' depends on axioms: [propext,
 Classical.choice,
 Quot.sound]
'MagnitudeConjecture.RightModule.FiniteIndecomposableSkeleton.PrimitiveNewRightMeshEndpoint.leftMarker_isProjective' depends on axioms: [propext,
 Classical.choice,
 Quot.sound]
'MagnitudeConjecture.RightModule.FiniteIndecomposableSkeleton.PrimitiveNewRightMeshEndpoint.leftMarker_primitiveMultiplicity_eq_one' depends on axioms: [propext,
 Classical.choice,
 Quot.sound]
'MagnitudeConjecture.PosetSpace.homFromPrincipalLineEquiv' depends on axioms: [propext, Classical.choice, Quot.sound]
'MagnitudeConjecture.PosetSpace.homToCoPrincipalLineEquiv' depends on axioms: [propext, Classical.choice, Quot.sound]
'MagnitudeConjecture.PosetSpace.principalSubspace_incidenceBoundaryEvaluation_exact' depends on axioms: [propext,
 Classical.choice,
 Quot.sound]
'MagnitudeConjecture.PosetSpace.incidenceBoundaryEvaluation_surjective' depends on axioms: [propext,
 Classical.choice,
 Quot.sound]
'MagnitudeConjecture.PosetSpace.homFromPrincipalLine_nonzero_iff_homToCoPrincipalLine_eq_zero' depends on axioms: [propext,
 Classical.choice,
 Quot.sound]
'MagnitudeConjecture.RightModule.FiniteIndecomposableSkeleton.PrimitiveNewRightMeshEndpoint.extOne_deletedSimple_rightMarker_subsingleton' depends on axioms: [propext,
 Classical.choice,
 Quot.sound]
'MagnitudeConjecture.RightModule.FiniteIndecomposableSkeleton.PrimitiveNewRightMeshEndpoint.deletedSimple_rightMarkerTorsionQuotient_finrank_eq_one' depends on axioms: [propext,
 Classical.choice,
 Quot.sound]
'MagnitudeConjecture.RightModule.FiniteIndecomposableSkeleton.PrimitiveNewRightMeshEndpoint.exists_leftMarker_to_deletedSimple_of_isPositive' depends on axioms: [propext,
 Classical.choice,
 Quot.sound]
'MagnitudeConjecture.RightModule.FiniteIndecomposableSkeleton.PrimitiveNewRightMeshEndpoint.exists_nonzero_extOne_deletedSimple_sourceModule_of_leftMarker' depends on axioms: [propext,
 Classical.choice,
 Quot.sound]
'MagnitudeConjecture.RightModule.FiniteIndecomposableSkeleton.PrimitiveNewRightMeshEndpoint.hasComplementaryMarkers' depends on axioms: [propext,
 Classical.choice,
 Quot.sound]
'MagnitudeConjecture.RightModule.FiniteIndecomposableSkeleton.contragredientNewMeshEndpoint_isPositive_iff' depends on axioms: [propext,
 Classical.choice,
 Quot.sound]
'MagnitudeConjecture.RightModule.FiniteIndecomposableSkeleton.contragredientNewMeshEndpoint_isPositive_of_not_isPositive' depends on axioms: [propext,
 Classical.choice,
 Quot.sound]
'MagnitudeConjecture.RightModule.FiniteIndecomposableSkeleton.contragredient_primitiveMultiplicity_eq' depends on axioms: [propext,
 Classical.choice,
 Quot.sound]
'MagnitudeConjecture.RightModule.FiniteIndecomposableSkeleton.MultiplicityCoordinateEstimate.contragredient' depends on axioms: [propext,
 Classical.choice,
 Quot.sound]
'MagnitudeConjecture.RightModule.FiniteIndecomposableSkeleton.PrimitiveDirectedBoundaryData.contragredient' depends on axioms: [propext,
 Classical.choice,
 Quot.sound]
'MagnitudeConjecture.RightModule.FiniteIndecomposableSkeleton.negativeGainingPair_injective' depends on axioms: [propext,
 Classical.choice,
 Quot.sound]
'MagnitudeConjecture.RightModule.FiniteIndecomposableSkeleton.signedGainingPair_injective' depends on axioms: [propext,
 Classical.choice,
 Quot.sound]
'MagnitudeConjecture.RightModule.FiniteIndecomposableSkeleton.newMeshGainingPair_injective' depends on axioms: [propext,
 Classical.choice,
 Quot.sound]
'MagnitudeConjecture.RightModule.FiniteIndecomposableSkeleton.card_primitiveNewRightMeshEndpoint_le_primitiveTotalArrowGain' depends on axioms: [propext,
 Classical.choice,
 Quot.sound]
'MagnitudeConjecture.RightModule.FiniteIndecomposableSkeleton.sum_primitiveMultiplicity_minimalRightMiddle_eq' depends on axioms: [propext,
 Classical.choice,
 Quot.sound]
'MagnitudeConjecture.RightModule.FiniteIndecomposableSkeleton.card_primitiveNonKilledMiddleOccurrence_eq_one' depends on axioms: [propext,
 Classical.choice,
 Quot.sound]
'MagnitudeConjecture.RightModule.FiniteIndecomposableSkeleton.card_primitiveCrossingArrow_eq_card_primitiveBoundaryMesh' depends on axioms: [propext,
 Classical.choice,
 Quot.sound]
'MagnitudeConjecture.RightModule.FiniteIndecomposableSkeleton.card_ambientArrowOccurrence_eq_internal_add_crossing' depends on axioms: [propext,
 Classical.choice,
 Quot.sound]
'MagnitudeConjecture.RightModule.FiniteIndecomposableSkeleton.card_ambientNonprojective_eq_internalMesh_add_boundary' depends on axioms: [propext,
 Classical.choice,
 Quot.sound]
'MagnitudeConjecture.RightModule.regularDecompositionIso' depends on axioms: [propext, Classical.choice, Quot.sound]
'MagnitudeConjecture.RightModule.FiniteIndecomposableSkeleton.PrimitiveProjectivePresentation.primitiveQuotientProjectiveEquiv' depends on axioms: [propext,
 Classical.choice,
 Quot.sound]
'MagnitudeConjecture.RightModule.FiniteIndecomposableSkeleton.PrimitiveProjectivePresentation.card_ambientProjective_eq_primitiveQuotientProjective_add_one' depends on axioms: [propext,
 Classical.choice,
 Quot.sound]
'MagnitudeConjecture.RightModule.FiniteIndecomposableSkeleton.card_primitiveNewRightMeshEndpoint_eq_crossing_sub_projectiveRemainder' depends on axioms: [propext,
 Classical.choice,
 Quot.sound]
'MagnitudeConjecture.CoveringHom.uniqueComponentLinearEquiv' depends on axioms: [propext, Classical.choice, Quot.sound]
'MagnitudeConjecture.CoveringHom.OrbitHomDecomposition.liftLinearEquivOfOrthogonal' depends on axioms: [propext,
 Classical.choice,
 Quot.sound]
'MagnitudeConjecture.CoveringHom.OrbitHomDecomposition.lift_bijective_of_orthogonal' depends on axioms: [propext,
 Classical.choice,
 Quot.sound]
'MagnitudeConjecture.CoveringHom.FunctorOrbitHomDecomposition.endRingEquivOfEndOrthogonal' depends on axioms: [propext,
 Classical.choice,
 Quot.sound]
'MagnitudeConjecture.CoveringHom.FunctorOrbitHomDecomposition.indecomposable_map_of_end_orthogonal' depends on axioms: [propext,
 Classical.choice,
 Quot.sound]
'MagnitudeConjecture.CoveringHom.FunctorOrbitHomDecomposition.map_bijective_of_orthogonal' depends on axioms: [propext,
 Classical.choice,
 Quot.sound]
'MagnitudeConjecture.CoveringHom.FunctorOrbitHomDecomposition.fullOfOrthogonal' depends on axioms: [propext,
 Classical.choice,
 Quot.sound]
'MagnitudeConjecture.CoveringHom.FunctorOrbitHomDecomposition.faithful' depends on axioms: [propext,
 Classical.choice,
 Quot.sound]
'MagnitudeConjecture.CoveringHom.FunctorOrbitHomDecomposition.isIrreducibleMorphism_map_iff_of_orthogonal' depends on axioms: [propext,
 Classical.choice,
 Quot.sound]
'MagnitudeConjecture.CoveringHom.FunctorOrbitHomDecomposition.rightAlmostSplit_map_of_orthogonal' depends on axioms: [propext,
 Classical.choice,
 Quot.sound]
'MagnitudeConjecture.CoveringHom.FunctorOrbitHomDecomposition.leftAlmostSplit_map_of_orthogonal' depends on axioms: [propext,
 Classical.choice,
 Quot.sound]
'MagnitudeConjecture.CoveringSeparation.windowIdentityHomLinearEquiv' depends on axioms: [propext,
 Classical.choice,
 Quot.sound]
'MagnitudeConjecture.CoveringSeparation.windowTranslateHom_orthogonal_of_pairwise_windowSeparated' depends on axioms: [propext,
 Classical.choice,
 Quot.sound]
'MagnitudeConjecture.CoveringHom.shiftHomComp'_id_left' depends on axioms: [propext, Classical.choice, Quot.sound]
'MagnitudeConjecture.CoveringHom.shiftHomComp'_id_right' depends on axioms: [propext, Classical.choice, Quot.sound]
'MagnitudeConjecture.CoveringHom.shiftHomComp'_assoc' depends on axioms: [propext, Classical.choice, Quot.sound]
'MagnitudeConjecture.CoveringHom.shiftOrbitComp_id_left' depends on axioms: [propext, Classical.choice, Quot.sound]
'MagnitudeConjecture.CoveringHom.shiftOrbitComp_id_right' depends on axioms: [propext, Classical.choice, Quot.sound]
'MagnitudeConjecture.CoveringHom.shiftOrbitComp_assoc' depends on axioms: [propext, Classical.choice, Quot.sound]
'MagnitudeConjecture.CoveringHom.shiftOrbitCompLinearMap_apply' depends on axioms: [propext,
 Classical.choice,
 Quot.sound]
'MagnitudeConjecture.CoveringHom.ShiftOrbitCategory.category' depends on axioms: [propext, Classical.choice, Quot.sound]
'MagnitudeConjecture.CoveringHom.ShiftOrbitCategory.preadditive' depends on axioms: [propext,
 Classical.choice,
 Quot.sound]
'MagnitudeConjecture.CoveringHom.ShiftOrbitCategory.linear' depends on axioms: [propext, Classical.choice, Quot.sound]
'MagnitudeConjecture.CoveringHom.ShiftOrbitCategory.identityComponentFunctor' depends on axioms: [propext,
 Classical.choice,
 Quot.sound]
'MagnitudeConjecture.CoveringHom.ShiftOrbitCategory.identityComponentFunctor_faithful' depends on axioms: [propext,
 Classical.choice,
 Quot.sound]
'MagnitudeConjecture.CoveringHom.identityComponentFunctorOrbitHomDecomposition' depends on axioms: [propext,
 Classical.choice,
 Quot.sound]
'MagnitudeConjecture.CoveringHom.multiplicativeShiftHom_translateHomOrthogonal' depends on axioms: [propext,
 Classical.choice,
 Quot.sound]
'MagnitudeConjecture.CoveringHom.identityComponentFunctor_fullOfShiftHomOrthogonal' depends on axioms: [propext,
 Classical.choice,
 Quot.sound]
'MagnitudeConjecture.CoveringHom.windowIdentityComponentFunctorOrbitHomDecomposition' depends on axioms: [propext,
 Classical.choice,
 Quot.sound]
'MagnitudeConjecture.CoveringHom.windowIdentityComponentFunctor_fullOfShiftHomOrthogonal' depends on axioms: [propext,
 Classical.choice,
 Quot.sound]
'MagnitudeConjecture.CoveringHom.windowIdentityComponentFunctor_faithful' depends on axioms: [propext,
 Classical.choice,
 Quot.sound]
'MagnitudeConjecture.CoveringHom.windowShiftHomOrthogonal_of_pairwise_windowSeparated' depends on axioms: [propext,
 Classical.choice,
 Quot.sound]
'MagnitudeConjecture.CoveringHom.CoherentDeckShift.hasShift' depends on axioms: [propext, Classical.choice, Quot.sound]
'MagnitudeConjecture.CoveringHom.CoherentDeckShift.shiftObjectActionCompatibility' depends on axioms: [propext,
 Classical.choice,
 Quot.sound]
'MagnitudeConjecture.CoveringHom.CoherentDeckShift.windowShiftHomOrthogonal_of_pairwise_windowSeparated' depends on axioms: [propext,
 Classical.choice,
 Quot.sound]
'MagnitudeConjecture.CoveringHom.CoherentDeckShift.windowIdentityComponentFunctor_full_of_pairwise_windowSeparated' depends on axioms: [propext,
 Classical.choice,
 Quot.sound]
'MagnitudeConjecture.CoveringHom.functorCategoryOppositeShiftCore' depends on axioms: [propext,
 Classical.choice,
 Quot.sound]
'MagnitudeConjecture.CoveringHom.functorCategoryHasShift' depends on axioms: [propext, Classical.choice, Quot.sound]
'MagnitudeConjecture.CoveringHom.functorCategory_shiftFunctor_eq' depends on axioms: [propext,
 Classical.choice,
 Quot.sound]
'MagnitudeConjecture.CoveringHom.functorCategory_shiftFunctorZero_hom_app' depends on axioms: [propext,
 Classical.choice,
 Quot.sound]
'MagnitudeConjecture.CoveringHom.functorCategory_shiftFunctorZero_inv_app' depends on axioms: [propext,
 Classical.choice,
 Quot.sound]
'MagnitudeConjecture.CoveringHom.functorCategory_shiftFunctorZero_inv_add_apply' depends on axioms: [propext,
 Classical.choice,
 Quot.sound]
'MagnitudeConjecture.CoveringHom.functorCategory_shiftFunctorAdd_inv_add_apply' depends on axioms: [propext,
 Classical.choice,
 Quot.sound]
'MagnitudeConjecture.CoveringHom.linearModuleCategoryHasShift' depends on axioms: [propext,
 Classical.choice,
 Quot.sound]
'MagnitudeConjecture.CoveringHom.linearModuleShiftUnderlyingIso' depends on axioms: [propext,
 Classical.choice,
 Quot.sound]
'MagnitudeConjecture.CoveringHom.CoherentDeckShift.linearModuleShiftEvaluationIso' depends on axioms: [propext,
 Classical.choice,
 Quot.sound]
'MagnitudeConjecture.CoveringHom.CoherentDeckShift.moduleSupport_shift_eq_preimage' depends on axioms: [propext,
 Classical.choice,
 Quot.sound]
'MagnitudeConjecture.CoveringHom.CoherentDeckShift.isFiniteDimensionalModule_stableUnderShift' depends on axioms: [propext,
 Classical.choice,
 Quot.sound]
'MagnitudeConjecture.CoveringHom.CoherentDeckShift.finiteDimensionalModuleCategoryHasShift' depends on axioms: [propext,
 Classical.choice,
 Quot.sound]
'MagnitudeConjecture.CoveringHom.CoherentDeckShift.finiteDimensionalModuleShiftUnderlyingIso' depends on axioms: [propext,
 Classical.choice,
 Quot.sound]
'MagnitudeConjecture.CoveringHom.CoherentDeckShift.finiteDimensionalModuleShiftEvaluationIso' depends on axioms: [propext,
 Classical.choice,
 Quot.sound]
'MagnitudeConjecture.CoveringHom.linearShiftOfCommShiftFaithful' depends on axioms: [propext,
 Classical.choice,
 Quot.sound]
'MagnitudeConjecture.CoveringHom.CoherentDeckShift.finiteDimensionalModuleCategoryAdditiveShift' depends on axioms: [propext,
 Classical.choice,
 Quot.sound]
'MagnitudeConjecture.CoveringHom.CoherentDeckShift.finiteDimensionalModuleCategoryLinearShift' depends on axioms: [propext,
 Classical.choice,
 Quot.sound]
'MagnitudeConjecture.CoveringHom.CoherentDeckShift.finiteDimensionalModuleOrbitFunctor' depends on axioms: [propext,
 Classical.choice,
 Quot.sound]
'MagnitudeConjecture.CoveringHom.CoherentDeckShift.finiteDimensionalModuleOrbitFunctor_faithful' depends on axioms: [propext,
 Classical.choice,
 Quot.sound]
'MagnitudeConjecture.CoveringHom.CoherentDeckShift.finiteDimensionalModuleOrbitHomDecomposition' depends on axioms: [propext,
 Classical.choice,
 Quot.sound]
'MagnitudeConjecture.CoveringHom.orbitPushdownArrow'_comp' depends on axioms: [propext, Classical.choice, Quot.sound]
'MagnitudeConjecture.CoveringHom.orbitPushdownHomogeneousMap_comp' depends on axioms: [propext,
 Classical.choice,
 Quot.sound]
'MagnitudeConjecture.CoveringHom.orbitPushdownMapLinear_comp' depends on axioms: [propext, Classical.choice, Quot.sound]
'MagnitudeConjecture.CoveringHom.orbitPushdown' depends on axioms: [propext, Classical.choice, Quot.sound]
'MagnitudeConjecture.CoveringHom.orbitPushdownNatTransAppLinear_naturality' depends on axioms: [propext,
 Classical.choice,
 Quot.sound]
'MagnitudeConjecture.CoveringHom.orbitPushdownNatTrans_comp' depends on axioms: [propext, Classical.choice, Quot.sound]
'MagnitudeConjecture.CoveringHom.linearModuleOrbitPushdown' depends on axioms: [propext, Classical.choice, Quot.sound]
'MagnitudeConjecture.CoveringHom.linearModuleOrbitPushdown_linear' depends on axioms: [propext,
 Classical.choice,
 Quot.sound]
'MagnitudeConjecture.CoveringHom.CoherentDeckShift.objectIsoDeckOrbitRepresentative' depends on axioms: [propext,
 Classical.choice,
 Quot.sound]
'MagnitudeConjecture.CoveringHom.CoherentDeckShift.orbitSkeletonFunctor' depends on axioms: [propext,
 Classical.choice,
 Quot.sound]
'MagnitudeConjecture.CoveringHom.CoherentDeckShift.deckOrbitSkeletonEquivalence' depends on axioms: [propext,
 Classical.choice,
 Quot.sound]
'MagnitudeConjecture.CoveringHom.orbitPushdownLinearCoyonedaIso' depends on axioms: [propext,
 Classical.choice,
 Quot.sound]
'MagnitudeConjecture.CoveringHom.CoherentDeckShift.orbitSkeletonPushdownLinearCoyonedaIso_representing_naturality' depends on axioms: [propext,
 Classical.choice,
 Quot.sound]
'MagnitudeConjecture.CoveringHom.CoherentDeckShift.linearModuleOrbitSkeletonPushdownLinearCoyonedaIso' depends on axioms: [propext,
 Classical.choice,
 Quot.sound]
'MagnitudeConjecture.CoveringHom.CoherentDeckShift.finiteDimensionalModuleOrbitSkeletonPushdownLinearCoyonedaIso' depends on axioms: [propext,
 Classical.choice,
 Quot.sound]
'MagnitudeConjecture.CoveringHom.CoherentDeckShift.finiteDimensionalModuleOrbitSkeletonPushdownLinearCoyonedaIso_representing_naturality' depends on axioms: [propext,
 Classical.choice,
 Quot.sound]
'MagnitudeConjecture.directSumDualEquivDualOfFiniteDual' depends on axioms: [propext, Classical.choice, Quot.sound]
'MagnitudeConjecture.CoveringHom.shiftSourceHomDirectSumEquiv' depends on axioms: [propext,
 Classical.choice,
 Quot.sound]
'MagnitudeConjecture.CoveringHom.orbitPushdownDualLinearYonedaValueEquiv' depends on axioms: [propext,
 Classical.choice,
 Quot.sound]
'MagnitudeConjecture.CoveringHom.CoherentDeckShift.orbitPushdownDualLinearYonedaValueEquiv' depends on axioms: [propext,
 Classical.choice,
 Quot.sound]
'MagnitudeConjecture.CoveringHom.orbitPushdownDualLinearYonedaComparisonApp_naturality' depends on axioms: [propext,
 Classical.choice,
 Quot.sound]
'MagnitudeConjecture.CoveringHom.orbitPushdownDualLinearYonedaIso' depends on axioms: [propext,
 Classical.choice,
 Quot.sound]
'MagnitudeConjecture.CoveringHom.shiftOrbitComp_zero_right_component_zero' depends on axioms: [propext,
 Classical.choice,
 Quot.sound]
'MagnitudeConjecture.CoveringHom.dualLinearYonedaMap' depends on axioms: [propext, Classical.choice, Quot.sound]
'MagnitudeConjecture.CoveringHom.orbitPushdownDualLinearYonedaComparison_representing_naturality' depends on axioms: [propext,
 Classical.choice,
 Quot.sound]
'MagnitudeConjecture.CoveringHom.orbitPushdownDualLinearYonedaIso_representing_naturality' depends on axioms: [propext,
 Classical.choice,
 Quot.sound]
'MagnitudeConjecture.CoveringHom.CoherentDeckShift.orbitSkeletonPushdownDualLinearYonedaIso' depends on axioms: [propext,
 Classical.choice,
 Quot.sound]
'MagnitudeConjecture.CoveringHom.CoherentDeckShift.finiteDimensionalModuleOrbitSkeletonPushdownDualLinearYonedaIso' depends on axioms: [propext,
 Classical.choice,
 Quot.sound]
'MagnitudeConjecture.CoveringHom.CoherentDeckShift.orbitSkeletonPushdownDualLinearYonedaIso_representing_naturality' depends on axioms: [propext,
 Classical.choice,
 Quot.sound]
'MagnitudeConjecture.CoveringHom.CoherentDeckShift.finiteDimensionalModuleOrbitSkeletonPushdownDualLinearYonedaIso_representing_naturality' depends on axioms: [propext,
 Classical.choice,
 Quot.sound]
'MagnitudeConjecture.CoveringHom.linearModuleOrbitSkeletonPushdown' depends on axioms: [propext,
 Classical.choice,
 Quot.sound]
'MagnitudeConjecture.CoveringHom.finiteDimensional_directSum_of_finite_nontrivial' depends on axioms: [propext,
 Classical.choice,
 Quot.sound]
'MagnitudeConjecture.CoveringHom.CoherentDeckShift.finite_nontrivial_shift_values' depends on axioms: [propext,
 Classical.choice,
 Quot.sound]
'MagnitudeConjecture.CoveringHom.CoherentDeckShift.orbitSkeletonPushdown_pointwise_finite' depends on axioms: [propext,
 Classical.choice,
 Quot.sound]
'MagnitudeConjecture.CoveringHom.CoherentDeckShift.moduleSupport_orbitSkeletonPushdown_subset' depends on axioms: [propext,
 Classical.choice,
 Quot.sound]
'MagnitudeConjecture.CoveringHom.CoherentDeckShift.orbitSkeletonPushdown_isFiniteDimensionalModule' depends on axioms: [propext,
 Classical.choice,
 Quot.sound]
'MagnitudeConjecture.CoveringHom.CoherentDeckShift.finiteDimensionalModuleOrbitSkeletonPushdown' depends on axioms: [propext,
 Classical.choice,
 Quot.sound]
'MagnitudeConjecture.CoveringHom.CoherentDeckShift.finiteDimensionalModuleOrbitSkeletonPushdown_linear' depends on axioms: [propext,
 Classical.choice,
 Quot.sound]
'MagnitudeConjecture.CoveringHom.functionExact_directSum_lmap' depends on axioms: [propext,
 Classical.choice,
 Quot.sound]
'MagnitudeConjecture.CoveringHom.functorCategory_exact_of_pointwise' depends on axioms: [propext,
 Classical.choice,
 Quot.sound]
'MagnitudeConjecture.CoveringHom.linearModuleOrbitSkeletonPushdown_map_exact' depends on axioms: [propext,
 Classical.choice,
 Quot.sound]
'MagnitudeConjecture.CoveringHom.CoherentDeckShift.finiteDimensionalModuleOrbitSkeletonPushdown_map_exact' depends on axioms: [propext,
 Classical.choice,
 Quot.sound]
'MagnitudeConjecture.CoveringHom.CoherentDeckShift.finiteDimensionalModuleOrbitSkeletonPushdown_map_shortExact' depends on axioms: [propext,
 Classical.choice,
 Quot.sound]
'MagnitudeConjecture.CoveringHom.finiteMatrixPushforwardIso' depends on axioms: [propext, Classical.choice, Quot.sound]
'MagnitudeConjecture.CoveringHom.CoherentDeckShift.finiteProjectiveRepresentableSumOrbitSkeletonPushdownIso' depends on axioms: [propext,
 Classical.choice,
 Quot.sound]
'MagnitudeConjecture.CoveringHom.CoherentDeckShift.finiteNakayamaRepresentableSumOrbitSkeletonPushdownIso' depends on axioms: [propext,
 Classical.choice,
 Quot.sound]
'MagnitudeConjecture.CoveringHom.CoherentDeckShift.finiteNakayamaKernelOrbitSkeletonPushdownIso' depends on axioms: [propext,
 Classical.choice,
 Quot.sound]
'MagnitudeConjecture.CategoryTheory.isRadicalMorphism_iff_not_isSplitMono_of_local_end' depends on axioms: [propext,
 Classical.choice]
'MagnitudeConjecture.CategoryTheory.isRadicalMorphism_finset_sum' depends on axioms: [propext,
 Classical.choice,
 Quot.sound]
'MagnitudeConjecture.CategoryTheory.ShortComplex.Exact.isRightMinimal_g_of_isRadicalMorphism_f' depends on axioms: [propext,
 Classical.choice,
 Quot.sound]
'MagnitudeConjecture.CategoryTheory.isRightMinimal_iff_kernel_ι_isRadicalMorphism' depends on axioms: [propext,
 Classical.choice,
 Quot.sound]
'MagnitudeConjecture.CategoryTheory.isRadicalMorphism_finBiproduct_of_components' depends on axioms: [propext,
 Classical.choice,
 Quot.sound]
'MagnitudeConjecture.CategoryTheory.map_finBiproduct_isRadicalMorphism' depends on axioms: [propext,
 Classical.choice,
 Quot.sound]
'MagnitudeConjecture.MinimalProjectivePresentation.objectIso_hom_comp' depends on axioms: [propext, Classical.choice]
'MagnitudeConjecture.MinimalProjectivePresentation.objectIsoOfTargetIso_hom_comp' depends on axioms: [propext,
 Classical.choice,
 Quot.sound]
'MagnitudeConjecture.TwoStepMinimalProjectivePresentation.syzygyObjectIso_hom_comp_differential' depends on axioms: [propext,
 Classical.choice,
 Quot.sound]
'MagnitudeConjecture.TwoStepMinimalProjectivePresentation.recoordinate_differential' depends on axioms: [propext,
 Classical.choice,
 Quot.sound]
'MagnitudeConjecture.isEssentialEpi_of_isRightMinimal' depends on axioms: [propext, Classical.choice, Quot.sound]
'MagnitudeConjecture.isRightMinimal_of_isEssentialEpi' does not depend on any axioms
'MagnitudeConjecture.isEssentialEpi_iff_isRightMinimal' depends on axioms: [propext, Classical.choice, Quot.sound]
'MagnitudeConjecture.CoveringHom.isIso_of_epi_finiteDimensionalModule_endo' depends on axioms: [propext,
 Classical.choice,
 Quot.sound]
'MagnitudeConjecture.CoveringHom.moduleTotalDimension_image_lt_of_not_isIso' depends on axioms: [propext,
 Classical.choice,
 Quot.sound]
'MagnitudeConjecture.CoveringHom.finiteDimensionalModule_exists_rightMinimal_rightAlmostSplit' depends on axioms: [propext,
 Classical.choice,
 Quot.sound]
'MagnitudeConjecture.CoveringHom.CoherentDeckShift.finiteDimensionalModuleSupport_shift_eq_preimage' depends on axioms: [propext,
 Classical.choice,
 Quot.sound]
'MagnitudeConjecture.CoveringHom.CoherentDeckShift.finiteDimensionalModule_trivialStabilizer' depends on axioms: [propext,
 Classical.choice,
 Quot.sound]
'MagnitudeConjecture.CoveringHom.finiteDimensionalModule_isEssentialEpi_iff_isRightMinimal' depends on axioms: [propext,
 Classical.choice,
 Quot.sound]
'MagnitudeConjecture.CoveringHom.linearCoyonedaHom_self' depends on axioms: [propext, Classical.choice, Quot.sound]
'MagnitudeConjecture.CoveringHom.finiteDimensionalLinearCoyoneda_projective' depends on axioms: [propext,
 Classical.choice,
 Quot.sound]
'MagnitudeConjecture.CoveringHom.FiniteRepresentablePresentation.map_representingMatrix' depends on axioms: [propext,
 Classical.choice,
 Quot.sound]
'MagnitudeConjecture.CoveringHom.finiteRepresentablePresentation_nonempty' depends on axioms: [propext,
 Classical.choice,
 Quot.sound]
'MagnitudeConjecture.CoveringHom.TwoStepFiniteRepresentablePresentation.map_matrixDifferential' depends on axioms: [propext,
 Classical.choice,
 Quot.sound]
'MagnitudeConjecture.CoveringHom.TwoStepFiniteRepresentablePresentation.presentationComplex_exact' depends on axioms: [propext,
 Classical.choice,
 Quot.sound]
'MagnitudeConjecture.CoveringHom.twoStepFiniteRepresentablePresentation_nonempty' depends on axioms: [propext,
 Classical.choice,
 Quot.sound]
'MagnitudeConjecture.CoveringHom.enoughProjectives_of_finiteRepresentables' depends on axioms: [propext,
 Classical.choice,
 Quot.sound]
'MagnitudeConjecture.CoveringHom.minimalProjectivePresentation_nonempty_of_enoughProjectives' depends on axioms: [propext,
 Classical.choice,
 Quot.sound]
'MagnitudeConjecture.CoveringHom.finiteDimensionalModule_minimalProjectivePresentation_nonempty' depends on axioms: [propext,
 Classical.choice,
 Quot.sound]
'MagnitudeConjecture.CoveringHom.finiteDimensionalModule_twoStepMinimalProjectivePresentation_nonempty' depends on axioms: [propext,
 Classical.choice,
 Quot.sound]
'MagnitudeConjecture.projective_of_retract' does not depend on any axioms
'MagnitudeConjecture.CoveringHom.finiteDimensionalLinearCoyoneda_indecomposable' depends on axioms: [propext,
 Classical.choice,
 Quot.sound]
'MagnitudeConjecture.CoveringHom.indecomposable_projective_iso_finiteDimensionalLinearCoyoneda' depends on axioms: [propext,
 Classical.choice,
 Quot.sound]
'MagnitudeConjecture.CoveringHom.finiteRepresentableCoordinates_nonempty_of_projective' depends on axioms: [propext,
 Classical.choice,
 Quot.sound]
'MagnitudeConjecture.CoveringHom.minimalFiniteRepresentablePresentation_nonempty' depends on axioms: [propext,
 Classical.choice,
 Quot.sound]
'MagnitudeConjecture.CoveringHom.TwoStepMinimalFiniteRepresentablePresentation.presentationComplex_exact' depends on axioms: [propext,
 Classical.choice,
 Quot.sound]
'MagnitudeConjecture.CoveringHom.twoStepMinimalFiniteRepresentablePresentation_nonempty' depends on axioms: [propext,
 Classical.choice,
 Quot.sound]
'MagnitudeConjecture.CoveringHom.radicalLinearCoyoneda_isFiniteDimensionalModule' depends on axioms: [propext,
 Classical.choice,
 Quot.sound]
'MagnitudeConjecture.CoveringHom.finiteDimensionalLinearCoyonedaRadicalInclusion_isRightAlmostSplit' depends on axioms: [propext,
 Classical.choice,
 Quot.sound]
'MagnitudeConjecture.CoveringHom.finiteCoefficientDualityEquivalence' depends on axioms: [propext,
 Classical.choice,
 Quot.sound]
'MagnitudeConjecture.CoveringHom.finiteCoefficientDualDualLinearYoneda_radical_compatibility' depends on axioms: [propext,
 Classical.choice,
 Quot.sound]
'MagnitudeConjecture.CoveringHom.finiteDimensionalDualLinearYonedaRadicalProjection_isLeftAlmostSplit' depends on axioms: [propext,
 Classical.choice,
 Quot.sound]
'MagnitudeConjecture.CoveringHom.shiftOrbitHom_isRadicalMorphism_iff_components' depends on axioms: [propext,
 Classical.choice,
 Quot.sound]
'MagnitudeConjecture.CoveringHom.shiftOrbitHom_isRadicalMorphism_of_components' depends on axioms: [propext,
 Classical.choice,
 Quot.sound]
'MagnitudeConjecture.CoveringHom.exists_isIso_shiftOrbitHom_component' depends on axioms: [propext,
 Classical.choice,
 Quot.sound]
'MagnitudeConjecture.CoveringHom.CoherentDeckShift.finiteDimensionalModuleOrbitEndRingEquiv' depends on axioms: [propext,
 Classical.choice,
 Quot.sound]
'MagnitudeConjecture.CoveringHom.CoherentDeckShift.shift_obj_end_isLocalRing' depends on axioms: [propext,
 Classical.choice,
 Quot.sound]
'MagnitudeConjecture.CoveringHom.CoherentDeckShift.finiteDimensionalModuleOrbit_end_isLocalRing' depends on axioms: [propext,
 Classical.choice,
 Quot.sound]
'MagnitudeConjecture.CoveringHom.CoherentDeckShift.exists_shift_iso_of_pushdown_iso' depends on axioms: [propext,
 Classical.choice,
 Quot.sound]
'MagnitudeConjecture.CoveringHom.orbitPushdownRadicalLinearCoyonedaIso' depends on axioms: [propext,
 Classical.choice,
 Quot.sound]
'MagnitudeConjecture.CoveringHom.CoherentDeckShift.orbitSkeletonPushdownRadicalLinearCoyonedaIso' depends on axioms: [propext,
 Classical.choice,
 Quot.sound]
'MagnitudeConjecture.CoveringHom.CoherentDeckShift.finiteDimensionalModuleOrbitSkeletonPushdownRadicalInclusion' depends on axioms: [propext,
 Classical.choice,
 Quot.sound]
'MagnitudeConjecture.CoveringHom.CoherentDeckShift.exists_pushedIndecomposable_of_irreducible_to_projectivePushdown' depends on axioms: [propext,
 Classical.choice,
 Quot.sound]
'MagnitudeConjecture.CoveringHom.exists_shiftOrbit_factor_of_components' depends on axioms: [propext,
 Classical.choice,
 Quot.sound]
'MagnitudeConjecture.CoveringHom.isSplitMono_of_shiftOrbit_zero_isSplitMono' depends on axioms: [propext,
 Classical.choice,
 Quot.sound]
'MagnitudeConjecture.CoveringHom.linearModuleOrbitPushdownSynthesisLinear_comp' depends on axioms: [propext,
 Classical.choice,
 Quot.sound]
'MagnitudeConjecture.CoveringHom.CoherentDeckShift.finiteDimensionalModuleOrbitSkeletonPushdownHomLinearEquiv_comp' depends on axioms: [propext,
 Classical.choice,
 Quot.sound]
'MagnitudeConjecture.CoveringHom.shiftOrbitResidueLinearMap_comp' depends on axioms: [propext,
 Classical.choice,
 Quot.sound]
'MagnitudeConjecture.CoveringHom.CoherentDeckShift.finiteDimensionalModuleOrbitSkeletonPushdown_reflects_splitMono' depends on axioms: [propext,
 Classical.choice,
 Quot.sound]
'MagnitudeConjecture.CoveringHom.CoherentDeckShift.finiteDimensionalModuleOrbitSkeletonPushdown_map_g_not_isSplitEpi' depends on axioms: [propext,
 Classical.choice,
 Quot.sound]
'MagnitudeConjecture.CoveringHom.CoherentDeckShift.finiteDimensionalLinearCoyoneda_trivialStabilizer' depends on axioms: [propext,
 Classical.choice,
 Quot.sound]
'MagnitudeConjecture.CoveringHom.CoherentDeckShift.finiteDimensionalModuleOrbitSkeletonPushdown_identityComponent_not_isSplitMono' depends on axioms: [propext,
 Classical.choice,
 Quot.sound]
'MagnitudeConjecture.CoveringHom.CoherentDeckShift.finiteDimensionalModuleOrbitSkeletonPushdown_leftEndomorphism_factor_of_trivial_stabilizer' depends on axioms: [propext,
 Classical.choice,
 Quot.sound]
'MagnitudeConjecture.CoveringHom.CoherentDeckShift.orbitSkeletonFiniteProjectiveRepresentableSum_projective' depends on axioms: [propext,
 Classical.choice,
 Quot.sound]
'MagnitudeConjecture.CoveringHom.CoherentDeckShift.finiteProjectiveRepresentableSumOrbitSkeletonPushdown_projective' depends on axioms: [propext,
 Classical.choice,
 Quot.sound]
'MagnitudeConjecture.CoveringHom.CoherentDeckShift.finiteDimensionalModuleOrbitSkeletonPushdown_map_isRadicalMorphism' depends on axioms: [propext,
 Classical.choice,
 Quot.sound]
'MagnitudeConjecture.CoveringHom.CoherentDeckShift.finiteDimensionalModuleOrbitSkeletonPushdown_map_finBiproduct_isRadicalMorphism' depends on axioms: [propext,
 Classical.choice,
 Quot.sound]
'MagnitudeConjecture.CoveringHom.CoherentDeckShift.finiteDimensionalModuleOrbitSkeletonPushdown_minimalFiniteRepresentablePresentation_rightMinimal' depends on axioms: [propext,
 Classical.choice,
 Quot.sound]
'MagnitudeConjecture.CoveringHom.CoherentDeckShift.finiteDimensionalModuleOrbitSkeletonPushdown_twoStepMinimalProjectivePresentation_differential' depends on axioms: [propext,
 Classical.choice,
 Quot.sound]
'MagnitudeConjecture.CoveringHom.CoherentDeckShift.orbitSkeletonTwoStepMinimalProjectivePresentation_differential' depends on axioms: [propext,
 Classical.choice,
 Quot.sound]
'MagnitudeConjecture.CoveringHom.directSumAddRightEquiv_lof' depends on axioms: [propext, Classical.choice, Quot.sound]
'MagnitudeConjecture.CoveringHom.orbitPushdownArrow_shift_reindex' depends on axioms: [propext,
 Classical.choice,
 Quot.sound]
'MagnitudeConjecture.CoveringHom.shiftedOrbitPushdownValueEquiv_naturality' depends on axioms: [propext,
 Classical.choice,
 Quot.sound]
'MagnitudeConjecture.CoveringHom.shiftedOrbitPushdownIso' depends on axioms: [propext, Classical.choice, Quot.sound]
'MagnitudeConjecture.CoveringHom.shiftedOrbitPushdownValueEquiv_module_naturality' depends on axioms: [propext,
 Classical.choice,
 Quot.sound]
'MagnitudeConjecture.CoveringHom.linearModuleOrbitPushdownCommShiftIso' depends on axioms: [propext,
 Classical.choice,
 Quot.sound]
'MagnitudeConjecture.CoveringHom.shiftedOrbitPushdownValueEquiv_zero' depends on axioms: [propext,
 Classical.choice,
 Quot.sound]
'MagnitudeConjecture.CoveringHom.shiftedOrbitPushdownValueEquiv_add' depends on axioms: [propext,
 Classical.choice,
 Quot.sound]
'MagnitudeConjecture.CoveringHom.linearModuleOrbitPushdownCommShift' depends on axioms: [propext,
 Classical.choice,
 Quot.sound]
'MagnitudeConjecture.CoveringHom.shiftOrbitDescendHomogeneousMap_comp' depends on axioms: [propext,
 Classical.choice,
 Quot.sound]
'MagnitudeConjecture.CoveringHom.shiftOrbitOf_eq_directSumOf' depends on axioms: [propext, Classical.choice, Quot.sound]
'MagnitudeConjecture.CoveringHom.shiftOrbitDescendMapLinear_comp' depends on axioms: [propext,
 Classical.choice,
 Quot.sound]
'MagnitudeConjecture.CoveringHom.shiftOrbitMapFunctor' depends on axioms: [propext, Classical.choice, Quot.sound]
'MagnitudeConjecture.CoveringHom.shiftOrbitDescendHomogeneousLinearEquiv' depends on axioms: [propext,
 Classical.choice,
 Quot.sound]
'MagnitudeConjecture.CoveringHom.shiftOrbitMapHomLinearEquiv' depends on axioms: [propext, Classical.choice, Quot.sound]
'MagnitudeConjecture.CoveringHom.shiftOrbitMapHomLinearEquiv_apply' depends on axioms: [propext,
 Classical.choice,
 Quot.sound]
'MagnitudeConjecture.CoveringHom.shiftOrbitMapFunctor_full' depends on axioms: [propext, Classical.choice, Quot.sound]
'MagnitudeConjecture.CoveringHom.shiftOrbitMapFunctor_faithful' depends on axioms: [propext,
 Classical.choice,
 Quot.sound]
'MagnitudeConjecture.CoveringHom.trivialFunctorCommShift' depends on axioms: [propext, Classical.choice, Quot.sound]
'MagnitudeConjecture.CoveringHom.trivialFunctorCommShift_hom_app' depends on axioms: [propext,
 Classical.choice,
 Quot.sound]
'MagnitudeConjecture.CoveringHom.trivialShiftOrbitFoldMapLinear_comp' depends on axioms: [propext,
 Classical.choice,
 Quot.sound]
'MagnitudeConjecture.CoveringHom.shiftOrbitDescendedFunctor' depends on axioms: [propext, Classical.choice, Quot.sound]
'MagnitudeConjecture.CoveringHom.linearModuleCategoryAdditiveShift' depends on axioms: [propext,
 Classical.choice,
 Quot.sound]
'MagnitudeConjecture.CoveringHom.linearModuleCategoryLinearShift' depends on axioms: [propext,
 Classical.choice,
 Quot.sound]
'MagnitudeConjecture.CoveringHom.linearModuleOrbitPushdownDescended' depends on axioms: [propext,
 Classical.choice,
 Quot.sound]
'MagnitudeConjecture.CoveringHom.linearModuleOrbitPushdownDescended_map_of' depends on axioms: [propext,
 Classical.choice,
 Quot.sound]
'MagnitudeConjecture.CoveringHom.orbitPushdownZeroMap_component' depends on axioms: [propext,
 Classical.choice,
 Quot.sound]
'MagnitudeConjecture.CoveringHom.orbitPushdownNatTransDegreeAppLinear_naturality' depends on axioms: [propext,
 Classical.choice,
 Quot.sound]
'MagnitudeConjecture.CoveringHom.orbitPushdownNatTransDegreeRaw' depends on axioms: [propext,
 Classical.choice,
 Quot.sound]
'MagnitudeConjecture.CoveringHom.linearModuleOrbitPushdownDegree' depends on axioms: [propext,
 Classical.choice,
 Quot.sound]
'MagnitudeConjecture.CoveringHom.orbitPushdownNatTransDegreeAppLinearMap' depends on axioms: [propext,
 Classical.choice,
 Quot.sound]
'MagnitudeConjecture.CoveringHom.linearModuleOrbitPushdownDegreeLinear' depends on axioms: [propext,
 Classical.choice,
 Quot.sound]
'MagnitudeConjecture.CoveringHom.finite_nonzero_components_of_finiteDimensional' depends on axioms: [propext,
 Classical.choice,
 Quot.sound]
'MagnitudeConjecture.CoveringHom.finite_orbitPushdownNatTransDegreeAppLinear_ne' depends on axioms: [propext,
 Classical.choice,
 Quot.sound]
'MagnitudeConjecture.CoveringHom.finite_orbitPushdownNatTransDegreeRaw_ne' depends on axioms: [propext,
 Classical.choice,
 Quot.sound]
'MagnitudeConjecture.CoveringHom.finite_linearModuleOrbitPushdownDegree_ne' depends on axioms: [propext,
 Classical.choice,
 Quot.sound]
'MagnitudeConjecture.CoveringHom.linearModuleOrbitPushdownDegrees' depends on axioms: [propext,
 Classical.choice,
 Quot.sound]
'MagnitudeConjecture.CoveringHom.linearModuleOrbitPushdownDegreesLinear' depends on axioms: [propext,
 Classical.choice,
 Quot.sound]
'MagnitudeConjecture.CoveringHom.CoherentDeckShift.linearModuleOrbitSkeletonPushdownShiftIso' depends on axioms: [propext,
 Classical.choice,
 Quot.sound]
'MagnitudeConjecture.CoveringHom.CoherentDeckShift.finiteDimensionalModuleOrbitSkeletonPushdownShiftIso' depends on axioms: [propext,
 Classical.choice,
 Quot.sound]
'MagnitudeConjecture.CoveringHom.ShiftOrbitCategory.objectShiftIso' depends on axioms: [propext,
 Classical.choice,
 Quot.sound]
'MagnitudeConjecture.CoveringHom.exists_shiftOrbitHom_component_ne_zero' depends on axioms: [propext,
 Classical.choice,
 Quot.sound]
'MagnitudeConjecture.CoveringHom.windowIdentityComponentFunctor_locallyLeftObjectClosed' depends on axioms: [propext,
 Classical.choice,
 Quot.sound]
'MagnitudeConjecture.CoveringHom.windowIdentityComponentFunctor_locallyRightObjectClosed' depends on axioms: [propext,
 Classical.choice,
 Quot.sound]
'MagnitudeConjecture.CoveringHom.windowIdentityComponentFunctor_locallyFactorizationClosed' depends on axioms: [propext,
 Classical.choice,
 Quot.sound]
'MagnitudeConjecture.CoveringHom.threeStepWindow_locallyLeftObjectClosed' depends on axioms: [propext,
 Classical.choice,
 Quot.sound]
'MagnitudeConjecture.CoveringHom.threeStepWindow_locallyRightObjectClosed' depends on axioms: [propext,
 Classical.choice,
 Quot.sound]
'MagnitudeConjecture.CoveringHom.threeStepWindow_locallyFactorizationClosed' depends on axioms: [propext,
 Classical.choice,
 Quot.sound]
'MagnitudeConjecture.CoveringHom.isIrreducibleMorphism_windowMap_iff_of_shiftHomOrthogonal' depends on axioms: [propext,
 Classical.choice,
 Quot.sound]
'MagnitudeConjecture.CoveringHom.rightAlmostSplit_windowMap_of_shiftHomOrthogonal' depends on axioms: [propext,
 Classical.choice,
 Quot.sound]
'MagnitudeConjecture.CoveringHom.leftAlmostSplit_windowMap_of_shiftHomOrthogonal' depends on axioms: [propext,
 Classical.choice,
 Quot.sound]
'MagnitudeConjecture.CoveringHom.orbitPullupPushdownIso' depends on axioms: [propext, Classical.choice, Quot.sound]
'MagnitudeConjecture.CoveringHom.orbitPullupPushdownTranslateCofanIsColimit' depends on axioms: [propext,
 Classical.choice,
 Quot.sound]
'MagnitudeConjecture.CoveringHom.linearOrbitPullupPushdownTranslateCofanIsColimit' depends on axioms: [propext,
 Classical.choice,
 Quot.sound]
'MagnitudeConjecture.CoveringHom.linearOrbitPullupPushdownIso' depends on axioms: [propext,
 Classical.choice,
 Quot.sound]
'MagnitudeConjecture.CategoryTheory.isIso_of_finBiproduct_diagonal_isIso' depends on axioms: [propext,
 Classical.choice,
 Quot.sound]
'MagnitudeConjecture.CoveringAction.eq_empty_or_univ_of_add_left_invariant' depends on axioms: [propext,
 Classical.choice,
 Quot.sound]
'MagnitudeConjecture.CoveringHom.orbitPullupPushdown_idempotent_eq_id_of_diagonal_isIso' depends on axioms: [propext,
 Classical.choice,
 Quot.sound]
'MagnitudeConjecture.CoveringHom.orbitPullupPushdown_one_retract_inclusion_isIso_of_invariant_diagonal' depends on axioms: [propext,
 Classical.choice,
 Quot.sound]
'MagnitudeConjecture.CoveringHom.orbitPullupPushdownDiagonal_isIso_iff_add_left' depends on axioms: [propext,
 Classical.choice,
 Quot.sound]
'MagnitudeConjecture.CoveringHom.orbitPushdown_one_retract_inclusion_isIso' depends on axioms: [propext,
 Classical.choice,
 Quot.sound]
'MagnitudeConjecture.CoveringHom.orbitPullupPushdownTranslateEndRingEquiv' depends on axioms: [propext,
 Classical.choice,
 Quot.sound]
'MagnitudeConjecture.CoveringHom.orbitPullupPushdownTranslate_pairwise_noniso_of_trivial_stabilizer' depends on axioms: [propext,
 Classical.choice,
 Quot.sound]
'MagnitudeConjecture.CoveringHom.orbitPushdown_indecomposable' depends on axioms: [propext,
 Classical.choice,
 Quot.sound]
'MagnitudeConjecture.CoveringHom.orbitPushdown_indecomposable_of_local_end_of_trivial_stabilizer' depends on axioms: [propext,
 Classical.choice,
 Quot.sound]
'MagnitudeConjecture.CategoryTheory.indecomposable_of_fully_faithful_additive' depends on axioms: [propext,
 Classical.choice,
 Quot.sound]
'MagnitudeConjecture.CategoryTheory.indecomposable_map_iff_of_equivalence' depends on axioms: [propext,
 Classical.choice,
 Quot.sound]
'MagnitudeConjecture.CoveringHom.CoherentDeckShift.finiteDimensionalModuleEndUnderlyingRingEquiv' depends on axioms: [propext,
 Classical.choice,
 Quot.sound]
'MagnitudeConjecture.CoveringHom.CoherentDeckShift.finiteDimensionalModule_trivial_raw_translate_stabilizer' depends on axioms: [propext,
 Classical.choice,
 Quot.sound]
'MagnitudeConjecture.CoveringHom.CoherentDeckShift.finiteDimensionalModuleOrbitSkeletonPushdown_indecomposable_of_trivial_stabilizer' depends on axioms: [propext,
 Classical.choice,
 Quot.sound]
'MagnitudeConjecture.CoveringHom.dualLinearYonedaHomEquiv' depends on axioms: [propext, Classical.choice, Quot.sound]
'MagnitudeConjecture.CoveringHom.representableNakayamaHomEquiv_projectiveNaturality' depends on axioms: [propext,
 Classical.choice,
 Quot.sound]
'MagnitudeConjecture.CoveringHom.finiteRepresentableSumNakayamaHomEquiv' depends on axioms: [propext,
 Classical.choice,
 Quot.sound]
'MagnitudeConjecture.CoveringHom.finiteRepresentableSumNakayamaHomEquiv_naturality' depends on axioms: [propext,
 Classical.choice,
 Quot.sound]
'MagnitudeConjecture.CoveringHom.finiteRepresentableSumNakayamaHomEquiv_projectiveNaturality' depends on axioms: [propext,
 Classical.choice,
 Quot.sound]
'MagnitudeConjecture.CoveringHom.finiteDimensionalDualLinearYoneda_injective' depends on axioms: [propext,
 Classical.choice,
 Quot.sound]
'MagnitudeConjecture.CoveringHom.finiteNakayamaRepresentableSum_injective' depends on axioms: [propext,
 Classical.choice,
 Quot.sound]
'MagnitudeConjecture.CoveringHom.TwoStepMinimalFiniteRepresentablePresentation.nakayamaExtOneQuotientLinearEquiv' depends on axioms: [propext,
 Classical.choice,
 Quot.sound]
'MagnitudeConjecture.CoveringHom.TwoStepMinimalFiniteRepresentablePresentation.boundaryQuotientLinear_surjective' depends on axioms: [propext,
 Classical.choice,
 Quot.sound]
'MagnitudeConjecture.CoveringHom.TwoStepMinimalFiniteRepresentablePresentation.stableHomExtLinearEquiv' depends on axioms: [propext,
 Classical.choice,
 Quot.sound]
'MagnitudeConjecture.CoveringHom.TwoStepMinimalFiniteRepresentablePresentation.stableHomExtLinearEquiv_naturality' depends on axioms: [propext,
 Classical.choice,
 Quot.sound]
'MagnitudeConjecture.ExtOneRealization.exists_shortExact_with_extClass_eq' depends on axioms: [propext,
 Classical.choice,
 Quot.sound]
'MagnitudeConjecture.CoveringHom.finiteRepresentableNakayamaMapLinearEquiv_comp' depends on axioms: [propext,
 Classical.choice,
 Quot.sound]
'MagnitudeConjecture.InjectiveStable.idempotent_eq_zero_of_factorsThroughInjective' depends on axioms: [propext,
 Classical.choice]
'MagnitudeConjecture.CoveringHom.TwoStepMinimalFiniteRepresentablePresentation.nakayamaKernel_isZero_of_injective_retract' depends on axioms: [propext,
 Classical.choice,
 Quot.sound]
'MagnitudeConjecture.CoveringHom.TwoStepMinimalFiniteRepresentablePresentation.exists_stableSocleClass_realization_rightAlmostSplit' depends on axioms: [propext,
 Classical.choice,
 Quot.sound]
'MagnitudeConjecture.CoveringHom.TwoStepMinimalFiniteRepresentablePresentation.nakayamaKernel_idempotent_factorsThroughInjective_or_complement' depends on axioms: [propext,
 Classical.choice,
 Quot.sound]
'MagnitudeConjecture.CoveringHom.TwoStepMinimalFiniteRepresentablePresentation.nakayamaKernel_indecomposable' depends on axioms: [propext,
 Classical.choice,
 Quot.sound]
'MagnitudeConjecture.CoveringHom.TwoStepMinimalFiniteRepresentablePresentation.nonempty_nakayamaKernelIso_kernel' depends on axioms: [propext,
 Classical.choice,
 Quot.sound]
'MagnitudeConjecture.CoveringHom.CoherentDeckShift.orbitSkeletonLinearCoyonedaFinite' depends on axioms: [propext,
 Classical.choice,
 Quot.sound]
'MagnitudeConjecture.CoveringHom.CoherentDeckShift.orbitSkeletonDualLinearYonedaFinite' depends on axioms: [propext,
 Classical.choice,
 Quot.sound]
'MagnitudeConjecture.CoveringHom.CoherentDeckShift.orbitSkeletonTwoStepMinimalFiniteRepresentablePresentation_representingDifferential' depends on axioms: [propext,
 Classical.choice,
 Quot.sound]
'MagnitudeConjecture.CoveringHom.CoherentDeckShift.orbitSkeletonNakayamaKernelIso_downstreamKernel' depends on axioms: [propext,
 Classical.choice,
 Quot.sound]
'MagnitudeConjecture.CoveringHom.CoherentDeckShift.orbitSkeletonNakayamaKernelIso_pushedKernel' depends on axioms: [propext,
 Classical.choice,
 Quot.sound]
'MagnitudeConjecture.CoveringHom.CoherentDeckShift.finiteDimensionalModuleOrbitSkeletonPushdown_map_isRightAlmostSplit' depends on axioms: [propext,
 Classical.choice,
 Quot.sound]
'MagnitudeConjecture.CoveringHom.CoherentDeckShift.finiteDimensionalModuleOrbitSkeletonPushdown_map_isRightAlmostSplit_of_indec_trivialStabilizers' depends on axioms: [propext,
 Classical.choice,
 Quot.sound]
'MagnitudeConjecture.CoveringHom.CoherentDeckShift.finiteDimensionalModuleOrbitSkeletonPushdown_map_isRightMinimal_of_indec_trivialStabilizers' depends on axioms: [propext,
 Classical.choice,
 Quot.sound]
'MagnitudeConjecture.CoveringHom.CoherentDeckShift.finiteDimensionalModuleOrbitSkeletonPushdown_rightMiddleArity_eq_of_indec_trivialStabilizers' depends on axioms: [propext,
 Classical.choice,
 Quot.sound]
'MagnitudeConjecture.CoveringHom.CoherentDeckShift.finiteDimensionalModuleOrbitSkeletonPushdown_rightTauLocalDensity_eq_of_indec_trivialStabilizers' depends on axioms: [propext,
 Classical.choice,
 Quot.sound]
'MagnitudeConjecture.CoveringHom.CoherentDeckShift.finiteDimensionalModuleOrbitSkeletonPushdown_of_hasShift_eq_rightTauLocalDensity_eq_of_indec_trivialStabilizers' depends on axioms: [propext,
 Classical.choice,
 Quot.sound]
'MagnitudeConjecture.CoveringHom.CoherentDeckShift.hasShiftMk_deckOrbitResidualCore_eq' depends on axioms: [propext,
 Classical.choice,
 Quot.sound]
'MagnitudeConjecture.CoveringHom.CoherentDeckShift.deckOrbitResidualCoherentDeckShift_hasShift_eq' depends on axioms: [propext,
 Classical.choice,
 Quot.sound]
'MagnitudeConjecture.CoveringHom.CoherentDeckShift.finiteDimensionalModuleOrbitSkeletonPushdown_of_hasShift_eq' depends on axioms: [propext,
 Classical.choice,
 Quot.sound]
'MagnitudeConjecture.CoveringHom.CoherentDeckShift.finiteDimensionalModuleOrbitSkeletonPushdown_of_hasShift_eq_obj_obj' depends on axioms: [propext,
 Classical.choice,
 Quot.sound]
'MagnitudeConjecture.CoveringHom.CoherentDeckShift.finiteDimensionalModuleOrbitSkeletonPushdown_of_hasShift_eq_isoMk' depends on axioms: [propext,
 Classical.choice,
 Quot.sound]
'MagnitudeConjecture.CoveringHom.CoherentDeckShift.finiteDimensionalModuleOrbitSkeletonPushdown_deckOrbitTowerCoverage' depends on axioms: [propext,
 Classical.choice,
 Quot.sound]
'MagnitudeConjecture.CoveringAction.orbitClassifierEquiv' depends on axioms: [propext, Classical.choice, Quot.sound]
'MagnitudeConjecture.CoveringAction.sum_orbitInvariantDescend_eq_sum_of_orbitClassifier' depends on axioms: [propext,
 Classical.choice,
 Quot.sound]
'MagnitudeConjecture.CoveringHom.CoherentDeckShift.finiteDimensionalModuleOrbitSkeletonPushdown_of_hasShift_eq_additive' depends on axioms: [propext,
 Classical.choice,
 Quot.sound]
'MagnitudeConjecture.CoveringHom.CoherentDeckShift.finiteDimensionalModuleOrbitSkeletonPushdown_of_hasShift_eq_faithful' depends on axioms: [propext,
 Classical.choice,
 Quot.sound]
'MagnitudeConjecture.CoveringHom.CoherentDeckShift.finiteDimensionalModuleOrbitSkeletonPushdown_of_hasShift_eq_indecomposable_of_trivial_stabilizer' depends on axioms: [propext,
 Classical.choice,
 Quot.sound]
'MagnitudeConjecture.CoveringHom.CoherentDeckShift.finiteDimensionalModuleOrbitSkeletonPushdown_of_hasShift_eq_shiftIso' depends on axioms: [propext,
 Classical.choice,
 Quot.sound]
'MagnitudeConjecture.CoveringHom.CoherentDeckShift.exists_shift_iso_of_pushdown_iso_of_hasShift_eq' depends on axioms: [propext,
 Classical.choice,
 Quot.sound]
'MagnitudeConjecture.CoveringHom.FiniteDimensionalModuleIndecomposableSkeleton.pushdownLabel_surjective' depends on axioms: [propext,
 Classical.choice,
 Quot.sound]
'MagnitudeConjecture.CoveringHom.CoherentDeckShift.finiteDimensionalModuleOrbitSkeletonPushdown_orbitSum_eq_of_hasShift_eq' depends on axioms: [propext,
 Classical.choice,
 Quot.sound]
'MagnitudeConjecture.CoveringHom.CoherentDeckShift.finiteDimensionalModuleOrbitSkeletonPushdown_sum_eq_card_mul_of_hasShift_eq' depends on axioms: [propext,
 Classical.choice,
 Quot.sound]
'MagnitudeConjecture.CoveringHom.FiniteDimensionalModuleIndecomposableSkeleton.sum_rightTauLocalDensity_eq_surplus' depends on axioms: [propext,
 Classical.choice,
 Quot.sound]
'MagnitudeConjecture.CategoryTheory.IsLeftAlmostSplit.comp_factorThruImage_of_comp_eq_self' depends on axioms: [propext,
 Classical.choice,
 Quot.sound]
'MagnitudeConjecture.CategoryTheory.IsRightAlmostSplit.target_indecomposable' depends on axioms: [propext,
 Classical.choice,
 Quot.sound]
'MagnitudeConjecture.CategoryTheory.ShortComplex.ShortExact.isRightAlmostSplit_of_irreducible' depends on axioms: [propext,
 Classical.choice,
 Quot.sound]
'MagnitudeConjecture.CoveringHom.FiniteDimensionalModuleIndecomposableSkeleton.isRightAlmostSplit_of_shortExact_of_irreducible' depends on axioms: [propext,
 Classical.choice,
 Quot.sound]
'MagnitudeConjecture.CategoryTheory.ShortComplex.ShortExact.isRightMinimal_g_of_isRadicalMorphism_f' depends on axioms: [propext,
 Classical.choice,
 Quot.sound]
'MagnitudeConjecture.CategoryTheory.ShortComplex.ShortExact.isLeftAlmostSplit_f_of_rightAlmostSplit_g' depends on axioms: [propext,
 Classical.choice,
 Quot.sound]
'MagnitudeConjecture.CoveringHom.finiteDimensionalModule_exists_leftMinimal_leftAlmostSplit' depends on axioms: [propext,
 Classical.choice,
 Quot.sound]
'MagnitudeConjecture.CoveringHom.CoherentDeckShift.finiteDimensionalModuleOrbitSkeletonPushdown_map_isLeftAlmostSplit' depends on axioms: [propext,
 Classical.choice,
 Quot.sound]
'MagnitudeConjecture.CoveringHom.CoherentDeckShift.orbitSkeletonNakayamaKernel_identifies_pushedRightAlmostSplit' depends on axioms: [propext,
 Classical.choice,
 Quot.sound]
'MagnitudeConjecture.CategoryTheory.exists_iso_finBiproduct_summand_of_isSplitMono' depends on axioms: [propext,
 Classical.choice,
 Quot.sound]
'MagnitudeConjecture.CategoryTheory.exists_essentialImage_of_irreducible_to_of_map_rightAlmostSplit' depends on axioms: [propext,
 Classical.choice,
 Quot.sound]
'MagnitudeConjecture.CategoryTheory.exists_essentialImage_of_irreducible_from_of_map_leftAlmostSplit' depends on axioms: [propext,
 Classical.choice,
 Quot.sound]
'MagnitudeConjecture.CoveringHom.CoherentDeckShift.exists_pushedIndecomposable_of_irreducible_to_pushdown' depends on axioms: [propext,
 Classical.choice,
 Quot.sound]
'MagnitudeConjecture.CoveringHom.CoherentDeckShift.exists_pushedIndecomposable_of_irreducible_from_pushdown' depends on axioms: [propext,
 Classical.choice,
 Quot.sound]
'MagnitudeConjecture.CategoryTheory.exists_leftAlmostSplit_of_finiteIndecomposableTargetNeighborhood' depends on axioms: [propext,
 Classical.choice,
 Quot.sound]
'MagnitudeConjecture.CoveringHom.finiteDimensionalModuleCategoryEnoughInjectives' depends on axioms: [propext,
 Classical.choice,
 Quot.sound]
'MagnitudeConjecture.CoveringHom.finiteDualCorepresentableCopresentation_nonempty' depends on axioms: [propext,
 Classical.choice,
 Quot.sound]
'MagnitudeConjecture.CoveringHom.finiteDimensionalDualLinearYonedaFunctor_faithful' depends on axioms: [propext,
 Classical.choice,
 Quot.sound]
'MagnitudeConjecture.CoveringHom.finiteDimensionalDualLinearYonedaFunctor_full' depends on axioms: [propext,
 Classical.choice,
 Quot.sound]
'MagnitudeConjecture.CoveringHom.finiteDimensionalDualLinearYoneda_end_isLocalRing' depends on axioms: [propext,
 Classical.choice,
 Quot.sound]
'MagnitudeConjecture.CoveringHom.finiteDimensionalDualLinearYoneda_indecomposable' depends on axioms: [propext,
 Classical.choice,
 Quot.sound]
'MagnitudeConjecture.CoveringHom.indecomposable_injective_iso_finiteDimensionalDualLinearYoneda' depends on axioms: [propext,
 Classical.choice,
 Quot.sound]
'MagnitudeConjecture.CoveringHom.finiteDimensionalModule_exists_leftAlmostSplit_of_locallyRepresentationFinite' depends on axioms: [propext,
 Classical.choice,
 Quot.sound]
'MagnitudeConjecture.CoveringHom.finiteDimensionalModule_exists_mono_leftAlmostSplit_of_locallyRepresentationFinite' depends on axioms: [propext,
 Classical.choice,
 Quot.sound]
'MagnitudeConjecture.CoveringHom.CoherentDeckShift.exists_pushedIndecomposable_of_irreducible_from_pushdown_of_noninjective' depends on axioms: [propext,
 Classical.choice,
 Quot.sound]
'MagnitudeConjecture.CoveringHom.CoherentDeckShift.orbitSkeleton_end_isLocalRing' depends on axioms: [propext,
 Classical.choice,
 Quot.sound]
'MagnitudeConjecture.CoveringHom.CoherentDeckShift.exists_projectiveIndecomposable_preimage' depends on axioms: [propext,
 Classical.choice,
 Quot.sound]
'MagnitudeConjecture.CoveringHom.CoherentDeckShift.exists_injectiveIndecomposable_preimage' depends on axioms: [propext,
 Classical.choice,
 Quot.sound]
'QuotientSubmoduleEquidistribution.IsLeftAlmostSplit.postcomp_iso' depends on axioms: [propext,
 Classical.choice,
 Quot.sound]
'MagnitudeConjecture.CoveringHom.orbitRadicalShiftSourceDirectSumEquiv' depends on axioms: [propext,
 Classical.choice,
 Quot.sound]
'MagnitudeConjecture.CoveringHom.orbitPushdownDualRadicalLinearYonedaIso_projection_square' depends on axioms: [propext,
 Classical.choice,
 Quot.sound]
'MagnitudeConjecture.CoveringHom.CoherentDeckShift.orbitSkeletonPushdownDualRadicalLinearYonedaIso_projection_square' depends on axioms: [propext,
 Classical.choice,
 Quot.sound]
'MagnitudeConjecture.CoveringHom.CoherentDeckShift.finiteDimensionalModuleOrbitSkeletonPushdownDualRadicalProjection' depends on axioms: [propext,
 Classical.choice,
 Quot.sound]
'MagnitudeConjecture.CoveringHom.CoherentDeckShift.finiteDimensionalModuleOrbitSkeletonPushdown_dualRadicalProjection_isLeftAlmostSplit' depends on axioms: [propext,
 Classical.choice,
 Quot.sound]
'MagnitudeConjecture.CoveringHom.CoherentDeckShift.exists_pushedIndecomposable_of_irreducible_from_injectivePushdown' depends on axioms: [propext,
 Classical.choice,
 Quot.sound]
'MagnitudeConjecture.CoveringHom.FiniteLeftAlmostSplitFamily.covers_all_indecomposables' depends on axioms: [propext,
 Classical.choice,
 Quot.sound]
'MagnitudeConjecture.CoveringHom.CoherentDeckShift.finitePushedIndecomposableFamily' depends on axioms: [propext,
 Classical.choice,
 Quot.sound]
'MagnitudeConjecture.CoveringHom.CoherentDeckShift.FinitePushedIndecomposableFamily.toFiniteLeftAlmostSplitFamily' depends on axioms: [propext,
 Classical.choice,
 Quot.sound]
'MagnitudeConjecture.CoveringHom.CoherentDeckShift.finiteOrbitPushdownDensity_of_locallyRepresentationFinite' depends on axioms: [propext,
 Classical.choice,
 Quot.sound]
'MagnitudeConjecture.CoveringHom.CoherentDeckShift.finiteModuleWindowShiftHomOrthogonal_isoClosure' depends on axioms: [propext,
 Classical.choice,
 Quot.sound]
'MagnitudeConjecture.CoveringHom.CoherentDeckShift.finiteModuleWindowShiftHomOrthogonal_additiveClosure' depends on axioms: [propext,
 Classical.choice,
 Quot.sound]
'MagnitudeConjecture.CoveringHom.CoherentDeckShift.isIrreducibleMorphism_finiteOrbitPushdownWindowMap_iff_of_locallyRepresentationFinite' depends on axioms: [propext,
 Classical.choice,
 Quot.sound]
'MagnitudeConjecture.CoveringHom.CoherentDeckShift.rightAlmostSplit_finiteOrbitPushdownWindowMap_of_locallyRepresentationFinite' depends on axioms: [propext,
 Classical.choice,
 Quot.sound]
'MagnitudeConjecture.CoveringHom.CoherentDeckShift.leftAlmostSplit_finiteOrbitPushdownWindowMap_of_locallyRepresentationFinite' depends on axioms: [propext,
 Classical.choice,
 Quot.sound]
'MagnitudeConjecture.CoveringHom.CoherentDeckShift.exists_support_overlap_of_shiftHom_ne_zero' depends on axioms: [propext,
 Classical.choice,
 Quot.sound]
'MagnitudeConjecture.CoveringHom.moduleSupportTransportDegrees_finite' depends on axioms: [propext,
 Classical.choice,
 Quot.sound]
'MagnitudeConjecture.CoveringHom.finiteModuleFamilySupportBadDegrees_finite' depends on axioms: [propext,
 Classical.choice,
 Quot.sound]
'MagnitudeConjecture.CoveringHom.CoherentDeckShift.restrict_finiteModuleWindowShiftHomOrthogonal_of_avoids' depends on axioms: [propext,
 Classical.choice,
 Quot.sound]
'MagnitudeConjecture.CoveringHom.CoherentDeckShift.exists_finiteIndexNormalSubgroup_restrict_shiftHomOrthogonal' depends on axioms: [propext,
 Classical.choice,
 Quot.sound]
'MagnitudeConjecture.CoveringHom.IsFreeOnIsomorphismClasses.restrict' depends on axioms: [propext]
'MagnitudeConjecture.CategoryTheory.FiniteIndecomposableDecomposition.n_eq_of_iso' depends on axioms: [propext,
 Classical.choice,
 Quot.sound]
'MagnitudeConjecture.CategoryTheory.FiniteIndecomposableDecomposition.singleton' depends on axioms: [propext,
 Classical.choice,
 Quot.sound]
'MagnitudeConjecture.CategoryTheory.FiniteIndecomposableDecomposition.mapOpOfIndecomposable' depends on axioms: [propext,
 Classical.choice,
 Quot.sound]
'MagnitudeConjecture.CategoryTheory.RightAlmostSplitDecompositionBound.postcompIso' depends on axioms: [propext,
 Classical.choice,
 Quot.sound]
'MagnitudeConjecture.CategoryTheory.ShortComplex.ShortExact.rightAlmostSplitDecompositionBound' depends on axioms: [propext,
 Classical.choice,
 Quot.sound]
'MagnitudeConjecture.CategoryTheory.FiniteIndecomposableDecomposition.n_eq_of_minimalRightAlmostSplit' depends on axioms: [propext,
 Classical.choice,
 Quot.sound]
'MagnitudeConjecture.CategoryTheory.FiniteIndecomposableDecomposition.n_le_of_mapOp_cokernel_bound' depends on axioms: [propext,
 Classical.choice,
 Quot.sound]
'MagnitudeConjecture.CategoryTheory.rightAlmostSplit_mono_of_projective_target' depends on axioms: [propext,
 Classical.choice,
 Quot.sound]
'MagnitudeConjecture.CategoryTheory.projective_of_mono_rightAlmostSplit' depends on axioms: [propext,
 Classical.choice,
 Quot.sound]
'MagnitudeConjecture.FiniteTauMatrix.rightTau_first_isZero_iff_mono_terminal' depends on axioms: [propext,
 Classical.choice,
 Quot.sound]
'MagnitudeConjecture.FiniteTauMatrix.isProjective_iff_projective_obj' depends on axioms: [propext,
 Classical.choice,
 Quot.sound]
'MagnitudeConjecture.FiniteTauMatrix.rightMiddleArity_eq_of_minimalRightAlmostSplitDecomposition' depends on axioms: [propext,
 Classical.choice,
 Quot.sound]
'MagnitudeConjecture.FiniteTauMatrix.localDensity_eq_of_minimalRightAlmostSplitDecomposition' depends on axioms: [propext,
 Classical.choice,
 Quot.sound]
'MagnitudeConjecture.FiniteTauMatrix.arrowMultiplicityOfOccurrences_eq' depends on axioms: [propext,
 Classical.choice,
 Quot.sound]
'MagnitudeConjecture.FiniteTauMatrix.localDensity_eq_occurrenceLocalDensity' depends on axioms: [propext,
 Classical.choice,
 Quot.sound]
'MagnitudeConjecture.CoveringHom.FiniteDimensionalModuleIndecomposableSkeleton.obj_decomposition' depends on axioms: [propext,
 Classical.choice,
 Quot.sound]
'MagnitudeConjecture.CoveringHom.FiniteDimensionalModuleIndecomposableSkeleton.generator_isFiniteAddGenerator' depends on axioms: [propext,
 Classical.choice,
 Quot.sound]
'MagnitudeConjecture.CoveringHom.FiniteDimensionalModuleIndecomposableSkeleton.nilpotentRadicalData' depends on axioms: [propext,
 Classical.choice,
 Quot.sound]
'MagnitudeConjecture.CoveringHom.CoherentDeckShift.finiteOrbitModuleIndecomposableSkeleton' depends on axioms: [propext,
 Classical.choice,
 Quot.sound]
'MagnitudeConjecture.CoveringHom.FiniteDimensionalModuleIndecomposableSkeleton.exists_rightAlmostSplit' depends on axioms: [propext,
 Classical.choice,
 Quot.sound]
'MagnitudeConjecture.CoveringHom.FiniteDimensionalModuleIndecomposableSkeleton.labelRightTau' depends on axioms: [propext,
 Classical.choice,
 Quot.sound]
'MagnitudeConjecture.CoveringHom.FiniteDimensionalModuleIndecomposableSkeleton.toFiniteRightTauCategoryData' depends on axioms: [propext,
 Classical.choice,
 Quot.sound]
'MagnitudeConjecture.CoveringHom.CoherentDeckShift.finiteOrbitModuleRightTauCategoryData' depends on axioms: [propext,
 Classical.choice,
 Quot.sound]
'MagnitudeConjecture.CoveringHom.CoherentDeckShift.finiteOrbitPushdownWindow_minimalRightAlmostSplitMultiplicity' depends on axioms: [propext,
 Classical.choice,
 Quot.sound]
'MagnitudeConjecture.CoveringHom.CoherentDeckShift.finiteOrbitPushdownWindow_rightMiddleArity_eq' depends on axioms: [propext,
 Classical.choice,
 Quot.sound]
'MagnitudeConjecture.CoveringHom.FiniteIndecomposableModuleFamily.exists_finiteIndecomposableDecomposition_additiveClosure' depends on axioms: [propext,
 Classical.choice,
 Quot.sound]
'MagnitudeConjecture.CoveringAction.finite_of_finite_orbitQuotient' depends on axioms: [propext,
 Classical.choice,
 Quot.sound]
'MagnitudeConjecture.CoveringAction.finite_subgroupOrbitQuotient_of_finiteIndex' depends on axioms: [propext,
 Classical.choice,
 Quot.sound]
'MagnitudeConjecture.CoveringHom.CoherentDeckShift.isFreeOnIsomorphismClasses_of_finiteRepresentables' depends on axioms: [propext,
 Classical.choice,
 Quot.sound]
'MagnitudeConjecture.ObjectDeletion.deletion_linearCoyoneda_isFiniteDimensional' depends on axioms: [propext,
 Classical.choice,
 Quot.sound]
'MagnitudeConjecture.ObjectDeletion.deletion_dualLinearYoneda_isFiniteDimensional' depends on axioms: [propext,
 Classical.choice,
 Quot.sound]
'MagnitudeConjecture.ObjectDeletion.deletion_end_isLocalRing' depends on axioms: [propext, Classical.choice, Quot.sound]
'MagnitudeConjecture.ObjectDeletion.deletionOrbitQuotientToAmbient_injective' depends on axioms: [propext,
 Classical.choice,
 Quot.sound]
'MagnitudeConjecture.ObjectDeletion.finite_deletionOrbitQuotient' depends on axioms: [propext,
 Classical.choice,
 Quot.sound]
'MagnitudeConjecture.CoveringHom.CoherentDeckShift.finiteOrbitPushdown_arbitraryControlWindow' depends on axioms: [propext,
 Classical.choice,
 Quot.sound]
'MagnitudeConjecture.ObjectDeletion.stage_finiteOrbitPushdown_threeStepControl' depends on axioms: [propext,
 Classical.choice,
 Quot.sound]
'MagnitudeConjecture.CoveringHom.finiteDimensionalModule_exists_rightAlmostSplit_of_locallyRepresentationFinite' depends on axioms: [propext,
 Classical.choice,
 Quot.sound]
'MagnitudeConjecture.CoveringHom.finiteModuleLocalDensity_eq_of_iso' depends on axioms: [propext,
 Classical.choice,
 Quot.sound]
'MagnitudeConjecture.CoveringHom.FiniteDimensionalModuleIndecomposableSkeleton.sum_finiteModuleLocalDensity_eq_surplus' depends on axioms: [propext,
 Classical.choice,
 Quot.sound]
'MagnitudeConjecture.ObjectDeletion.finiteDeletionLocalChangeAt_eq_zero_of_not_mem_deletionTwoStepModuleCore' depends on axioms: [propext,
 Classical.choice,
 Quot.sound]
'MagnitudeConjecture.ObjectDeletion.finiteDeletionLocalChangeAt_eq_zero_of_minimalSink_source_vanishes' depends on axioms: [propext,
 Classical.choice,
 Quot.sound]
'MagnitudeConjecture.ObjectDeletion.stageLocalChangeAt_eq_zero_of_not_mem_twoStepModuleFamily' depends on axioms: [propext,
 Classical.choice,
 Quot.sound]
'MagnitudeConjecture.ObjectDeletion.FiniteDeletionSkeleton.sum_finiteDeletionLocalChangeAt_eq_surplus_sub' depends on axioms: [propext,
 Classical.choice,
 Quot.sound]
'MagnitudeConjecture.ObjectDeletion.finiteDeletionLocalChangeSum_eq_surplus_sub' depends on axioms: [propext,
 Classical.choice,
 Quot.sound]
'MagnitudeConjecture.CoveringHom.CoherentDeckShift.finiteOrbitPushdown_arbitraryControlWindow_localDensity' depends on axioms: [propext,
 Classical.choice,
 Quot.sound]
'MagnitudeConjecture.ObjectDeletion.stage_finiteOrbitPushdown_intrinsicLocalDensity' depends on axioms: [propext,
 Classical.choice,
 Quot.sound]
'MagnitudeConjecture.ObjectDeletion.FiniteDeletionSkeleton.restrictionSkeleton' depends on axioms: [propext,
 Classical.choice,
 Quot.sound]
'MagnitudeConjecture.ObjectDeletion.FiniteDeletionSkeleton.sum_finiteDeletionLocalChangeAt_eq_restrictionSkeleton_surplus_sub' depends on axioms: [propext,
 Classical.choice,
 Quot.sound]
'MagnitudeConjecture.ObjectDeletion.finiteDeletionLocalChangeSum_eq_densitySum_sub' depends on axioms: [propext,
 Classical.choice,
 Quot.sound]
'MagnitudeConjecture.CoveringHom.FiniteIndecomposableModuleFamily.isoClassWindowEquiv' depends on axioms: [propext,
 Classical.choice,
 Quot.sound]
'MagnitudeConjecture.CoveringHom.FiniteIndecomposableModuleFamily.sum_isoClass_mapWindowFunctor' depends on axioms: [propext,
 Classical.choice,
 Quot.sound]
'MagnitudeConjecture.ObjectDeletion.stageFiniteOrbitModuleIndecomposableSkeleton' depends on axioms: [propext,
 Classical.choice,
 Quot.sound]
'MagnitudeConjecture.ObjectDeletion.stageFiniteOrbitSurplus' depends on axioms: [propext, Classical.choice, Quot.sound]
'MagnitudeConjecture.CoveringHom.CoherentDeckShift.orbitSkeletonPushdown_obj_isZero_iff' depends on axioms: [propext,
 Classical.choice,
 Quot.sound]
'MagnitudeConjecture.ObjectDeletion.exists_finiteFiberControlSeed_obj_nontrivial' depends on axioms: [propext,
 Classical.choice,
 Quot.sound]
'MagnitudeConjecture.ObjectDeletion.finiteDeletion_restriction_localDensity_eq_of_minimalSink_source_vanishes' depends on axioms: [propext,
 Classical.choice,
 Quot.sound]
'MagnitudeConjecture.ObjectDeletion.stageThreeStepModule_nontrivial_at_smul_imp_eq_one' depends on axioms: [propext,
 Classical.choice,
 Quot.sound]
'MagnitudeConjecture.ObjectDeletion.stageTwoStepModuleFamily_nontrivial_at_smul_imp_eq_one' depends on axioms: [propext,
 Classical.choice,
 Quot.sound]
'MagnitudeConjecture.ObjectDeletion.stageTwoStepRestriction_vanishesOn_remainingOrbit' depends on axioms: [propext,
 Classical.choice,
 Quot.sound]
'MagnitudeConjecture.ObjectDeletion.stageSingletonSinkSource_vanishesOn_remainingOrbit' depends on axioms: [propext,
 Classical.choice,
 Quot.sound]
'MagnitudeConjecture.ObjectDeletion.stageTwoStepRestriction_remainingOrbitExtendedLocalDensity' depends on axioms: [propext,
 Classical.choice,
 Quot.sound]
'MagnitudeConjecture.ObjectDeletion.stageTwoStepModuleFamily_orbitSkeletonPushdown_obj_isZero_iff' depends on axioms: [propext,
 Classical.choice,
 Quot.sound]
'MagnitudeConjecture.ObjectDeletion.stagePushedTwoStepModuleFamily' depends on axioms: [propext,
 Classical.choice,
 Quot.sound]
'MagnitudeConjecture.ObjectDeletion.stagePushedTwoStepModuleFamily_obj_isZero_iff' depends on axioms: [propext,
 Classical.choice,
 Quot.sound]
'MagnitudeConjecture.ObjectDeletion.stagePushedTwoStepModuleFamily_preLocalDensity' depends on axioms: [propext,
 Classical.choice,
 Quot.sound]
'MagnitudeConjecture.ObjectDeletion.stagePushedTwoStepModuleFamily_preLocalDensitySum' depends on axioms: [propext,
 Classical.choice,
 Quot.sound]
'MagnitudeConjecture.CoveringHom.finiteDimensionalModuleCongrEquivalenceOfFinite' depends on axioms: [propext,
 Classical.choice,
 Quot.sound]
'MagnitudeConjecture.CoveringHom.finiteModuleLocalDensity_map_equivalence' depends on axioms: [propext,
 Classical.choice,
 Quot.sound]
'MagnitudeConjecture.ObjectDeletion.moduleRestrictionToDeletionIso' depends on axioms: [propext,
 Classical.choice,
 Quot.sound]
'MagnitudeConjecture.ObjectDeletion.linearModuleExtensionRestrictionIso' depends on axioms: [propext,
 Classical.choice,
 Quot.sound]
'MagnitudeConjecture.ObjectDeletion.orbitPushdownDeletionIso' depends on axioms: [propext, Classical.choice, Quot.sound]
'MagnitudeConjecture.ObjectDeletion.deckOrbitDeletionCommEquivalence' depends on axioms: [propext,
 Classical.choice,
 Quot.sound]
'MagnitudeConjecture.ObjectDeletion.orbitSkeletonPushdownDeletionIso' depends on axioms: [propext,
 Classical.choice,
 Quot.sound]
'MagnitudeConjecture.ObjectDeletion.iteratedLinearModuleRestrictionIsoOfSubset' depends on axioms: [propext,
 Classical.choice,
 Quot.sound]
'MagnitudeConjecture.ObjectDeletion.orbitSkeletonPushdownRestrictionIso' depends on axioms: [propext,
 Classical.choice,
 Quot.sound]
'MagnitudeConjecture.ObjectDeletion.stageFullOrbitRestriction_downstairsLocalDensity' depends on axioms: [propext,
 Classical.choice,
 Quot.sound]
'MagnitudeConjecture.ObjectDeletion.stageFullOrbitRestriction_iteratedLocalDensity' depends on axioms: [propext,
 Classical.choice,
 Quot.sound]
'MagnitudeConjecture.ObjectDeletion.stageTwoStepModule_vanishesOn_additionalDeleted' depends on axioms: [propext,
 Classical.choice,
 Quot.sound]
'MagnitudeConjecture.ObjectDeletion.stagePushedTwoStepModuleFamily_postLocalDensity' depends on axioms: [propext,
 Classical.choice,
 Quot.sound]
'MagnitudeConjecture.ObjectDeletion.stagePushedTwoStepModuleFamily_localChangeAt' depends on axioms: [propext,
 Classical.choice,
 Quot.sound]
'MagnitudeConjecture.ObjectDeletion.stagePushedTwoStepModuleFamily_localChangeSum' depends on axioms: [propext,
 Classical.choice,
 Quot.sound]
'MagnitudeConjecture.CoveringHom.CoherentDeckShift.finiteOrbitPushdown_exists_seed_lift_of_nontrivial' depends on axioms: [propext,
 Classical.choice,
 Quot.sound]
'MagnitudeConjecture.CoveringHom.CoherentDeckShift.finiteOrbitPushdownWindow_exists_target_lift_of_ne_zero' depends on axioms: [propext,
 Classical.choice,
 Quot.sound]
'MagnitudeConjecture.ObjectDeletion.stagePushedTwoStepModuleFamily_mem_isoClosure_of_nontrivial' depends on axioms: [propext,
 Classical.choice,
 Quot.sound]
'MagnitudeConjecture.ObjectDeletion.stagePushedTwoStepModuleFamily_mem_isoClosure_of_ne_zero_from_nontrivial' depends on axioms: [propext,
 Classical.choice,
 Quot.sound]
'MagnitudeConjecture.ObjectDeletion.stagePushedTwoStepModuleFamily_source_vanishes_of_not_mem' depends on axioms: [propext,
 Classical.choice,
 Quot.sound]
'MagnitudeConjecture.ObjectDeletion.stagePushedTwoStepModuleFamily_localChangeAt_eq_zero_of_not_mem' depends on axioms: [propext,
 Classical.choice,
 Quot.sound]
'MagnitudeConjecture.CoveringHom.FiniteDimensionalModuleIndecomposableSkeleton.surplus_mapEquivalence' depends on axioms: [propext,
 Classical.choice,
 Quot.sound]
'MagnitudeConjecture.ObjectDeletion.stageLocalChange_eq_stageFiniteOrbitSurplus_sub' depends on axioms: [propext,
 Classical.choice,
 Quot.sound]
'MagnitudeConjecture.ObjectDeletion.stageLocalChangeTotal_eq_stageFiniteOrbitSurplus_sub' depends on axioms: [propext,
 Classical.choice,
 Quot.sound]
'MagnitudeConjecture.CoveringHom.FiniteDimensionalModuleIndecomposableSkeleton.surplus_eq_of_equivalence' depends on axioms: [propext,
 Classical.choice,
 Quot.sound]
'MagnitudeConjecture.ObjectDeletion.CoherentDeckShift.deletionCoherentDeckShift_hasShift_eq' depends on axioms: [propext,
 Classical.choice,
 Quot.sound]
'MagnitudeConjecture.ObjectDeletion.CoherentDeckShift.deletionCoherentDeckShift_restrict_core_eq' depends on axioms: [propext,
 Classical.choice,
 Quot.sound]
'MagnitudeConjecture.CoveringHom.CoherentDeckShift.finiteOrbitSurplus_eq_of_core_eq' depends on axioms: [propext,
 Classical.choice,
 Quot.sound]
'MagnitudeConjecture.CoveringHom.CoherentDeckShift.finiteOrbitSurplus_restrict_eq_card_mul' depends on axioms: [propext,
 Classical.choice,
 Quot.sound]
'MagnitudeConjecture.ObjectDeletion.stageFiniteOrbitSurplus_zero_eq_card_mul' depends on axioms: [propext,
 Classical.choice,
 Quot.sound]
'MagnitudeConjecture.ObjectDeletion.stageFiniteOrbitSurplus_last_eq_card_mul' depends on axioms: [propext,
 Classical.choice,
 Quot.sound]
'MagnitudeConjecture.ObjectDeletion.finiteOrbitSurplus_sub_fullOrbitDeletion_eq_quotientAverage' depends on axioms: [propext,
 Classical.choice,
 Quot.sound]
'MagnitudeConjecture.ObjectDeletion.fullOrbitDeletionFiniteOrbitSurplus_le_finiteOrbitSurplus' depends on axioms: [propext,
 Classical.choice,
 Quot.sound]
'MagnitudeConjecture.ObjectDeletion.stageLocalChange_eq_zero_of_finiteOrbitSurplus_eq_fullOrbitDeletion' depends on axioms: [propext,
 Classical.choice,
 Quot.sound]
'MagnitudeConjecture.CoveringHom.CoherentDeckShift.finiteDimensionalModuleOrbitSkeletonPushdown_projective' depends on axioms: [propext,
 Classical.choice,
 Quot.sound]
'MagnitudeConjecture.CoveringHom.CoherentDeckShift.projective_of_finiteDimensionalModuleOrbitSkeletonPushdown_projective' depends on axioms: [propext,
 Classical.choice,
 Quot.sound]
'MagnitudeConjecture.CoveringHom.CoherentDeckShift.finiteDimensionalModuleOrbitSkeletonPushdown_projective_iff' depends on axioms: [propext,
 Classical.choice,
 Quot.sound]
'MagnitudeConjecture.CoveringHom.exists_common_moduleSupport_of_ne_zero' depends on axioms: [propext,
 Classical.choice,
 Quot.sound]
'MagnitudeConjecture.CoveringHom.finiteIndecomposableHomNeighborhood_of_locallyRepresentationFinite' depends on axioms: [propext,
 Classical.choice,
 Quot.sound]
'MagnitudeConjecture.CoveringHom.FiniteIndecomposableModuleFamily.interactionNeighborhood_isoClosure_subset_homNeighborhood' depends on axioms: [propext,
 Classical.choice,
 Quot.sound]
'MagnitudeConjecture.CoveringHom.FiniteIndecomposableModuleFamily.isoClosure_subset_additiveClosure' depends on axioms: [propext,
 Classical.choice,
 Quot.sound]
'MagnitudeConjecture.CoveringHom.FiniteIndecomposableModuleFamily.additiveClosure_hasFiniteBiproducts' depends on axioms: [propext,
 Classical.choice,
 Quot.sound]
'MagnitudeConjecture.CoveringHom.mem_finiteFiberControlSeed_isoClosure' depends on axioms: [propext,
 Classical.choice,
 Quot.sound]
'MagnitudeConjecture.CoveringHom.finiteFiberControlSeed_obj_nontrivial' depends on axioms: [propext,
 Classical.choice,
 Quot.sound]
'MagnitudeConjecture.CoveringHom.mem_finiteFiberControlSeed_isoClosure_iff' depends on axioms: [propext,
 Classical.choice,
 Quot.sound]
'MagnitudeConjecture.CoveringHom.FiniteIndecomposableModuleFamily.homNeighborhood_obj_commonSupport' depends on axioms: [propext,
 Classical.choice,
 Quot.sound]
'MagnitudeConjecture.CoveringHom.FiniteIndecomposableModuleFamily.mem_homNeighborhood_isoClosure_of_commonSupport' depends on axioms: [propext,
 Classical.choice,
 Quot.sound]
'MagnitudeConjecture.CoveringHom.FiniteIndecomposableModuleFamily.exists_mem_commonSupport_of_mem_homNeighborhood_isoClosure' depends on axioms: [propext,
 Classical.choice,
 Quot.sound]
'MagnitudeConjecture.CoveringHom.CoherentDeckShift.iterateHomNeighborhood_shift_mem' depends on axioms: [propext,
 Classical.choice,
 Quot.sound]
'MagnitudeConjecture.CoveringHom.CoherentDeckShift.inv_mul_mul_mem_threeStepControlFamilySupportBadDegrees' depends on axioms: [propext,
 Classical.choice,
 Quot.sound]
'MagnitudeConjecture.CoveringHom.CoherentDeckShift.exists_finiteIndexNormalSubgroup_avoiding_orbit_threeStepControlFamilies' depends on axioms: [propext,
 Classical.choice,
 Quot.sound]
'MagnitudeConjecture.ObjectDeletion.iterateHomNeighborhood_extensionByZero_mem' depends on axioms: [propext,
 Classical.choice,
 Quot.sound]
'MagnitudeConjecture.ObjectDeletion.finiteDeletionLocalChangeSum_eq_of_isoClosure_subset' depends on axioms: [propext,
 Classical.choice,
 Quot.sound]
'MagnitudeConjecture.ObjectDeletion.intrinsicTwoStep_isoClosure_subset_stageTwoStepModuleFamily' depends on axioms: [propext,
 Classical.choice,
 Quot.sound]
'MagnitudeConjecture.ObjectDeletion.stageLocalChange_eq_finiteDeletionLocalChange' depends on axioms: [propext,
 Classical.choice,
 Quot.sound]
'MagnitudeConjecture.ObjectDeletion.stageLocalChange_nonneg' depends on axioms: [propext, Classical.choice, Quot.sound]
'MagnitudeConjecture.ObjectDeletion.stageLocalChange_rigidity' depends on axioms: [propext,
 Classical.choice,
 Quot.sound]
'MagnitudeConjecture.ObjectDeletion.firstStageLocalChange_rigidity' depends on axioms: [propext,
 Classical.choice,
 Quot.sound]
'MagnitudeConjecture.ObjectDeletion.fullOrbitDeletionFiniteOrbitSurplus_le_finiteOrbitSurplus_of_admissible' depends on axioms: [propext,
 Classical.choice,
 Quot.sound]
'MagnitudeConjecture.ObjectDeletion.stageLocalChange_eq_zero_of_finiteOrbitSurplus_eq_fullOrbitDeletion_of_admissible' depends on axioms: [propext,
 Classical.choice,
 Quot.sound]
'MagnitudeConjecture.ObjectDeletion.finrank_obj_eq_one_of_finiteOrbitSurplus_eq_fullOrbitDeletion_of_admissible' depends on axioms: [propext,
 Classical.choice,
 Quot.sound]
'MagnitudeConjecture.ObjectDeletion.exists_finiteCoveringAverage_of_admissible' depends on axioms: [propext,
 Classical.choice,
 Quot.sound]
'MagnitudeConjecture.ObjectDeletion.fullOrbitDeletionFiniteOrbitSurplus_le_finiteOrbitSurplus_of_residuallyFinite_admissible' depends on axioms: [propext,
 Classical.choice,
 Quot.sound]
'MagnitudeConjecture.ObjectDeletion.finrank_obj_eq_one_of_finiteOrbitSurplus_eq_fullOrbitDeletion_of_residuallyFinite_admissible' depends on axioms: [propext,
 Classical.choice,
 Quot.sound]
'normalQuotientSubgroupEquiv' depends on axioms: [propext, Classical.choice, Quot.sound]
'MagnitudeConjecture.CoveringHom.CoherentDeckShift.shiftOrbitResidualFlattenFunctor_map_of_of' depends on axioms: [propext,
 Classical.choice,
 Quot.sound]
'MagnitudeConjecture.CoveringHom.CoherentDeckShift.residualFlattenDirectSumLinearEquiv_of_of' depends on axioms: [propext,
 Classical.choice,
 Quot.sound]
'MagnitudeConjecture.CoveringHom.CoherentDeckShift.shiftOrbitResidualFlattenHomLinearEquiv' depends on axioms: [propext,
 Classical.choice,
 Quot.sound]
'MagnitudeConjecture.CoveringHom.CoherentDeckShift.shiftOrbitResidualFlattenHomLinearEquiv_toLinearMap' depends on axioms: [propext,
 Classical.choice,
 Quot.sound]
'MagnitudeConjecture.CoveringHom.CoherentDeckShift.shiftOrbitResidualFlattenFunctor_map_bijective' depends on axioms: [propext,
 Classical.choice,
 Quot.sound]
'MagnitudeConjecture.CoveringHom.CoherentDeckShift.shiftOrbitResidualFlattenFunctor_full' depends on axioms: [propext,
 Classical.choice,
 Quot.sound]
'MagnitudeConjecture.CoveringHom.CoherentDeckShift.shiftOrbitResidualFlattenFunctor_faithful' depends on axioms: [propext,
 Classical.choice,
 Quot.sound]
'MagnitudeConjecture.CoveringHom.orbitPushdownLof_eq_directSumOf' depends on axioms: [propext,
 Classical.choice,
 Quot.sound]
'MagnitudeConjecture.CoveringHom.map_orbitPushdownArrow_comp_commShift' depends on axioms: [propext,
 Classical.choice,
 Quot.sound]
'MagnitudeConjecture.CoveringHom.orbitPushdownCommShiftLinearEquiv_naturality' depends on axioms: [propext,
 Classical.choice,
 Quot.sound]
'MagnitudeConjecture.CoveringHom.orbitPushdownCommShiftLinearEquiv_module_naturality' depends on axioms: [propext,
 Classical.choice,
 Quot.sound]
'MagnitudeConjecture.CoveringHom.orbitPushdownCommShiftIso' depends on axioms: [propext, Classical.choice, Quot.sound]
'MagnitudeConjecture.CoveringHom.CoherentDeckShift.orbitPushdownResidualFubiniIsoApp' depends on axioms: [propext,
 Classical.choice,
 Quot.sound]
'MagnitudeConjecture.CoveringHom.CoherentDeckShift.orbitPushdownResidualFubini_naturality' depends on axioms: [propext,
 Classical.choice,
 Quot.sound]
'MagnitudeConjecture.CoveringHom.CoherentDeckShift.orbitPushdownResidualFubiniLinearEquiv_module_naturality' depends on axioms: [propext,
 Classical.choice,
 Quot.sound]
'MagnitudeConjecture.CoveringHom.CoherentDeckShift.orbitPushdownResidualFubiniIso' depends on axioms: [propext,
 Classical.choice,
 Quot.sound]
'MagnitudeConjecture.CoveringHom.CoherentDeckShift.deckOrbitTowerPushdownIso' depends on axioms: [propext,
 Classical.choice,
 Quot.sound]
'MagnitudeConjecture.CoveringHom.CoherentDeckShift.deckOrbitTowerPushdownIso_module_naturality' depends on axioms: [propext,
 Classical.choice,
 Quot.sound]
'MagnitudeConjecture.CoveringHom.CoherentDeckShift.linearModuleOrbitSkeletonPushdownTowerIso' depends on axioms: [propext,
 Classical.choice,
 Quot.sound]
'MagnitudeConjecture.DirectedDeletion.surplus_eq_translationQuiverSurplus' depends on axioms: [propext,
 Classical.choice,
 Quot.sound]
'MagnitudeConjecture.RightModule.FiniteIndecomposableSkeleton.primitiveIrreducibleHomDescentLinearMap_surjective' depends on axioms: [propext,
 Classical.choice,
 Quot.sound]
'MagnitudeConjecture.RightModule.FiniteIndecomposableSkeleton.ambientIrreducibleArrowMultiplicity_le_primitiveQuotient' depends on axioms: [propext,
 Classical.choice,
 Quot.sound]
'MagnitudeConjecture.RightModule.FiniteIndecomposableSkeleton.sum_primitiveQuotientIrreducibleArrowMultiplicity_eq_ambient_add_gain' depends on axioms: [propext,
 Classical.choice,
 Quot.sound]
'MagnitudeConjecture.RightModule.FiniteIndecomposableSkeleton.ambientArrowCount_eq_card_ambientArrowOccurrence' depends on axioms: [propext,
 Classical.choice,
 Quot.sound]
'MagnitudeConjecture.RightModule.FiniteIndecomposableSkeleton.factorRightMiddleArity_eq_card_survivingMeshArrows' depends on axioms: [propext,
 Classical.choice,
 Quot.sound]
'MagnitudeConjecture.RightModule.FiniteIndecomposableSkeleton.factorArrowCount_eq_card_primitiveSurvivingInternalArrow' depends on axioms: [propext,
 Classical.choice,
 Quot.sound]
'MagnitudeConjecture.RightModule.FiniteIndecomposableSkeleton.primitiveQuotientArrowCount_eq_internal_add_gain' depends on axioms: [propext,
 Classical.choice,
 Quot.sound]
'MagnitudeConjecture.RightModule.FiniteIndecomposableSkeleton.ambientARSurplus_sub_primitiveQuotientARSurplus_eq_cost' depends on axioms: [propext,
 Classical.choice,
 Quot.sound]
'MagnitudeConjecture.RightModule.FiniteIndecomposableSkeleton.primitiveQuotientARSurplus_le_ambientARSurplus' depends on axioms: [propext,
 Classical.choice,
 Quot.sound]
'MagnitudeConjecture.RightModule.FiniteIndecomposableSkeleton.ambientARSurplus_eq_primitiveQuotientARSurplus_iff' depends on axioms: [propext,
 Classical.choice,
 Quot.sound]
'MagnitudeConjecture.RightModule.FiniteIndecomposableSkeleton.primitiveMultiplicity_eq_one_of_ambientARSurplus_eq_primitiveQuotientARSurplus' depends on axioms: [propext,
 Classical.choice,
 Quot.sound]
'MagnitudeConjecture.RightModule.FiniteIndecomposableSkeleton.finrank_irreducibleHomSpace_eq_arrowMultiplicity_of_scalarEndomorphisms' depends on axioms: [propext,
 Classical.choice,
 Quot.sound]
'MagnitudeConjecture.RightModule.FiniteIndecomposableSkeleton.primitiveQuotientFinite_arrowMultiplicity_eq' depends on axioms: [propext,
 Classical.choice,
 Quot.sound]
'MagnitudeConjecture.RightModule.FiniteIndecomposableSkeleton.primitiveQuotientFinite_ambientARSurplus_eq' depends on axioms: [propext,
 Classical.choice,
 Quot.sound]
'MagnitudeConjecture.CoveringHom.finiteCategoryProjectiveGenerator.representedFGFunctor_essSurj' depends on axioms: [propext,
 Classical.choice,
 Quot.sound]
'MagnitudeConjecture.CoveringHom.finiteCategoryProjectiveGenerator.representedFGFunctor_linear' depends on axioms: [propext,
 Classical.choice,
 Quot.sound]
'MagnitudeConjecture.CoveringHom.finiteCategoryProjectiveGenerator.moduleEquivalence' depends on axioms: [propext,
 Classical.choice,
 Quot.sound]
'MagnitudeConjecture.CoveringHom.finiteCategoryModuleIndecomposableSkeleton' depends on axioms: [propext,
 Classical.choice,
 Quot.sound]
'MagnitudeConjecture.CoveringHom.finiteCategoryProjectiveGenerator.algebra_isRepresentationFinite' depends on axioms: [propext,
 Classical.choice,
 Quot.sound]
'MagnitudeConjecture.CoveringHom.finiteCategoryProjectiveGenerator.algebraSkeleton_hasAcyclicNonzeroNonisomorphisms' depends on axioms: [propext,
 Classical.choice,
 Quot.sound]
'MagnitudeConjecture.CoveringHom.finiteCategoryProjectiveGenerator.canonicalProjector_complete' depends on axioms: [propext,
 Classical.choice,
 Quot.sound]
'MagnitudeConjecture.CoveringHom.finiteCategoryProjectiveGenerator.canonicalProjector_primitive' depends on axioms: [propext,
 Classical.choice,
 Quot.sound]
'MagnitudeConjecture.CoveringHom.finiteCategoryProjectiveGenerator.canonicalRightIdealIso' depends on axioms: [propext,
 Classical.choice,
 Quot.sound]
'MagnitudeConjecture.CoveringHom.finiteCategoryProjectiveGenerator.canonicalProjectorCoordinateLinearEquiv' depends on axioms: [propext,
 Classical.choice,
 Quot.sound]
'MagnitudeConjecture.CoveringHom.finiteCategoryProjectiveGenerator.primitiveMultiplicity_eq_finrank_obj' depends on axioms: [propext,
 Classical.choice,
 Quot.sound]
'MagnitudeConjecture.CoveringHom.finiteCategoryProjectiveGenerator.canonicalSourceEquiv' depends on axioms: [propext,
 Classical.choice,
 Quot.sound]
'MagnitudeConjecture.BoundQuiver.StringPresentation.quotientCategory_skeletal' depends on axioms: [propext,
 Classical.choice,
 Quot.sound]
'MagnitudeConjecture.BoundQuiver.StringPresentation.representedVertexProjectiveEquiv' depends on axioms: [propext,
 Classical.choice,
 Quot.sound]
'MagnitudeConjecture.FiniteTauMatrix.oneMiddleMeshCount_eq_natCard_of_equiv' depends on axioms: [propext,
 Classical.choice,
 Quot.sound]
'MagnitudeConjecture.FiniteTauMatrix.surplus_eq_oneMiddleMeshCount_sub_projectiveIncomingArity' depends on axioms: [propext,
 Classical.choice,
 Quot.sound]
'MagnitudeConjecture.BoundQuiver.StringPresentation.projectiveIncomingArity_eq_projectiveTargetArrowCount' depends on axioms: [propext,
 Classical.choice,
 Quot.sound]
'MagnitudeConjecture.BoundQuiver.StringPresentation.projectiveTargetArrowCount_eq_natCard_displayedArrow' depends on axioms: [propext,
 Classical.choice,
 Quot.sound]
'MagnitudeConjecture.BoundQuiver.StringPresentation.surplus_eq_oneMiddleMeshCount_sub_natCard_displayedArrow' depends on axioms: [propext,
 Classical.choice,
 Quot.sound]
'MagnitudeConjecture.CoveringHom.finiteCategoryProjectiveGenerator.primitiveProjectivePresentation' depends on axioms: [propext,
 Classical.choice,
 Quot.sound]
'MagnitudeConjecture.CoveringHom.finiteCategoryProjectiveGenerator.represented_isAnnihilatedBy_primitiveIdeal_iff_obj_isZero' depends on axioms: [propext,
 Classical.choice,
 Quot.sound]
'MagnitudeConjecture.CoveringHom.finiteCategoryProjectiveGenerator.primitiveQuotientProperty_inverseImage_eq_singletonVanishes' depends on axioms: [propext,
 Classical.choice,
 Quot.sound]
'MagnitudeConjecture.CoveringHom.finiteCategoryProjectiveGenerator.deletionPrimitiveSubcategoryEquivalence' depends on axioms: [propext,
 Classical.choice,
 Quot.sound]
'MagnitudeConjecture.CoveringHom.finiteCategoryProjectiveGenerator.deletionPrimitiveQuotientEquivalence' depends on axioms: [propext,
 Classical.choice,
 Quot.sound]
'MagnitudeConjecture.FiniteTauMatrix.rightMiddleArity_eq_of_equivalence' depends on axioms: [propext,
 Classical.choice,
 Quot.sound]
'MagnitudeConjecture.FiniteTauMatrix.isProjective_equivalence_iff' depends on axioms: [propext,
 Classical.choice,
 Quot.sound]
'MagnitudeConjecture.FiniteTauMatrix.localDensity_eq_of_equivalence' depends on axioms: [propext,
 Classical.choice,
 Quot.sound]
'MagnitudeConjecture.FiniteTauMatrix.surplus_eq_of_equivalence' depends on axioms: [propext,
 Classical.choice,
 Quot.sound]
'MagnitudeConjecture.CoveringHom.pullbackRightModuleIndecomposableSkeleton' depends on axioms: [propext,
 Classical.choice,
 Quot.sound]
'MagnitudeConjecture.CoveringHom.finiteCategoryProjectiveGenerator.algebraPullbackSkeleton' depends on axioms: [propext,
 Classical.choice,
 Quot.sound]
'MagnitudeConjecture.CoveringHom.finiteCategoryProjectiveGenerator.algebraPullbackSkeleton_surplus_eq_ambientARSurplus' depends on axioms: [propext,
 Classical.choice,
 Quot.sound]
'MagnitudeConjecture.CoveringHom.finiteCategoryProjectiveGenerator.categorySkeleton_surplus_eq_ambientARSurplus' depends on axioms: [propext,
 Classical.choice,
 Quot.sound]
'MagnitudeConjecture.CoveringHom.finiteCategoryProjectiveGenerator.deletionCategorySkeleton_surplus_eq_primitiveQuotientFinite_ambientARSurplus' depends on axioms: [propext,
 Classical.choice,
 Quot.sound]
'MagnitudeConjecture.CoveringHom.finiteCategoryProjectiveGenerator.deletionCategorySkeleton_surplus_eq_primitiveQuotientARSurplus' depends on axioms: [propext,
 Classical.choice,
 Quot.sound]
'MagnitudeConjecture.StandardCovering.orbitCategoryProjectorPrimitive' depends on axioms: [propext,
 Classical.choice,
 Quot.sound]
'MagnitudeConjecture.StandardCovering.finiteOrbitSurplus_eq_orbitCategoryAlgebra_ambientARSurplus' depends on axioms: [propext,
 Classical.choice,
 Quot.sound]
'MagnitudeConjecture.StandardCovering.fullOrbitDeletionFiniteOrbitSurplus_eq_primitiveQuotient_ambientARSurplus' depends on axioms: [propext,
 Classical.choice,
 Quot.sound]
'MagnitudeConjecture.StandardCovering.primitiveQuotient_ambientARSurplus_le_ambientARSurplus_of_admissible' depends on axioms: [propext,
 Classical.choice,
 Quot.sound]
'MagnitudeConjecture.StandardCovering.finrank_obj_eq_one_of_ambientARSurplus_eq_primitiveQuotient_of_admissible' depends on axioms: [propext,
 Classical.choice,
 Quot.sound]
'MagnitudeConjecture.CoveringHom.finiteCategoryProjectiveGenerator.singletonDeletion_surplus_le' depends on axioms: [propext,
 Classical.choice,
 Quot.sound]
'MagnitudeConjecture.CoveringHom.finiteCategoryProjectiveGenerator.finrank_obj_eq_one_of_singletonDeletion_surplus_eq' depends on axioms: [propext,
 Classical.choice,
 Quot.sound]
'MagnitudeConjecture.CoveringHom.finiteCategoryProjectiveGenerator.singletonDeletion_surplus_le_of_fintype' depends on axioms: [propext,
 Classical.choice,
 Quot.sound]
'MagnitudeConjecture.CoveringHom.finiteCategoryProjectiveGenerator.finrank_obj_eq_one_of_singletonDeletion_surplus_eq_of_fintype' depends on axioms: [propext,
 Classical.choice,
 Quot.sound]
'MagnitudeConjecture.CoveringHom.FiniteConvexModuleControlWindow.twoStepWindow' depends on axioms: [propext,
 Classical.choice,
 Quot.sound]
'MagnitudeConjecture.CoveringHom.FiniteConvexModuleControlWindow.singletonSwap_restrictionIso' depends on axioms: [propext,
 Classical.choice,
 Quot.sound]
'MagnitudeConjecture.ObjectDeletion.finiteConvex_restriction_localChangeAt_eq' depends on axioms: [propext,
 Classical.choice,
 Quot.sound]
'MagnitudeConjecture.ObjectDeletion.finiteConvex_restriction_localChangeSum_eq' depends on axioms: [propext,
 Classical.choice,
 Quot.sound]
'MagnitudeConjecture.ObjectDeletion.admissible_finiteDeletionLocalChange_nonneg_and_rigidity' depends on axioms: [propext,
 Classical.choice,
 Quot.sound]
'MagnitudeConjecture.ObjectDeletion.admissible_finiteDeletionLocalChange_nonneg' depends on axioms: [propext,
 Classical.choice,
 Quot.sound]
'MagnitudeConjecture.ObjectDeletion.admissible_finiteDeletionLocalChange_rigidity' depends on axioms: [propext,
 Classical.choice,
 Quot.sound]
'MagnitudeConjecture.CategoryTheory.moduleFunctor_exact_of_app_range_eq_ker' depends on axioms: [propext,
 Classical.choice,
 Quot.sound]
'MagnitudeConjecture.CoveringHom.restrictedLinearYoneda_isFiniteDimensional_of_finite_support' depends on axioms: [propext,
 Classical.choice,
 Quot.sound]
'MagnitudeConjecture.CoveringHom.finiteSupportRestrictedLinearYonedaFunctor' depends on axioms: [propext,
 Classical.choice,
 Quot.sound]
'MagnitudeConjecture.CoveringHom.restrictedLinearYoneda_isFiniteDimensional' depends on axioms: [propext,
 Classical.choice,
 Quot.sound]
'MagnitudeConjecture.CoveringHom.finiteRestrictedLinearYonedaFunctor' depends on axioms: [propext,
 Classical.choice,
 Quot.sound]
'MagnitudeConjecture.CoveringHom.restrictedLinearYonedaFunctor_faithful_of_sourceDetection' depends on axioms: [propext,
 Classical.choice,
 Quot.sound]
'MagnitudeConjecture.CoveringHom.finiteRestrictedLinearYonedaFunctor_faithful_of_sourceDetection' depends on axioms: [propext,
 Classical.choice,
 Quot.sound]
'MagnitudeConjecture.MeshCategory.RightMeshData.exists_uniform_source_lengthTail_eq_bot' depends on axioms: [propext,
 Classical.choice,
 Quot.sound]
'MagnitudeConjecture.MeshCategory.RightMeshData.exists_lengthTail_precomposition_ne_zero' depends on axioms: [propext,
 Classical.choice,
 Quot.sound]
'MagnitudeConjecture.MeshCategory.RightMeshData.exists_projective_precomposition_ne_zero' depends on axioms: [propext,
 Classical.choice,
 Quot.sound]
'MagnitudeConjecture.RightModule.FiniteIndecomposableSkeleton.standardFormRestrictedYonedaFunctor' depends on axioms: [propext,
 Classical.choice,
 Quot.sound]
'MagnitudeConjecture.RightModule.FiniteIndecomposableSkeleton.standardFormRestrictedYonedaFunctor_faithful_of_conditions' depends on axioms: [propext,
 Classical.choice,
 Quot.sound]
'MagnitudeConjecture.RightModule.FiniteIndecomposableSkeleton.standardFormFiniteRightRepresentables' depends on axioms: [propext,
 Classical.choice,
 Quot.sound]
'MagnitudeConjecture.RightModule.FiniteIndecomposableSkeleton.standardFormAlgebra_finiteDimensional' depends on axioms: [propext,
 Classical.choice,
 Quot.sound]
'MagnitudeConjecture.MeshCategory.RightMeshData.contravariantRepresentableFiniteModule_projective' depends on axioms: [propext,
 Classical.choice,
 Quot.sound]
'MagnitudeConjecture.MeshCategory.RightMeshData.incomingRepresentableBiproductIso' depends on axioms: [propext,
 Classical.choice,
 Quot.sound]
'MagnitudeConjecture.MeshCategory.RightMeshData.incomingCoefficientFiniteModule_projective' depends on axioms: [propext,
 Classical.choice,
 Quot.sound]
'MagnitudeConjecture.MeshCategory.RightMeshData.simpleFiniteRepresentablePresentation' depends on axioms: [propext,
 Classical.choice,
 Quot.sound]
'MagnitudeConjecture.MeshCategory.RightMeshData.simplePositiveFiniteShortComplex_exact' depends on axioms: [propext,
 Classical.choice,
 Quot.sound]
'MagnitudeConjecture.MeshCategory.RightMeshData.simpleTranslationFiniteShortComplex_exact' depends on axioms: [propext,
 Classical.choice,
 Quot.sound]
'MagnitudeConjecture.MeshCategory.RightMeshData.simpleStandardPositiveShortComplex_exact' depends on axioms: [propext,
 Classical.choice,
 Quot.sound]
'MagnitudeConjecture.LinearCovering.finite_nontrivial_of_finiteDimensional_directSum' depends on axioms: [propext,
 Classical.choice,
 Quot.sound]
'MagnitudeConjecture.LinearCovering.directSum_subsingleton_of_not_nonempty' depends on axioms: [propext,
 Classical.choice,
 Quot.sound]
'MagnitudeConjecture.LinearCovering.IsCovering.targetHom_subsingleton_of_fiber_not_nonempty' depends on axioms: [propext,
 Classical.choice,
 Quot.sound]
'MagnitudeConjecture.LinearCovering.IsCovering.sourceHom_subsingleton_of_fiber_not_nonempty' depends on axioms: [propext,
 Classical.choice,
 Quot.sound]
'MagnitudeConjecture.LinearCovering.sourceFiberRepresentablePullbackIso' depends on axioms: [propext,
 Classical.choice,
 Quot.sound]
'MagnitudeConjecture.LinearCovering.targetFiberDualCorepresentablePullbackIso' depends on axioms: [propext,
 Classical.choice,
 Quot.sound]
'MagnitudeConjecture.LinearCovering.sourceFiberRepresentableInclusion_projection' depends on axioms: [propext,
 Classical.choice,
 Quot.sound]
'MagnitudeConjecture.LinearCovering.targetFiberDualCorepresentableInclusion_projection' depends on axioms: [propext,
 Classical.choice,
 Quot.sound]
'MagnitudeConjecture.CoveringHom.linearCoyonedaLinearModule_end_isLocalRing' depends on axioms: [propext,
 Classical.choice,
 Quot.sound]
'MagnitudeConjecture.CoveringHom.dualLinearYonedaLinearModuleFunctor_full' depends on axioms: [propext,
 Classical.choice,
 Quot.sound]
'MagnitudeConjecture.CoveringHom.dualLinearYonedaLinearModule_indecomposable' depends on axioms: [propext,
 Classical.choice,
 Quot.sound]
'MagnitudeConjecture.LinearCovering.exists_dualCorepresentable_iso_of_fiberSumIso' depends on axioms: [propext,
 Classical.choice,
 Quot.sound]
'MagnitudeConjecture.CoveringHom.fullyFaithfulLinearModuleIsoEpsilon' depends on axioms: [propext,
 Classical.choice,
 Quot.sound]
'MagnitudeConjecture.CoveringHom.fullyFaithfulLinearModuleIsoPairingEquiv_apply_apply' depends on axioms: [propext,
 Classical.choice,
 Quot.sound]
'MagnitudeConjecture.CoveringHom.fullyFaithfulLinearModuleIsoEpsilonCongr' depends on axioms: [propext,
 Classical.choice,
 Quot.sound]
'MagnitudeConjecture.CoveringHom.fullyFaithfulLinearModuleIsoPairingEquivCongr_apply_apply' depends on axioms: [propext,
 Classical.choice,
 Quot.sound]
'MagnitudeConjecture.RightModule.FiniteIndecomposableSkeleton.standardFormUniversalTargetFiberHomFinite' depends on axioms: [propext,
 Classical.choice,
 Quot.sound]
'MagnitudeConjecture.RightModule.FiniteIndecomposableSkeleton.standardFormUniversalMeshHomFinite' depends on axioms: [propext,
 Classical.choice,
 Quot.sound]
'MagnitudeConjecture.RightModule.FiniteIndecomposableSkeleton.standardFormUniversalMeshProjectionSourceFiberHomFinite' depends on axioms: [propext,
 Classical.choice,
 Quot.sound]
'MagnitudeConjecture.RightModule.FiniteIndecomposableSkeleton.standardFormUniversalMeshProjectionSourceFiberDualHomFinite' depends on axioms: [propext,
 Classical.choice,
 Quot.sound]
'MagnitudeConjecture.RightModule.FiniteIndecomposableSkeleton.standardFormUniversalDeckShiftDualHomFinite' depends on axioms: [propext,
 Classical.choice,
 Quot.sound]
'MagnitudeConjecture.RightModule.FiniteIndecomposableSkeleton.standardFormUniversalMeshEndLocal' depends on axioms: [propext,
 Classical.choice,
 Quot.sound]
'MagnitudeConjecture.RightModule.FiniteIndecomposableSkeleton.standardFormUniversalNakayamaFiberSumIso' depends on axioms: [propext,
 Classical.choice,
 Quot.sound]
'MagnitudeConjecture.RightModule.FiniteIndecomposableSkeleton.standardFormUniversalNakayamaSummandIso' depends on axioms: [propext,
 Classical.choice,
 Quot.sound]
'MagnitudeConjecture.RightModule.FiniteIndecomposableSkeleton.standardFormUniversalNakayamaShiftOrbitSummandIso' depends on axioms: [propext,
 Classical.choice,
 Quot.sound]
'MagnitudeConjecture.RightModule.FiniteIndecomposableSkeleton.standardFormRiedtmannProjectiveDualityData' depends on axioms: [propext,
 Classical.choice,
 Quot.sound]
'MagnitudeConjecture.RightModule.FiniteIndecomposableSkeleton.standardFormRiedtmannConditionC' depends on axioms: [propext,
 Classical.choice,
 Quot.sound]
'MagnitudeConjecture.RightModule.FiniteIndecomposableSkeleton.standardFormRiedtmannConditions' depends on axioms: [propext,
 Classical.choice,
 Quot.sound]
'MagnitudeConjecture.RightModule.FiniteIndecomposableSkeleton.standardFormRestrictedYonedaFunctor_faithful' depends on axioms: [propext,
 Classical.choice,
 Quot.sound]
'MagnitudeConjecture.RightModule.FiniteIndecomposableSkeleton.standardFormUniversalRealizedOutgoingSource_mono_of_not_injective' depends on axioms: [propext,
 Classical.choice,
 Quot.sound]
'MagnitudeConjecture.RightModule.FiniteIndecomposableSkeleton.eq_zero_of_comp_standardFormUniversalMappedOutgoingHom_of_not_injective' depends on axioms: [propext,
 Classical.choice,
 Quot.sound]
'MagnitudeConjecture.RightModule.FiniteIndecomposableSkeleton.standardFormPairedCoefficientLinearMap_injective' depends on axioms: [propext,
 Classical.choice,
 Quot.sound]
'MagnitudeConjecture.RightModule.FiniteIndecomposableSkeleton.standardFormAdditiveTranslationMap_mono' depends on axioms: [propext,
 Classical.choice,
 Quot.sound]
'MagnitudeConjecture.RightModule.FiniteIndecomposableSkeleton.standardFormTranslationMapFinite_mono' depends on axioms: [propext,
 Classical.choice,
 Quot.sound]
'MagnitudeConjecture.RightModule.FiniteIndecomposableSkeleton.standardFormProjectiveSimpleFiniteModule_hasProjectiveDimensionLE_one' depends on axioms: [propext,
 Classical.choice,
 Quot.sound]
'MagnitudeConjecture.RightModule.FiniteIndecomposableSkeleton.standardFormSimpleFiniteModule_hasProjectiveDimensionLE_two_of_nonprojective' depends on axioms: [propext,
 Classical.choice,
 Quot.sound]
'MagnitudeConjecture.RightModule.FiniteIndecomposableSkeleton.standardFormSimpleFiniteModule_hasProjectiveDimensionLE_two' depends on axioms: [propext,
 Classical.choice,
 Quot.sound]
'MagnitudeConjecture.CategoryTheory.simple_cokernel_of_mono_rightAlmostSplit_projective' depends on axioms: [propext,
 Classical.choice,
 Quot.sound]
'MagnitudeConjecture.CategoryTheory.cokernelIsoSimpleTarget_of_mono_rightAlmostSplit_projective' depends on axioms: [propext,
 Classical.choice,
 Quot.sound]
'MagnitudeConjecture.MeshCategory.RightMeshData.simpleFiniteModule_simple' depends on axioms: [propext,
 Classical.choice,
 Quot.sound]
'MagnitudeConjecture.MeshCategory.RightMeshData.simpleStandardRadicalCokernelIso' depends on axioms: [propext,
 Classical.choice,
 Quot.sound]
'MagnitudeConjecture.MeshCategory.RightMeshData.exists_iso_simpleFiniteModule_of_simple' depends on axioms: [propext,
 Classical.choice,
 Quot.sound]
'MagnitudeConjecture.RightModule.FiniteIndecomposableSkeleton.standardFormFiniteContravariantRepresentables' depends on axioms: [propext,
 Classical.choice,
 Quot.sound]
'MagnitudeConjecture.RightModule.FiniteIndecomposableSkeleton.standardFormVertexCategoryEndLocal' depends on axioms: [propext,
 Classical.choice,
 Quot.sound]
'MagnitudeConjecture.RightModule.FiniteIndecomposableSkeleton.standardFormOppositeVertexCategoryEndLocal' depends on axioms: [propext,
 Classical.choice,
 Quot.sound]
'MagnitudeConjecture.RightModule.FiniteIndecomposableSkeleton.exists_iso_standardFormSimpleFiniteModule_of_simple' depends on axioms: [propext,
 Classical.choice,
 Quot.sound]
'MagnitudeConjecture.RightModule.FiniteIndecomposableSkeleton.standardFormSimpleObject_hasProjectiveDimensionLE_two' depends on axioms: [propext,
 Classical.choice,
 Quot.sound]
'MagnitudeConjecture.RightModule.FiniteIndecomposableSkeleton.standardFormFiniteModule_hasProjectiveDimensionLE_two' depends on axioms: [propext,
 Classical.choice,
 Quot.sound]
'MagnitudeConjecture.CategoryTheory.simple_unop_of_simple' depends on axioms: [propext, Classical.choice, Quot.sound]
'MagnitudeConjecture.CategoryTheory.simple_kernel_of_epi_leftAlmostSplit_injective' depends on axioms: [propext,
 Classical.choice,
 Quot.sound]
'MagnitudeConjecture.CoveringHom.finiteDimensionalModule_projective_of_injective_of_indec_projective' depends on axioms: [propext,
 Classical.choice,
 Quot.sound]
'MagnitudeConjecture.CoveringHom.finiteDimensionalDualLinearYonedaSocle_simple' depends on axioms: [propext,
 Classical.choice,
 Quot.sound]
'MagnitudeConjecture.CoveringHom.finiteDimensionalDualLinearYonedaSocleInclusion_ne_zero' depends on axioms: [propext,
 Classical.choice,
 Quot.sound]
'MagnitudeConjecture.MeshCategory.RightMeshData.riedtmannProjectiveDualityLinearEquiv' depends on axioms: [propext,
 Classical.choice,
 Quot.sound]
'MagnitudeConjecture.MeshCategory.RightMeshData.riedtmannProjectiveDualityLinearEquiv_apply_apply' depends on axioms: [propext,
 Classical.choice,
 Quot.sound]
'MagnitudeConjecture.MeshCategory.RightMeshData.riedtmannProjectiveContravariantLinearEquiv' depends on axioms: [propext,
 Classical.choice,
 Quot.sound]
'MagnitudeConjecture.MeshCategory.RightMeshData.riedtmannProjectiveContravariantLinearModuleIso' depends on axioms: [propext,
 Classical.choice,
 Quot.sound]
'MagnitudeConjecture.MeshCategory.RightMeshData.riedtmannProjectiveContravariantFiniteModuleIso' depends on axioms: [propext,
 Classical.choice,
 Quot.sound]
'MagnitudeConjecture.MeshCategory.RightMeshData.eq_of_nonzero_map_simple_to_dualCorepresentable' depends on axioms: [propext,
 Classical.choice,
 Quot.sound]
'MagnitudeConjecture.MeshCategory.RightMeshData.mem_projective_of_nonzero_map_simple_to_contravariantRepresentable' depends on axioms: [propext,
 Classical.choice,
 Quot.sound]
'MagnitudeConjecture.MeshCategory.RightMeshData.incomingSummandInclusion_comp_incomingMap' depends on axioms: [propext,
 Classical.choice,
 Quot.sound]
'MagnitudeConjecture.MeshCategory.RightMeshData.translationMap_eq_sum_paired_incoming' depends on axioms: [propext,
 Classical.choice,
 Quot.sound]
'MagnitudeConjecture.RightModule.FiniteIndecomposableSkeleton.standardFormVertexMeshHomFinite' depends on axioms: [propext,
 Classical.choice,
 Quot.sound]
'MagnitudeConjecture.RightModule.FiniteIndecomposableSkeleton.standardFormFiniteContravariantDualCorepresentables' depends on axioms: [propext,
 Classical.choice,
 Quot.sound]
'MagnitudeConjecture.RightModule.FiniteIndecomposableSkeleton.standardFormContravariantDualSocle_simple' depends on axioms: [propext,
 Classical.choice,
 Quot.sound]
'MagnitudeConjecture.RightModule.FiniteIndecomposableSkeleton.standardFormContravariantDualSocleInclusion_ne_zero' depends on axioms: [propext,
 Classical.choice,
 Quot.sound]
'MagnitudeConjecture.RightModule.FiniteIndecomposableSkeleton.standardFormContravariantDualSocleInclusion_essential' depends on axioms: [propext,
 Classical.choice,
 Quot.sound]
'MagnitudeConjecture.RightModule.FiniteIndecomposableSkeleton.standardFormProjectiveDualityData' depends on axioms: [propext,
 Classical.choice,
 Quot.sound]
'MagnitudeConjecture.RightModule.FiniteIndecomposableSkeleton.standardFormProjectiveContravariantDualityFiniteModuleIso' depends on axioms: [propext,
 Classical.choice,
 Quot.sound]
'MagnitudeConjecture.RightModule.FiniteIndecomposableSkeleton.standardFormProjectiveContravariantDualLinearYoneda_projective' depends on axioms: [propext,
 Classical.choice,
 Quot.sound]
'MagnitudeConjecture.RightModule.FiniteIndecomposableSkeleton.standardFormFiniteContravariantInjective_projective_of_conditionC_coordinates' depends on axioms: [propext,
 Classical.choice,
 Quot.sound]
'MagnitudeConjecture.MinimalInjectivePresentation.objectIso' depends on axioms: [propext, Classical.choice]
'MagnitudeConjecture.TwoStepMinimalInjectivePresentation.presentationComplex_exact' depends on axioms: [propext,
 Classical.choice,
 Quot.sound]
'MagnitudeConjecture.isEssentialMono_of_isLeftMinimal' depends on axioms: [propext, Classical.choice, Quot.sound]
'MagnitudeConjecture.exists_factor_thru_of_isEssentialMono_of_simple' depends on axioms: [propext,
 Classical.choice,
 Quot.sound]
'MagnitudeConjecture.simple_comp_cokernel_π_eq_zero_of_isEssentialMono' depends on axioms: [propext,
 Classical.choice,
 Quot.sound]
'MagnitudeConjecture.InjectivePresentationExt.simple_to_cokernel_eq_zero_of_extOne_subsingleton' depends on axioms: [propext,
 Classical.choice,
 Quot.sound]
'MagnitudeConjecture.CoveringHom.finiteDimensionalModule_minimalInjectivePresentation_nonempty' depends on axioms: [propext,
 Classical.choice,
 Quot.sound]
'MagnitudeConjecture.CoveringHom.finiteDimensionalModule_twoStepMinimalInjectivePresentation_nonempty' depends on axioms: [propext,
 Classical.choice,
 Quot.sound]
'MagnitudeConjecture.CoveringHom.finiteDimensionalModule_isEssentialMono_iff_isLeftMinimal' depends on axioms: [propext,
 Classical.choice,
 Quot.sound]
'MagnitudeConjecture.RightModule.FiniteIndecomposableSkeleton.standardFormFiniteDoubleOppositeRepresentables' depends on axioms: [propext,
 Classical.choice,
 Quot.sound]
'MagnitudeConjecture.RightModule.FiniteIndecomposableSkeleton.standardFormFiniteContravariantModule_twoStepMinimalInjectivePresentation_nonempty' depends on axioms: [propext,
 Classical.choice,
 Quot.sound]
'MagnitudeConjecture.RightModule.FiniteIndecomposableSkeleton.standardFormContravariantRepresentableInjectiveTermZero_essential' depends on axioms: [propext,
 Classical.choice,
 Quot.sound]
'MagnitudeConjecture.RightModule.FiniteIndecomposableSkeleton.standardFormContravariantRepresentableInjectiveTermOne_essential' depends on axioms: [propext,
 Classical.choice,
 Quot.sound]
'MagnitudeConjecture.RightModule.FiniteIndecomposableSkeleton.standardForm_mem_projective_of_nonzero_map_simple_to_contravariantRepresentable' depends on axioms: [propext,
 Classical.choice,
 Quot.sound]
'MagnitudeConjecture.RightModule.FiniteIndecomposableSkeleton.standardFormMesh_nonprojective_outgoing_exact' depends on axioms: [propext,
 Classical.choice,
 Quot.sound]
'CategoryTheory.linearYoneda_reflect_sum_relation' depends on axioms: [propext, Classical.choice, Quot.sound]
'MagnitudeConjecture.MeshCategory.RightMeshData.yoneda_reflected_relation' depends on axioms: [propext,
 Classical.choice,
 Quot.sound]
'MagnitudeConjecture.RightModule.FiniteIndecomposableSkeleton.standardFormSimpleResolution_yoneda_reflected_relation' depends on axioms: [propext,
 Classical.choice,
 Quot.sound]
'MagnitudeConjecture.RightModule.FiniteIndecomposableSkeleton.standardFormSimpleResolution_hom_exact' depends on axioms: [propext,
 Classical.choice,
 Quot.sound]
'MagnitudeConjecture.RightModule.FiniteIndecomposableSkeleton.standardFormSimple_extOne_contravariantRepresentable_subsingleton' depends on axioms: [propext,
 Classical.choice,
 Quot.sound]
'MagnitudeConjecture.RightModule.FiniteIndecomposableSkeleton.standardFormContravariantRepresentableInjectiveTermZero_projective' depends on axioms: [propext,
 Classical.choice,
 Quot.sound]
'MagnitudeConjecture.RightModule.FiniteIndecomposableSkeleton.standardFormContravariantRepresentableInjectiveTermOne_projective' depends on axioms: [propext,
 Classical.choice,
 Quot.sound]
'CategoryTheory.Preadditive.LeftFreyd.auslanderBongartzGabrielEquivalence' depends on axioms: [propext,
 Classical.choice,
 Quot.sound]
'MagnitudeConjecture.RightModule.FiniteIndecomposableSkeleton.standardFormProjective_projectiveInjectiveCopresentation_nonempty' depends on axioms: [propext,
 Classical.choice,
 Quot.sound]
'MagnitudeConjecture.RightModule.FiniteIndecomposableSkeleton.standardFormAuslanderBongartzGabrielEquivalence' depends on axioms: [propext,
 Classical.choice,
 Quot.sound]
'MagnitudeConjecture.CoveringHom.finiteDualCorepresentableCoordinates_nonempty_of_injective' depends on axioms: [propext,
 Classical.choice,
 Quot.sound]
'MagnitudeConjecture.RightModule.FiniteIndecomposableSkeleton.indecomposable_projectiveInjective_iso_standardFormProjectiveDual' depends on axioms: [propext,
 Classical.choice,
 Quot.sound]
'MagnitudeConjecture.RightModule.FiniteIndecomposableSkeleton.standardFormProjectiveInjectiveCoordinates_nonempty' depends on axioms: [propext,
 Classical.choice,
 Quot.sound]
'MagnitudeConjecture.RightModule.FiniteIndecomposableSkeleton.standardFormRestrictedRepresentableIso' depends on axioms: [propext,
 Classical.choice,
 Quot.sound]
'MagnitudeConjecture.RightModule.FiniteIndecomposableSkeleton.standardFormProjectiveDualRestrictionNatIso' depends on axioms: [propext,
 Classical.choice,
 Quot.sound]
'MagnitudeConjecture.RightModule.FiniteIndecomposableSkeleton.standardFormModuleRestriction_injective' depends on axioms: [propext,
 Classical.choice,
 Quot.sound]
'MagnitudeConjecture.RightModule.FiniteIndecomposableSkeleton.standardFormProjectiveInjectiveCoordinateRestrictionNatIso' depends on axioms: [propext,
 Classical.choice,
 Quot.sound]
'MagnitudeConjecture.RightModule.FiniteIndecomposableSkeleton.standardFormProjectiveInjectiveCoordinate_map_surjective' depends on axioms: [propext,
 Classical.choice,
 Quot.sound]
'MagnitudeConjecture.RightModule.FiniteIndecomposableSkeleton.standardFormProjectiveInjectiveCoordinate_map_injective' depends on axioms: [propext,
 Classical.choice,
 Quot.sound]
'CategoryTheory.Preadditive.LeftFreyd.kernelFunctorCompIso' depends on axioms: [propext, Classical.choice, Quot.sound]
'CategoryTheory.Preadditive.LeftFreyd.KernelPresentationAlong.kernelIso' depends on axioms: [propext,
 Classical.choice,
 Quot.sound]
'CategoryTheory.Preadditive.LeftFreyd.kernelFunctor_essSurj_of_kernelPresentations' depends on axioms: [propext,
 Classical.choice,
 Quot.sound]
'CategoryTheory.Preadditive.LeftFreyd.kernelFunctor_full_of_injective_objects' depends on axioms: [propext,
 Classical.choice,
 Quot.sound]
'CategoryTheory.Preadditive.LeftFreyd.kernelFunctor_faithful_of_injective_objects' depends on axioms: [propext,
 Classical.choice,
 Quot.sound]
'MagnitudeConjecture.CoveringHom.finiteLinearModuleRestrictionFunctor_preservesKernel' depends on axioms: [propext,
 Classical.choice,
 Quot.sound]
'MagnitudeConjecture.CoveringHom.linearCoyonedaLinearModuleFunctor_full' depends on axioms: [propext,
 Classical.choice,
 Quot.sound]
'MagnitudeConjecture.CoveringHom.finiteDimensionalLinearCoyonedaFunctor_full' depends on axioms: [propext,
 Classical.choice,
 Quot.sound]
'MagnitudeConjecture.RightModule.FiniteIndecomposableSkeleton.standardFormRestrictedInjectiveKernelPresentation_nonempty' depends on axioms: [propext,
 Classical.choice,
 Quot.sound]
'MagnitudeConjecture.RightModule.FiniteIndecomposableSkeleton.standardFormRestrictedInjectiveKernelEquivalence' depends on axioms: [propext,
 Classical.choice,
 Quot.sound]
'MagnitudeConjecture.RightModule.FiniteIndecomposableSkeleton.standardFormAuslanderRestrictionKernelNatIso' depends on axioms: [propext,
 Classical.choice,
 Quot.sound]
'MagnitudeConjecture.RightModule.FiniteIndecomposableSkeleton.standardFormProjectiveModuleRestrictionEquivalence' depends on axioms: [propext,
 Classical.choice,
 Quot.sound]
'MagnitudeConjecture.RightModule.FiniteIndecomposableSkeleton.standardFormRepresentableRestrictionNatIso' depends on axioms: [propext,
 Classical.choice,
 Quot.sound]
'MagnitudeConjecture.RightModule.FiniteIndecomposableSkeleton.standardFormRestrictedYonedaFunctor_full' depends on axioms: [propext,
 Classical.choice,
 Quot.sound]
'MagnitudeConjecture.RightModule.FiniteIndecomposableSkeleton.standardFormProjectiveRestriction_indecomposable_underlying' depends on axioms: [propext,
 Classical.choice,
 Quot.sound]
'MagnitudeConjecture.RightModule.FiniteIndecomposableSkeleton.standardFormRestrictedYonedaFunctor_indec_dense' depends on axioms: [propext,
 Classical.choice,
 Quot.sound]
'MagnitudeConjecture.CoveringHom.finiteMatrixLift_full' depends on axioms: [propext, Classical.choice, Quot.sound]
'MagnitudeConjecture.RightModule.FiniteIndecomposableSkeleton.standardFormVertexRestrictedYonedaFunctor' depends on axioms: [propext,
 Classical.choice,
 Quot.sound]
'MagnitudeConjecture.RightModule.FiniteIndecomposableSkeleton.standardFormAdditiveRestrictedYonedaSingletonIso' depends on axioms: [propext,
 Classical.choice,
 Quot.sound]
'MagnitudeConjecture.RightModule.FiniteIndecomposableSkeleton.standardFormAdditiveRestrictedYonedaFunctor_essSurj' depends on axioms: [propext,
 Classical.choice,
 Quot.sound]
'MagnitudeConjecture.RightModule.FiniteIndecomposableSkeleton.standardFormAdditiveRestrictedYonedaEquivalence' depends on axioms: [propext,
 Classical.choice,
 Quot.sound]
'MagnitudeConjecture.RightModule.FiniteIndecomposableSkeleton.standardFormAdditiveMeshModuleEquivalence' depends on axioms: [propext,
 Classical.choice,
 Quot.sound]
'MagnitudeConjecture.CoveringHom.pushforwardRightModuleIndecomposableSkeleton' depends on axioms: [propext,
 Classical.choice,
 Quot.sound]
'MagnitudeConjecture.CoveringHom.pushforwardRightModuleIndecomposableSkeletonObjIso' depends on axioms: [propext,
 Classical.choice,
 Quot.sound]
'MagnitudeConjecture.MeshCategory.RightMeshData.additiveIncomingMap_not_splitEpi' depends on axioms: [propext,
 Classical.choice,
 Quot.sound]
'MagnitudeConjecture.RightModule.FiniteIndecomposableSkeleton.standardFormProjectiveVertexModuleIndecomposableSkeleton' depends on axioms: [propext,
 Classical.choice,
 Quot.sound]
'MagnitudeConjecture.RightModule.FiniteIndecomposableSkeleton.standardFormProjectiveRestrictedYonedaIso' depends on axioms: [propext,
 Classical.choice,
 Quot.sound]
'MagnitudeConjecture.RightModule.FiniteIndecomposableSkeleton.standardFormProjectiveVertexModule_projective_iff_original' depends on axioms: [propext,
 Classical.choice,
 Quot.sound]
'MagnitudeConjecture.RightModule.FiniteIndecomposableSkeleton.standardFormProjectiveVertexModuleAlgebraEquivalence' depends on axioms: [propext,
 Classical.choice,
 Quot.sound]
'MagnitudeConjecture.RightModule.FiniteIndecomposableSkeleton.standardFormAlgebraIndecomposableSkeleton' depends on axioms: [propext,
 Classical.choice,
 Quot.sound]
'MagnitudeConjecture.RightModule.FiniteIndecomposableSkeleton.standardFormAlgebraSkeleton_projective_iff_original' depends on axioms: [propext,
 Classical.choice,
 Quot.sound]
'MagnitudeConjecture.MeshCategory.isIso_smul_id_add_of_mem_lengthTail_one' depends on axioms: [propext,
 Classical.choice,
 Quot.sound]
'MagnitudeConjecture.CoveringHom.FiniteDimensionalModuleIndecomposableSkeleton.isRightAlmostSplit_of_factors_obj' depends on axioms: [propext,
 Classical.choice,
 Quot.sound]
'MagnitudeConjecture.CategoryTheory.isWeakKernel_map_equivalence' depends on axioms: [propext,
 Classical.choice,
 Quot.sound]
'MagnitudeConjecture.CategoryTheory.isLimit_kernelFork_of_isWeakKernel' depends on axioms: [propext,
 Classical.choice,
 Quot.sound]
'MagnitudeConjecture.CategoryTheory.ShortComplex.ShortExact.isRightMinimal_g_of_local_end' depends on axioms: [propext,
 Classical.choice,
 Quot.sound]
'MagnitudeConjecture.RightModule.FiniteIndecomposableSkeleton.standardFormRecoveredRightMesh_shortExact' depends on axioms: [propext,
 Classical.choice,
 Quot.sound]
'MagnitudeConjecture.RightModule.FiniteIndecomposableSkeleton.standardFormRecoveredRightMesh_g_not_splitEpi' depends on axioms: [propext,
 Classical.choice,
 Quot.sound]
'MagnitudeConjecture.RightModule.FiniteIndecomposableSkeleton.standardFormRecoveredRightMesh_g_rightMinimal' depends on axioms: [propext,
 Classical.choice,
 Quot.sound]
'MagnitudeConjecture.RightModule.FiniteIndecomposableSkeleton.standardFormRecoveredIncomingMap_eq_biproduct_desc' depends on axioms: [propext,
 Classical.choice,
 Quot.sound]
'MagnitudeConjecture.RightModule.FiniteIndecomposableSkeleton.standardFormRecoveredIncomingMap_mono_of_projective' depends on axioms: [propext,
 Classical.choice,
 Quot.sound]
'MagnitudeConjecture.RightModule.FiniteIndecomposableSkeleton.standardFormRecoveredIncomingMap_rightMinimal' depends on axioms: [propext,
 Classical.choice,
 Quot.sound]
'MagnitudeConjecture.RightModule.FiniteIndecomposableSkeleton.standardFormRecoveredIncomingMap_rightAlmostSplit' depends on axioms: [propext,
 Classical.choice,
 Quot.sound]
'MagnitudeConjecture.RightModule.FiniteIndecomposableSkeleton.standardFormRecoveredMinimalRightAlmostSplitAt' depends on axioms: [propext,
 Classical.choice,
 Quot.sound]
'MagnitudeConjecture.RightModule.FiniteIndecomposableSkeleton.standardFormAlgebraRecoveredMinimalRightAlmostSplitDecomposition' depends on axioms: [propext,
 Classical.choice,
 Quot.sound]
'MagnitudeConjecture.RightModule.FiniteIndecomposableSkeleton.standardFormAlgebraRecoveredOccurrenceEquiv' depends on axioms: [propext,
 Classical.choice,
 Quot.sound]
'MagnitudeConjecture.RightModule.FiniteIndecomposableSkeleton.standardFormAlgebra_arrowMultiplicity_eq_original' depends on axioms: [propext,
 Classical.choice,
 Quot.sound]
'MagnitudeConjecture.RightModule.FiniteIndecomposableSkeleton.standardFormAlgebraMeshArrowEquiv' depends on axioms: [propext,
 Classical.choice,
 Quot.sound]
'MagnitudeConjecture.RightModule.FiniteIndecomposableSkeleton.standardFormAlgebra_rightTranslationLabel_eq_standardFormTau' depends on axioms: [propext,
 Classical.choice,
 Quot.sound]
'MagnitudeConjecture.RightModule.FiniteIndecomposableSkeleton.standardFormAlgebra_ambientARSurplus_eq_original' depends on axioms: [propext,
 Classical.choice,
 Quot.sound]
'MagnitudeConjecture.LinearCovering.fullSubcategoryRestriction_isCovering' depends on axioms: [propext,
 Classical.choice,
 Quot.sound]
'MagnitudeConjecture.CoveringHom.CoherentDeckShift.InvariantFullSubcategoryData.isCancelSMul' depends on axioms: [propext,
 Classical.choice,
 Quot.sound]
'MagnitudeConjecture.CoveringHom.CoherentDeckShift.InvariantFullSubcategoryData.hasShift_eq' depends on axioms: [propext,
 Classical.choice,
 Quot.sound]
'MagnitudeConjecture.CoveringHom.CoherentDeckShift.InvariantFullSubcategoryData.inclusionCommShift' depends on axioms: [propext,
 Classical.choice,
 Quot.sound]
'MagnitudeConjecture.RightModule.FiniteIndecomposableSkeleton.UniversalCover.standardFormProjectiveInvariantData' depends on axioms: [propext,
 Classical.choice,
 Quot.sound]
'MagnitudeConjecture.RightModule.FiniteIndecomposableSkeleton.UniversalCover.standardFormProjectiveMeshFullProjection_isCovering' depends on axioms: [propext,
 Classical.choice,
 Quot.sound]
'MagnitudeConjecture.RightModule.FiniteIndecomposableSkeleton.UniversalCover.standardFormProjectiveMeshFullProjectionCommShift' depends on axioms: [propext,
 Classical.choice,
 Quot.sound]
'MagnitudeConjecture.RightModule.FiniteIndecomposableSkeleton.UniversalCover.standardFormProjectiveShiftOrbitProjectionFunctorFullyFaithful' depends on axioms: [propext,
 Classical.choice,
 Quot.sound]
'MagnitudeConjecture.RightModule.FiniteIndecomposableSkeleton.UniversalCover.standardFormProjectiveShiftOrbitProjectionFunctor_obj_surjective' depends on axioms: [propext,
 Classical.choice,
 Quot.sound]
'MagnitudeConjecture.RightModule.FiniteIndecomposableSkeleton.UniversalCover.standardFormProjectiveShiftOrbitProjectionFunctor_isEquivalence' depends on axioms: [propext,
 Classical.choice,
 Quot.sound]
'MagnitudeConjecture.RightModule.FiniteIndecomposableSkeleton.UniversalCover.standardFormProjectiveShiftOrbitEquivalence' depends on axioms: [propext,
 Classical.choice,
 Quot.sound]
'MagnitudeConjecture.RightModule.FiniteIndecomposableSkeleton.UniversalCover.standardFormProjectiveMeshReindex_map_bijective' depends on axioms: [propext,
 Classical.choice,
 Quot.sound]
'MagnitudeConjecture.RightModule.FiniteIndecomposableSkeleton.UniversalCover.standardFormProjectiveMeshReindex_obj_surjective' depends on axioms: [propext,
 Classical.choice,
 Quot.sound]
'MagnitudeConjecture.RightModule.FiniteIndecomposableSkeleton.UniversalCover.standardFormProjectiveMeshReindexEquivalence' depends on axioms: [propext,
 Classical.choice,
 Quot.sound]
'MagnitudeConjecture.RightModule.FiniteIndecomposableSkeleton.UniversalCover.standardFormProjectiveIndexedShiftOrbitEquivalence' depends on axioms: [propext,
 Classical.choice,
 Quot.sound]
'MagnitudeConjecture.CoveringHom.oppositeIsCancelSMul' does not depend on any axioms
'MagnitudeConjecture.CoveringHom.CoherentDeckShift.op' depends on axioms: [propext, Classical.choice, Quot.sound]
'MagnitudeConjecture.CoveringHom.oppositeShiftOrbitHomLinearEquiv' depends on axioms: [propext,
 Classical.choice,
 Quot.sound]
'MagnitudeConjecture.CoveringHom.CoherentDeckShift.InvariantFullSubcategoryData.inclusionCommShift_hom_app' depends on axioms: [propext,
 Classical.choice,
 Quot.sound]
'MagnitudeConjecture.RightModule.FiniteIndecomposableSkeleton.UniversalCover.standardFormProjectiveMeshFullProjectionCommShift_hom_app' depends on axioms: [propext,
 Classical.choice,
 Quot.sound]
'MagnitudeConjecture.RightModule.FiniteIndecomposableSkeleton.UniversalCover.standardFormProjectiveMeshFullProjectionCommShift_inv_app' depends on axioms: [propext,
 Classical.choice,
 Quot.sound]
'MagnitudeConjecture.RightModule.FiniteIndecomposableSkeleton.UniversalCover.standardFormOppositeProjectiveShiftOrbitHomLinearEquiv_apply' depends on axioms: [propext,
 Classical.choice,
 Quot.sound]
'MagnitudeConjecture.RightModule.FiniteIndecomposableSkeleton.UniversalCover.standardFormOppositeProjectiveShiftOrbitProjectionFunctor_map_bijective' depends on axioms: [propext,
 Classical.choice,
 Quot.sound]
'MagnitudeConjecture.RightModule.FiniteIndecomposableSkeleton.UniversalCover.standardFormOppositeProjectiveShiftOrbitProjectionFunctorFullyFaithful' depends on axioms: [propext,
 Classical.choice,
 Quot.sound]
'MagnitudeConjecture.RightModule.FiniteIndecomposableSkeleton.UniversalCover.standardFormOppositeProjectiveShiftOrbitProjectionFunctor_obj_surjective' depends on axioms: [propext,
 Classical.choice,
 Quot.sound]
'MagnitudeConjecture.RightModule.FiniteIndecomposableSkeleton.UniversalCover.standardFormOppositeProjectiveShiftOrbitProjectionFunctor_isEquivalence' depends on axioms: [propext,
 Classical.choice,
 Quot.sound]
'MagnitudeConjecture.RightModule.FiniteIndecomposableSkeleton.UniversalCover.standardFormOppositeProjectiveDeckOrbitEquivalence' depends on axioms: [propext,
 Classical.choice,
 Quot.sound]
'MagnitudeConjecture.RightModule.FiniteIndecomposableSkeleton.UniversalCover.standardFormOppositeProjectiveIndexedDeckOrbitEquivalence' depends on axioms: [propext,
 Classical.choice,
 Quot.sound]
'MagnitudeConjecture.RightModule.FiniteIndecomposableSkeleton.UniversalCover.standardFormProjectiveShiftFunctor_obj_eq_smul' depends on axioms: [propext,
 Classical.choice,
 Quot.sound]
'MagnitudeConjecture.RightModule.FiniteIndecomposableSkeleton.UniversalCover.standardFormProjectiveMeshReindex_obj_bijective' depends on axioms: [propext,
 Classical.choice,
 Quot.sound]
'MagnitudeConjecture.RightModule.FiniteIndecomposableSkeleton.UniversalCover.standardFormOppositeProjectiveIndexedDeckOrbitEquivalence_obj_bijective' depends on axioms: [propext,
 Classical.choice,
 Quot.sound]
'MagnitudeConjecture.RightModule.FiniteIndecomposableSkeleton.UniversalCover.standardFormOppositeProjectiveIndexedDeckOrbitObjectEquiv' depends on axioms: [propext,
 Classical.choice,
 Quot.sound]
'MagnitudeConjecture.CategoryTheory.Functor.mapLinearEquivOfFullyFaithful' depends on axioms: [propext,
 Classical.choice,
 Quot.sound]
'MagnitudeConjecture.CategoryTheory.Functor.endAlgEquivOfFullyFaithful' depends on axioms: [propext,
 Classical.choice,
 Quot.sound]
'MagnitudeConjecture.CategoryTheory.Iso.endAlgEquiv' depends on axioms: [propext, Quot.sound]
'MagnitudeConjecture.CoveringHom.linearCoyonedaFiniteOfFullyFaithful' depends on axioms: [propext,
 Classical.choice,
 Quot.sound]
'MagnitudeConjecture.CoveringHom.finiteCategoryProjectiveGeneratorCongrIso' depends on axioms: [propext,
 Classical.choice,
 Quot.sound]
'MagnitudeConjecture.CoveringHom.finiteCategoryAlgebraEquiv' depends on axioms: [propext, Classical.choice, Quot.sound]
'MagnitudeConjecture.RightModule.FiniteIndecomposableSkeleton.UniversalCover.standardFormOppositeProjectiveDeckOrbitFinite' depends on axioms: [propext,
 Classical.choice,
 Quot.sound]
'MagnitudeConjecture.RightModule.FiniteIndecomposableSkeleton.UniversalCover.standardFormOppositeProjectiveDeckOrbitFiniteRightRepresentables' depends on axioms: [propext,
 Classical.choice,
 Quot.sound]
'MagnitudeConjecture.RightModule.FiniteIndecomposableSkeleton.UniversalCover.standardFormOppositeProjectiveOrbitCategoryAlgebraEquiv' depends on axioms: [propext,
 Classical.choice,
 Quot.sound]
'MagnitudeConjecture.CoveringHom.uliftResiduallyFinite' depends on axioms: [propext, Classical.choice, Quot.sound]
'MagnitudeConjecture.CoveringHom.CoherentDeckShift.ulift' depends on axioms: [propext, Classical.choice, Quot.sound]
'MagnitudeConjecture.CoveringHom.CoherentDeckShift.uliftShiftOrbitEquivalence' depends on axioms: [propext,
 Classical.choice,
 Quot.sound]
'MagnitudeConjecture.CoveringHom.uliftOrbitQuotientEquiv' depends on axioms: [propext, Classical.choice, Quot.sound]
'MagnitudeConjecture.CoveringHom.CoherentDeckShift.uliftDeckOrbitSkeletonFunctor_obj_bijective' depends on axioms: [propext,
 Classical.choice,
 Quot.sound]
'MagnitudeConjecture.CoveringHom.CoherentDeckShift.uliftDeckOrbitSkeletonEquivalence' depends on axioms: [propext,
 Classical.choice,
 Quot.sound]
'MagnitudeConjecture.RightModule.FiniteIndecomposableSkeleton.UniversalCover.standardFormOppositeProjectiveLiftedDeckOrbitFinite' depends on axioms: [propext,
 Classical.choice,
 Quot.sound]
'MagnitudeConjecture.RightModule.FiniteIndecomposableSkeleton.UniversalCover.standardFormOppositeProjectiveLiftedDeckOrbitFiniteRightRepresentables' depends on axioms: [propext,
 Classical.choice,
 Quot.sound]
'MagnitudeConjecture.RightModule.FiniteIndecomposableSkeleton.UniversalCover.standardFormOppositeProjectiveLiftedOrbitCategoryAlgebraEquivNonempty' depends on axioms: [propext,
 Classical.choice,
 Quot.sound]
'MagnitudeConjecture.CoveringHom.oppositeEndRingEquiv' depends on axioms: [propext, Quot.sound]
'MagnitudeConjecture.CoveringHom.isLocalRing_mulOpposite' depends on axioms: [propext, Quot.sound]
'MagnitudeConjecture.CoveringHom.IsLocallyBounded.op' depends on axioms: [propext, Classical.choice, Quot.sound]
'MagnitudeConjecture.RightModule.FiniteIndecomposableSkeleton.UniversalCover.standardFormUniversalOutgoingSupportFinite' depends on axioms: [propext,
 Classical.choice,
 Quot.sound]
'MagnitudeConjecture.RightModule.FiniteIndecomposableSkeleton.UniversalCover.standardFormUniversalIncomingSupportFinite' depends on axioms: [propext,
 Classical.choice,
 Quot.sound]
'MagnitudeConjecture.RightModule.FiniteIndecomposableSkeleton.UniversalCover.standardFormProjectiveSourceCategorySkeletal' depends on axioms: [propext,
 Classical.choice,
 Quot.sound]
'MagnitudeConjecture.RightModule.FiniteIndecomposableSkeleton.UniversalCover.standardFormProjectiveSourceCategoryIsLocallyBounded' depends on axioms: [propext,
 Classical.choice,
 Quot.sound]
'MagnitudeConjecture.RightModule.FiniteIndecomposableSkeleton.UniversalCover.standardFormOppositeProjectiveSourceCategoryIsLocallyBounded' depends on axioms: [propext,
 Classical.choice,
 Quot.sound]
'MagnitudeConjecture.CoveringHom.hasFiniteConvexObjectNeighborhoods_of_rank' depends on axioms: [propext,
 Classical.choice,
 Quot.sound]
'MagnitudeConjecture.MeshCategory.RightMeshData.UniversalCover.vertexDegree_path' depends on axioms: [propext,
 Quot.sound]
'MagnitudeConjecture.MeshCategory.RightMeshData.UniversalCover.meshLengthComponent_eq_bot_of_vertexDegree_ne' depends on axioms: [propext,
 Classical.choice,
 Quot.sound]
'MagnitudeConjecture.MeshCategory.RightMeshData.UniversalCover.exists_meshLength_of_nontrivial_hom' depends on axioms: [propext,
 Classical.choice,
 Quot.sound]
'MagnitudeConjecture.MeshCategory.RightMeshData.UniversalCover.meshEndomorphism_eq_smul_id' depends on axioms: [propext,
 Classical.choice,
 Quot.sound]
'MagnitudeConjecture.MeshCategory.RightMeshData.UniversalCover.meshEndomorphism_isIso_of_ne_zero' depends on axioms: [propext,
 Classical.choice,
 Quot.sound]
'MagnitudeConjecture.RightModule.FiniteIndecomposableSkeleton.UniversalCover.standardFormUniversalObjectDegree_strict' depends on axioms: [propext,
 Classical.choice,
 Quot.sound]
'MagnitudeConjecture.RightModule.FiniteIndecomposableSkeleton.UniversalCover.standardFormOppositeProjectiveObjectDegree_strict' depends on axioms: [propext,
 Classical.choice,
 Quot.sound]
'MagnitudeConjecture.RightModule.FiniteIndecomposableSkeleton.UniversalCover.standardFormOppositeProjectiveBaseSuccessorsFinite' depends on axioms: [propext,
 Classical.choice,
 Quot.sound]
'MagnitudeConjecture.RightModule.FiniteIndecomposableSkeleton.UniversalCover.standardFormOppositeProjectiveSourceCategoryHasFiniteConvexObjectNeighborhoods' depends on axioms: [propext,
 Classical.choice,
 Quot.sound]
'MagnitudeConjecture.RightModule.FiniteIndecomposableSkeleton.UniversalCover.standardFormUniversalProjectiveIncomingSupportFinite' depends on axioms: [propext,
 Classical.choice,
 Quot.sound]
'MagnitudeConjecture.RightModule.FiniteIndecomposableSkeleton.UniversalCover.standardFormUniversalRestrictedYonedaFinite' depends on axioms: [propext,
 Classical.choice,
 Quot.sound]
'MagnitudeConjecture.RightModule.FiniteIndecomposableSkeleton.UniversalCover.standardFormUniversalOppositeRepresentableFinite' depends on axioms: [propext,
 Classical.choice,
 Quot.sound]
'MagnitudeConjecture.RightModule.FiniteIndecomposableSkeleton.UniversalCover.standardFormUniversalRestrictedYonedaAmbientOppositeIso' depends on axioms: [propext,
 Classical.choice,
 Quot.sound]
'MagnitudeConjecture.RightModule.FiniteIndecomposableSkeleton.UniversalCover.standardFormUniversalRestrictedYonedaAmbientOppositeLinearModuleIso' depends on axioms: [propext,
 Classical.choice,
 Quot.sound]
'MagnitudeConjecture.RightModule.FiniteIndecomposableSkeleton.UniversalCover.standardFormUniversalOppositeProjectiveInclusionCommShift' depends on axioms: [propext,
 Classical.choice,
 Quot.sound]
'MagnitudeConjecture.RightModule.FiniteIndecomposableSkeleton.UniversalCover.standardFormUniversalRestrictedYonedaOrbitPushdownToAmbientIso' depends on axioms: [propext,
 Classical.choice,
 Quot.sound]
'MagnitudeConjecture.RightModule.FiniteIndecomposableSkeleton.UniversalCover.standardFormUniversalRestrictedYonedaOrbitSkeletonPushdownToAmbientIso' depends on axioms: [propext,
 Classical.choice,
 Quot.sound]
'MagnitudeConjecture.RightModule.FiniteIndecomposableSkeleton.UniversalCover.standardFormUniversalRestrictedYonedaOrbitSkeletonPushdownRepresentableIso' depends on axioms: [propext,
 Classical.choice,
 Quot.sound]
'MagnitudeConjecture.RightModule.FiniteIndecomposableSkeleton.UniversalCover.standardFormUniversalOppositeShiftOrbitProjectionFunctor' depends on axioms: [propext,
 Classical.choice,
 Quot.sound]
'MagnitudeConjecture.RightModule.FiniteIndecomposableSkeleton.UniversalCover.standardFormUniversalMeshProjectionCommShift_inv_app' depends on axioms: [propext,
 Classical.choice,
 Quot.sound]
'MagnitudeConjecture.RightModule.FiniteIndecomposableSkeleton.UniversalCover.standardFormUniversalOppositeShiftOrbitSourceFiberLinearEquiv' depends on axioms: [propext,
 Classical.choice,
 Quot.sound]
'MagnitudeConjecture.RightModule.FiniteIndecomposableSkeleton.UniversalCover.standardFormUniversalOppositeShiftOrbitSourceFiberLinearEquiv_shiftOrbitLof' depends on axioms: [propext,
 Classical.choice,
 Quot.sound]
'MagnitudeConjecture.RightModule.FiniteIndecomposableSkeleton.UniversalCover.standardFormUniversalOppositeShiftOrbitHomLinearEquiv_apply' depends on axioms: [propext,
 Classical.choice,
 Quot.sound]
'MagnitudeConjecture.RightModule.FiniteIndecomposableSkeleton.UniversalCover.standardFormUniversalOppositeShiftOrbitOriginalHomLinearEquiv_apply' depends on axioms: [propext,
 Classical.choice,
 Quot.sound]
'MagnitudeConjecture.RightModule.FiniteIndecomposableSkeleton.UniversalCover.standardFormUniversalOppositeProjectiveProjection_map' depends on axioms: [propext,
 Classical.choice,
 Quot.sound]
'MagnitudeConjecture.RightModule.FiniteIndecomposableSkeleton.UniversalCover.standardFormUniversalOrbitRepresentableDownstairsRestrictedYonedaValueLinearEquiv' depends on axioms: [propext,
 Classical.choice,
 Quot.sound]
'MagnitudeConjecture.RightModule.FiniteIndecomposableSkeleton.UniversalCover.standardFormUniversalOrbitRepresentableDownstairsRestrictedYonedaIsoNonempty' depends on axioms: [propext,
 Classical.choice,
 Quot.sound]
'MagnitudeConjecture.RightModule.FiniteIndecomposableSkeleton.UniversalCover.standardFormUniversalRestrictedYonedaOrbitSkeletonPushdownDownstairsIso' depends on axioms: [propext,
 Classical.choice,
 Quot.sound]
'MagnitudeConjecture.RightModule.FiniteIndecomposableSkeleton.UniversalCover.standardFormUniversalRestrictedYonedaFunctor' depends on axioms: [propext,
 Classical.choice,
 Quot.sound]
'MagnitudeConjecture.CoveringHom.shiftOrbitComp_of_left_component_zero' depends on axioms: [propext,
 Classical.choice,
 Quot.sound]
'MagnitudeConjecture.CoveringHom.exists_isSplitMono_shiftOrbitHom_component_of_retraction' depends on axioms: [propext,
 Classical.choice,
 Quot.sound]
'MagnitudeConjecture.CoveringHom.exists_isSplitMono_shiftOrbitHom_component' depends on axioms: [propext,
 Classical.choice,
 Quot.sound]
'MagnitudeConjecture.CoveringHom.CoherentDeckShift.exists_splitMono_shiftHom_of_pushdown_iso' depends on axioms: [propext,
 Classical.choice,
 Quot.sound]
'MagnitudeConjecture.CoveringHom.CoherentDeckShift.exists_shift_iso_finBiproduct_component_of_pushdown_iso' depends on axioms: [propext,
 Classical.choice,
 Quot.sound]
'MagnitudeConjecture.CoveringHom.CoherentDeckShift.isLocallyRepresentationFinite_of_finite_shift_orbit_representatives' depends on axioms: [propext,
 Classical.choice,
 Quot.sound]
'MagnitudeConjecture.RightModule.FiniteIndecomposableSkeleton.UniversalCover.standardFormUniversalLiftObject_projection' depends on axioms: [propext,
 Classical.choice,
 Quot.sound]
'MagnitudeConjecture.RightModule.FiniteIndecomposableSkeleton.UniversalCover.standardFormUniversalRestrictedYonedaPrototypePushdownIso' depends on axioms: [propext,
 Classical.choice,
 Quot.sound]
'MagnitudeConjecture.RightModule.FiniteIndecomposableSkeleton.UniversalCover.standardFormUniversalRestrictedYonedaPrototype_indecomposable' depends on axioms: [propext,
 Classical.choice,
 Quot.sound]
'MagnitudeConjecture.RightModule.FiniteIndecomposableSkeleton.UniversalCover.exists_standardFormUniversalRestrictedYonedaPrototype_shift_iso' depends on axioms: [propext,
 Classical.choice,
 Quot.sound]
'MagnitudeConjecture.RightModule.FiniteIndecomposableSkeleton.UniversalCover.standardFormOppositeProjectiveSourceCategoryIsLocallyRepresentationFinite' depends on axioms: [propext,
 Classical.choice,
 Quot.sound]
'MagnitudeConjecture.LinearCovering.IsCovering.map_injective' depends on axioms: [propext, Classical.choice, Quot.sound]
'MagnitudeConjecture.LinearCovering.IsCovering.faithful' depends on axioms: [propext, Classical.choice, Quot.sound]
'MagnitudeConjecture.CoveringHom.finiteSupportRestrictedLinearYonedaFunctor_faithful_of_sourceDetection' depends on axioms: [propext,
 Classical.choice,
 Quot.sound]
'MagnitudeConjecture.CoveringHom.CoherentDeckShift.linearCoyonedaRestrictionShiftIso' depends on axioms: [propext,
 Classical.choice,
 Quot.sound]
'MagnitudeConjecture.CoveringHom.hasAcyclicFiniteModuleNonzeroNonisomorphisms_of_ranked_realization' depends on axioms: [propext,
 Classical.choice,
 Quot.sound]
'MagnitudeConjecture.RightModule.FiniteIndecomposableSkeleton.UniversalCover.exists_standardFormUniversal_projective_precomposition_ne_zero' depends on axioms: [propext,
 Classical.choice,
 Quot.sound]
'MagnitudeConjecture.RightModule.FiniteIndecomposableSkeleton.UniversalCover.standardFormUniversalRestrictedYonedaFunctor_faithful' depends on axioms: [propext,
 Classical.choice,
 Quot.sound]
'MagnitudeConjecture.RightModule.FiniteIndecomposableSkeleton.UniversalCover.standardFormUniversalRestrictedYonedaShiftIso' depends on axioms: [propext,
 Classical.choice,
 Quot.sound]
'MagnitudeConjecture.RightModule.FiniteIndecomposableSkeleton.UniversalCover.exists_standardFormUniversalRestrictedYoneda_iso' depends on axioms: [propext,
 Classical.choice,
 Quot.sound]
'LinearMap.surjective_of_injective_of_five_equiv' depends on axioms: [propext, Classical.choice, Quot.sound]
'MagnitudeConjecture.RightModule.FiniteIndecomposableSkeleton.UniversalCover.standardFormRestrictedYonedaDownstairsHomLinearEquiv' depends on axioms: [propext,
 Classical.choice,
 Quot.sound]
'MagnitudeConjecture.RightModule.FiniteIndecomposableSkeleton.UniversalCover.standardFormIndexedDeckOrbitHomLinearEquiv' depends on axioms: [propext,
 Classical.choice,
 Quot.sound]
'MagnitudeConjecture.RightModule.FiniteIndecomposableSkeleton.UniversalCover.standardFormOrbitSkeletonPushdownHomLinearEquiv' depends on axioms: [propext,
 Classical.choice,
 Quot.sound]
'MagnitudeConjecture.RightModule.FiniteIndecomposableSkeleton.UniversalCover.standardFormUniversalPushdownHomLinearEquiv' depends on axioms: [propext,
 Classical.choice,
 Quot.sound]
'DFinsupp.linearMap_component_surjective' depends on axioms: [propext, Classical.choice, Quot.sound]
'MagnitudeConjecture.RightModule.FiniteIndecomposableSkeleton.UniversalCover.standardFormUniversalRestrictedYonedaShiftHomLinearMap' depends on axioms: [propext,
 Classical.choice,
 Quot.sound]
'MagnitudeConjecture.RightModule.FiniteIndecomposableSkeleton.UniversalCover.standardFormUniversalRestrictedYonedaUnderlyingHomLinearMap_surjective' depends on axioms: [propext,
 Classical.choice,
 Quot.sound]
'MagnitudeConjecture.RightModule.FiniteIndecomposableSkeleton.UniversalCover.standardFormUniversalRestrictedYonedaFunctor_full' depends on axioms: [propext,
 Classical.choice,
 Quot.sound]
'MagnitudeConjecture.RightModule.FiniteIndecomposableSkeleton.UniversalCover.standardFormOppositeProjectiveSourceCategoryHasAcyclicFiniteModuleNonzeroNonisomorphisms' depends on axioms: [propext,
 Classical.choice,
 Quot.sound]
'MagnitudeConjecture.RightModule.FiniteIndecomposableSkeleton.UniversalCover.standardFormOppositeProjectiveSourceCategoryIsAdmissible' depends on axioms: [propext,
 Classical.choice,
 Quot.sound]
'MagnitudeConjecture.MeshCategory.RightMeshData.RiedtmannCover.repetitionDegree_deckActVertex' depends on axioms: [propext,
 Classical.choice,
 Quot.sound]
'MagnitudeConjecture.MeshCategory.RightMeshData.RiedtmannCover.universalLiftInverse_comp_lift' depends on axioms: [propext,
 Classical.choice,
 Quot.sound]
'MagnitudeConjecture.MeshCategory.RightMeshData.RiedtmannCover.repetitionDeckPrefunctor_comp_projection' depends on axioms: [propext,
 Classical.choice,
 Quot.sound]
'MagnitudeConjecture.MeshCategory.RightMeshData.RiedtmannCover.repetitionDeckPrefunctor_isCovering' depends on axioms: [propext,
 Classical.choice,
 Quot.sound]
'MagnitudeConjecture.MeshCategory.RightMeshData.RiedtmannCover.repetitionDeckPrefunctor_inverse_comp' depends on axioms: [propext,
 Classical.choice,
 Quot.sound]
'MagnitudeConjecture.MeshCategory.RightMeshData.RiedtmannCover.fundamentalDegree_ker_finite' depends on axioms: [propext,
 Classical.choice,
 Quot.sound]
'MagnitudeConjecture.MeshCategory.RightMeshData.SectionalPath.degreeWindowEquiv' depends on axioms: [propext,
 Classical.choice,
 Quot.sound]
'MagnitudeConjecture.MeshCategory.RightMeshData.SectionalPath.degreeZeroArrowEquivNonroot' depends on axioms: [propext,
 Classical.choice,
 Quot.sound]
'MagnitudeConjecture.MeshCategory.RightMeshData.SectionalPath.card_degreeZeroOneEdge_add_one' depends on axioms: [propext,
 Classical.choice,
 Quot.sound]
'MagnitudeConjecture.MeshCategory.RightMeshData.RiedtmannCover.fundamentalDegree_ker_natCard_dvd_tree_natCard' depends on axioms: [propext,
 Classical.choice,
 Quot.sound]
'MagnitudeConjecture.MeshCategory.RightMeshData.RiedtmannCover.fundamentalDegree_ker_natCard_dvd_degreeZeroOneEdge_card' depends on axioms: [propext,
 Classical.choice,
 Quot.sound]
'MagnitudeConjecture.MeshCategory.RightMeshData.RiedtmannCover.fundamentalDegree_ker_natCard_eq_one' depends on axioms: [propext,
 Classical.choice,
 Quot.sound]
'MagnitudeConjecture.MeshCategory.RightMeshData.RiedtmannCover.fundamentalDegree_injective' depends on axioms: [propext,
 Classical.choice,
 Quot.sound]
'MagnitudeConjecture.MeshCategory.RightMeshData.RiedtmannCover.fundamentalGroup_isFree_of_finite_sectionalTree' depends on axioms: [propext,
 Classical.choice,
 Quot.sound]
'MagnitudeConjecture.RightModule.FiniteIndecomposableSkeleton.standardFormPeriodicComponent_fundamentalGroup_isFree' depends on axioms: [propext,
 Classical.choice,
 Quot.sound]
'MagnitudeConjecture.RightModule.FiniteIndecomposableSkeleton.standardFormPeriodicComponent_homotopyGroupoidIsFree' depends on axioms: [propext,
 Classical.choice,
 Quot.sound]
'MagnitudeConjecture.MeshCategory.RightMeshData.IsTauInjective.isFreeGroupoidOfPeriodicComponents' depends on axioms: [propext,
 Classical.choice,
 Quot.sound]
'MagnitudeConjecture.RightModule.FiniteIndecomposableSkeleton.standardForm_homotopyGroupoidIsFree' depends on axioms: [propext,
 Classical.choice,
 Quot.sound]
'MagnitudeConjecture.RightModule.FiniteIndecomposableSkeleton.standardForm_fundamentalGroup_isFree' depends on axioms: [propext,
 Classical.choice,
 Quot.sound]
'MagnitudeConjecture.RightModule.FiniteIndecomposableSkeleton.standardForm_fundamentalGroup_isMulTorsionFree' depends on axioms: [propext,
 Classical.choice,
 Quot.sound]
'MagnitudeConjecture.RightModule.FiniteIndecomposableSkeleton.standardForm_fundamentalGroup_residuallyFinite' depends on axioms: [propext,
 Classical.choice,
 Quot.sound]
'MagnitudeConjecture.RightModule.FiniteIndecomposableSkeleton.ambientARSurplus_mapAlgEquiv' depends on axioms: [propext,
 Classical.choice,
 Quot.sound]
'MagnitudeConjecture.RightModule.FiniteIndecomposableSkeleton.ambientARSurplus_eq' depends on axioms: [propext,
 Classical.choice,
 Quot.sound]
'MagnitudeConjecture.RightModule.primitiveQuotientAlgEquiv' depends on axioms: [propext, Quot.sound]
'MagnitudeConjecture.RightModule.FiniteIndecomposableSkeleton.UniversalCover.standardFormCoveringPrimitive' depends on axioms: [propext,
 Classical.choice,
 Quot.sound]
'MagnitudeConjecture.RightModule.FiniteIndecomposableSkeleton.UniversalCover.standardFormCoveringPrimitiveQuotient_ambientARSurplus_le' depends on axioms: [propext,
 Classical.choice,
 Quot.sound]
'MagnitudeConjecture.RightModule.FiniteIndecomposableSkeleton.UniversalCover.standardFormCovering_finrank_obj_eq_one_of_ambientARSurplus_eq' depends on axioms: [propext,
 Classical.choice,
 Quot.sound]
'MagnitudeConjecture.MeshCategory.RightMeshData.UniversalCover.walkComponent_isWalkConnectedAt' depends on axioms: [propext,
 Classical.choice,
 Quot.sound]
'MagnitudeConjecture.MeshCategory.RightMeshData.UniversalCover.meshCategory_hom_eq_zero_of_walkComponentClass_ne' depends on axioms: [propext,
 Classical.choice,
 Quot.sound]
'MagnitudeConjecture.RightModule.FiniteIndecomposableSkeleton.standardFormComponent_isWalkConnectedAt' depends on axioms: [propext,
 Classical.choice,
 Quot.sound]
'MagnitudeConjecture.RightModule.FiniteIndecomposableSkeleton.standardForm_meshHom_eq_zero_of_walkComponentClass_ne' depends on axioms: [propext,
 Classical.choice,
 Quot.sound]
'MagnitudeConjecture.RightModule.FiniteIndecomposableSkeleton.standardFormComponentProjectiveVertex_nonempty' depends on axioms: [propext,
 Classical.choice,
 Quot.sound]
'MagnitudeConjecture.RightModule.FiniteIndecomposableSkeleton.standardFormComponentMeshHomFinite' depends on axioms: [propext,
 Classical.choice,
 Quot.sound]
'MagnitudeConjecture.RightModule.FiniteIndecomposableSkeleton.standardFormComponentRestrictedYonedaFunctor_faithful' depends on axioms: [propext,
 Classical.choice,
 Quot.sound]
'MagnitudeConjecture.RightModule.FiniteIndecomposableSkeleton.standardFormComponentAlgebra_finiteDimensional' depends on axioms: [propext,
 Classical.choice,
 Quot.sound]
'MagnitudeConjecture.RightModule.FiniteIndecomposableSkeleton.standardFormComponentOppositeProjectiveToDeletionEquivalence' depends on axioms: [propext,
 Classical.choice,
 Quot.sound]
'MagnitudeConjecture.RightModule.FiniteIndecomposableSkeleton.standardFormComponentModuleExtensionByZero' depends on axioms: [propext,
 Classical.choice,
 Quot.sound]
'MagnitudeConjecture.RightModule.FiniteIndecomposableSkeleton.standardFormComponentModuleExtensionByZero_indec' depends on axioms: [propext,
 Classical.choice,
 Quot.sound]
'MagnitudeConjecture.RightModule.FiniteIndecomposableSkeleton.standardFormComponentModuleExtensionByZero_obj_isZero_of_class_ne' depends on axioms: [propext,
 Classical.choice,
 Quot.sound]
'MagnitudeConjecture.RightModule.FiniteIndecomposableSkeleton.standardFormRestrictedYoneda_component_vanishesOnComplement' depends on axioms: [propext,
 Classical.choice,
 Quot.sound]
'MagnitudeConjecture.RightModule.FiniteIndecomposableSkeleton.standardFormComponentGlobalYonedaDeletionFunctor' depends on axioms: [propext,
 Classical.choice,
 Quot.sound]
'MagnitudeConjecture.RightModule.FiniteIndecomposableSkeleton.standardFormComponentGlobalYonedaDeletionIso' depends on axioms: [propext,
 Classical.choice,
 Quot.sound]
'MagnitudeConjecture.RightModule.FiniteIndecomposableSkeleton.standardFormComponentGlobalYonedaDeletionNatIso' depends on axioms: [propext,
 Classical.choice,
 Quot.sound]
'MagnitudeConjecture.RightModule.FiniteIndecomposableSkeleton.standardFormComponentGlobalYonedaRestrictionExtensionNatIso' depends on axioms: [propext,
 Classical.choice,
 Quot.sound]
'MagnitudeConjecture.RightModule.FiniteIndecomposableSkeleton.standardFormComponentRestrictedYonedaExtensionNatIso' depends on axioms: [propext,
 Classical.choice,
 Quot.sound]
'MagnitudeConjecture.RightModule.FiniteIndecomposableSkeleton.standardFormComponentMeshInclusion_full' depends on axioms: [propext,
 Classical.choice,
 Quot.sound]
'MagnitudeConjecture.RightModule.FiniteIndecomposableSkeleton.standardFormComponentRestrictedYonedaFunctor_full' depends on axioms: [propext,
 Classical.choice,
 Quot.sound]
'MagnitudeConjecture.RightModule.FiniteIndecomposableSkeleton.standardFormComponentRestrictedYonedaFunctor_indec_dense' depends on axioms: [propext,
 Classical.choice,
 Quot.sound]
'MagnitudeConjecture.RightModule.FiniteIndecomposableSkeleton.standardFormComponentVertexEquivFin' depends on axioms: [propext,
 Classical.choice,
 Quot.sound]
'MagnitudeConjecture.RightModule.FiniteIndecomposableSkeleton.standardFormComponentProjectiveVertexModuleIndecomposableSkeleton' depends on axioms: [propext,
 Classical.choice,
 Quot.sound]
'MagnitudeConjecture.RightModule.FiniteIndecomposableSkeleton.standardFormComponentProjectiveVertexModuleAlgebraEquivalence' depends on axioms: [propext,
 Classical.choice,
 Quot.sound]
'MagnitudeConjecture.RightModule.FiniteIndecomposableSkeleton.standardFormComponentAlgebraIndecomposableSkeleton' depends on axioms: [propext,
 Classical.choice,
 Quot.sound]
'MagnitudeConjecture.RightModule.FiniteIndecomposableSkeleton.standardFormComponentRestrictedYoneda_projective_iff_original' depends on axioms: [propext,
 Classical.choice,
 Quot.sound]
'MagnitudeConjecture.RightModule.FiniteIndecomposableSkeleton.standardFormComponentAlgebraSkeleton_projective_iff_original' depends on axioms: [propext,
 Classical.choice,
 Quot.sound]
'MagnitudeConjecture.RightModule.FiniteIndecomposableSkeleton.standardFormComponentModuleExtensionByZero_locallyIndecomposableRightObjectClosedAt' depends on axioms: [propext,
 Classical.choice,
 Quot.sound]
'MagnitudeConjecture.RightModule.FiniteIndecomposableSkeleton.standardFormComponentAlgebra_ambientARSurplus_eq_componentSurplus' depends on axioms: [propext,
 Classical.choice,
 Quot.sound]
'MagnitudeConjecture.MeshCategory.RightMeshData.UniversalCover.isWalkConnectedAt_of_ordinaryPrefunctor' depends on axioms: [Classical.choice,
 Quot.sound]
'MagnitudeConjecture.RightModule.FiniteIndecomposableSkeleton.standardFormComponentAlgebra_arrowMultiplicity_eq_original' depends on axioms: [propext,
 Classical.choice,
 Quot.sound]
'MagnitudeConjecture.RightModule.FiniteIndecomposableSkeleton.standardFormComponentAlgebra_isWalkConnectedAt' depends on axioms: [propext,
 Classical.choice,
 Quot.sound]
'MagnitudeConjecture.RightModule.FiniteIndecomposableSkeleton.ambientARSurplus_nonnegative' depends on axioms: [propext,
 Classical.choice,
 Quot.sound]
'MagnitudeConjecture.RightModule.FiniteIndecomposableSkeleton.categoryMagnitude_ge_projectiveCount' depends on axioms: [propext,
 Classical.choice,
 Quot.sound]
'MagnitudeConjecture.RightModule.FiniteIndecomposableSkeleton.standardFormComponentSurplus_nonnegative' depends on axioms: [propext,
 Classical.choice,
 Quot.sound]
'MagnitudeConjecture.RightModule.FiniteIndecomposableSkeleton.standardFormComponentSurplus_eq_zero' depends on axioms: [propext,
 Classical.choice,
 Quot.sound]
'MagnitudeConjecture.RightModule.FiniteIndecomposableSkeleton.standardFormComponentAlgebra_ambientARSurplus_eq_zero_of_ambientARSurplus_eq_zero' depends on axioms: [propext,
 Classical.choice,
 Quot.sound]
'MagnitudeConjecture.RightModule.FiniteIndecomposableSkeleton.UniversalCover.standardFormCovering_finrank_obj_eq_one_of_ambientARSurplus_eq_zero' depends on axioms: [propext,
 Classical.choice,
 Quot.sound]
'MagnitudeConjecture.IsUniserialModule.quotient' depends on axioms: [propext, Classical.choice, Quot.sound]
'MagnitudeConjecture.IsUniserialModule.submodule' depends on axioms: [propext, Quot.sound]
'MagnitudeConjecture.IsUniserialModule.of_injective' depends on axioms: [propext, Quot.sound]
'MagnitudeConjecture.IsUniserialModule.congr' depends on axioms: [propext, Quot.sound]
'MagnitudeConjecture.IsUniserialModule.of_subsingleton' depends on axioms: [propext, Classical.choice, Quot.sound]
'MagnitudeConjecture.IsUniserialModule.isIndecomposableModule' depends on axioms: [propext,
 Classical.choice,
 Quot.sound]
'MagnitudeConjecture.IsUniserialModule.isSimpleModule_of_semisimple_of_isIndecomposableModule' depends on axioms: [propext,
 Classical.choice,
 Quot.sound]
'MagnitudeConjecture.IsUniserialModule.top_isSimple' depends on axioms: [propext, Classical.choice, Quot.sound]
'MagnitudeConjecture.IsUniserialModule.eq_of_length_eq' depends on axioms: [propext, Classical.choice, Quot.sound]
'MagnitudeConjecture.IsUniserialModule.le_jacobson_of_ne_top_of_simple_top' depends on axioms: [propext,
 Classical.choice,
 Quot.sound]
'MagnitudeConjecture.IsUniserialModule.isIndecomposableModule_of_simpleTop' depends on axioms: [propext,
 Classical.choice,
 Quot.sound]
'MagnitudeConjecture.IsUniserialModule.of_simpleTop_of_jacobson' depends on axioms: [propext,
 Classical.choice,
 Quot.sound]
'MagnitudeConjecture.IsUniserialModule.exists_covBy_le_with_comap_eq_jacobson' depends on axioms: [propext,
 Classical.choice,
 Quot.sound]
'MagnitudeConjecture.IsUniserialObject.congr' depends on axioms: [propext, Classical.choice, Quot.sound]
'MagnitudeConjecture.IsUniserialObject.subobject' depends on axioms: [propext, Classical.choice, Quot.sound]
'MagnitudeConjecture.IsUniserialObject.of_radicalSubobject' depends on axioms: [propext, Classical.choice, Quot.sound]
'MagnitudeConjecture.IsUniserialObject.of_isZero' depends on axioms: [propext, Classical.choice, Quot.sound]
'MagnitudeConjecture.IsUniserialModule.iff_moduleCat' depends on axioms: [propext, Classical.choice, Quot.sound]
'MagnitudeConjecture.CoveringHom.isPointwiseThin_iff_finrank_eq_one_of_not_isZero' depends on axioms: [propext,
 Classical.choice,
 Quot.sound]
'MagnitudeConjecture.ObjectDeletion.isPointwiseThin_of_extensionByZero' depends on axioms: [propext,
 Classical.choice,
 Quot.sound]
'MagnitudeConjecture.RightModule.FiniteIndecomposableSkeleton.UniversalCover.standardFormCovering_isPointwiseThin_of_ambientARSurplus_eq_zero' depends on axioms: [propext,
 Classical.choice,
 Quot.sound]
'MagnitudeConjecture.RightModule.FiniteIndecomposableSkeleton.UniversalCover.standardFormCoveringDeletion_isPointwiseThin_of_ambientARSurplus_eq_zero' depends on axioms: [propext,
 Classical.choice,
 Quot.sound]
'MagnitudeConjecture.ObjectDeletion.eq_zero_of_mem_ideal_of_noDeletedFactorization' depends on axioms: [propext,
 Quot.sound]
'MagnitudeConjecture.ObjectDeletion.survivingDeletionEquivalence' depends on axioms: [propext,
 Classical.choice,
 Quot.sound]
'MagnitudeConjecture.ObjectDeletion.noDeletedFactorization_compl_of_isConvexObjectSet' depends on axioms: [propext,
 Classical.choice,
 Quot.sound]
'MagnitudeConjecture.ObjectDeletion.convexSurvivingDeletionEquivalence' depends on axioms: [propext,
 Classical.choice,
 Quot.sound]
'MagnitudeConjecture.ObjectDeletion.convexFullSubcategoryDeletionEquivalence' depends on axioms: [propext,
 Classical.choice,
 Quot.sound]
'MagnitudeConjecture.ObjectDeletion.finiteConvexFullSubcategoryModuleEquivalence' depends on axioms: [propext,
 Classical.choice,
 Quot.sound]
'MagnitudeConjecture.ObjectDeletion.fullSubcategory_isPointwiseThin_of_deletion' depends on axioms: [propext,
 Classical.choice,
 Quot.sound]
'MagnitudeConjecture.RightModule.FiniteIndecomposableSkeleton.UniversalCover.standardFormCoveringFiniteConvex_isPointwiseThin_of_ambientARSurplus_eq_zero' depends on axioms: [propext,
 Classical.choice,
 Quot.sound]
'MagnitudeConjecture.IsSimpleOrZeroModule.congr' depends on axioms: [propext, Classical.choice, Quot.sound]
'MagnitudeConjecture.IsBiserialModule.congr' depends on axioms: [propext, Classical.choice, Quot.sound]
'MagnitudeConjecture.IsBiserialModule.uniserial_of_indec_of_length_eq_two' depends on axioms: [propext,
 Classical.choice,
 Quot.sound]
'MagnitudeConjecture.IsBiserialModule.jacobson_length_eq_two_of_simple_top_of_length_eq_three' depends on axioms: [propext,
 Classical.choice,
 Quot.sound]
'MagnitudeConjecture.IsBiserialModule.uniserial_of_simple_top_of_length_eq_three_of_jacobson_indec' depends on axioms: [propext,
 Classical.choice,
 Quot.sound]
'MagnitudeConjecture.IsBiserialModule.of_simple_top_of_length_eq_three' depends on axioms: [propext,
 Classical.choice,
 Quot.sound]
'MagnitudeConjecture.RightModule.idempotentCoordinateLinearEquivOfIso' depends on axioms: [propext,
 Classical.choice,
 Quot.sound]
'MagnitudeConjecture.RightModule.IsCoordinateThin.congr' depends on axioms: [propext, Classical.choice, Quot.sound]
'MagnitudeConjecture.RightModule.IsCoordinateThin.submodule' depends on axioms: [propext, Classical.choice, Quot.sound]
'MagnitudeConjecture.RightModule.quotientFGMkQ' depends on axioms: [propext, Classical.choice, Quot.sound]
'MagnitudeConjecture.RightModule.quotientFGMkQ_surjective' depends on axioms: [propext, Classical.choice, Quot.sound]
'MagnitudeConjecture.RightModule.quotientFGLift' depends on axioms: [propext, Classical.choice, Quot.sound]
'MagnitudeConjecture.RightModule.quotientFGLift_apply_mkQ' depends on axioms: [propext, Classical.choice, Quot.sound]
'MagnitudeConjecture.RightModule.quotientFGLift_surjective' depends on axioms: [propext, Classical.choice, Quot.sound]
'MagnitudeConjecture.RightModule.quotientFGMapQ' depends on axioms: [propext, Classical.choice, Quot.sound]
'MagnitudeConjecture.RightModule.quotientFGMapQ_apply_mkQ' depends on axioms: [propext, Classical.choice, Quot.sound]
'MagnitudeConjecture.RightModule.quotientFGMapQ_surjective' depends on axioms: [propext, Classical.choice, Quot.sound]
'MagnitudeConjecture.RightModule.quotientFGMapQ_ker' depends on axioms: [propext, Classical.choice, Quot.sound]
'MagnitudeConjecture.RightModule.IsCoordinateThin.quotient' depends on axioms: [propext, Classical.choice, Quot.sound]
'MagnitudeConjecture.RightModule.idempotentCoordinate_submodule_quotient_exact' depends on axioms: [propext,
 Classical.choice,
 Quot.sound]
'MagnitudeConjecture.RightModule.finrank_idempotentCoordinate_eq_add_submodule_quotient' depends on axioms: [propext,
 Classical.choice,
 Quot.sound]
'MagnitudeConjecture.RightModule.hasRepeatedSelfSubquotient_of_surjective_prod_self' depends on axioms: [propext,
 Classical.choice,
 Quot.sound]
'MagnitudeConjecture.RightModule.hasRepeatedSelfSubquotient_of_submodule_linearEquiv_prod_self' depends on axioms: [propext,
 Classical.choice,
 Quot.sound]
'MagnitudeConjecture.RightModule.hasRepeatedSelfSubquotient_of_submodule_surjective_prod_self' depends on axioms: [propext,
 Classical.choice,
 Quot.sound]
'MagnitudeConjecture.RightModule.hasRepeatedSelfSubquotient_of_quotient_submodule_prod_self' depends on axioms: [propext,
 Classical.choice,
 Quot.sound]
'MagnitudeConjecture.RightModule.finrank_idempotentCoordinate_prod' depends on axioms: [propext,
 Classical.choice,
 Quot.sound]
'MagnitudeConjecture.RightModule.exists_positive_idempotentCoordinate' depends on axioms: [propext,
 Classical.choice,
 Quot.sound]
'MagnitudeConjecture.RightModule.nonisomorphic_submodule_and_top_of_coordinateThin' depends on axioms: [propext,
 Classical.choice,
 Quot.sound]
'MagnitudeConjecture.RightModule.no_repeatedSelfSubquotient_of_all_coordinateThin' depends on axioms: [propext,
 Classical.choice,
 Quot.sound]
'MagnitudeConjecture.CoveringHom.finiteCategoryProjectiveGenerator.algebra_coordinateThin_of_pointwiseThin' depends on axioms: [propext,
 Classical.choice,
 Quot.sound]
'MagnitudeConjecture.CoveringHom.finiteCategoryProjectiveGenerator.finiteObjectModelAlgebra_coordinateThin_of_pointwiseThin' depends on axioms: [propext,
 Classical.choice,
 Quot.sound]
'MagnitudeConjecture.ObjectDeletion.fullSubcategory_finiteCovariantRepresentables' depends on axioms: [propext,
 Classical.choice,
 Quot.sound]
'MagnitudeConjecture.IsBiserialModule.submoduleToQuotientLinearMap_injective_of_inf_eq_bot' depends on axioms: [propext,
 Classical.choice,
 Quot.sound]
'MagnitudeConjecture.IsBiserialModule.uniserial_submodule_of_uniserial_quotient_of_inf_eq_bot' depends on axioms: [propext,
 Classical.choice,
 Quot.sound]
'MagnitudeConjecture.IsBiserialModule.of_jacobson_eq_sup_of_inf_eq_bot_of_quotients_uniserial' depends on axioms: [propext,
 Classical.choice,
 Quot.sound]
'MagnitudeConjecture.IsBiserialModule.jacobson_quotient_eq_map_of_jacobson_eq_sup' depends on axioms: [propext,
 Classical.choice,
 Quot.sound]
'MagnitudeConjecture.IsBiserialModule.uniserial_quotient_of_jacobson_eq_sup_of_inf_eq_bot' depends on axioms: [propext,
 Classical.choice,
 Quot.sound]
'MagnitudeConjecture.IsBiserialModule.uniserial_of_biserial_of_simple_top_of_jacobson' depends on axioms: [propext,
 Classical.choice,
 Quot.sound]
'MagnitudeConjecture.isSimpleOrZeroModule_of_uniserial_of_semisimple' depends on axioms: [propext,
 Classical.choice,
 Quot.sound]
'MagnitudeConjecture.IsSimpleOrZeroModule.length_le_one' depends on axioms: [propext, Classical.choice, Quot.sound]
'MagnitudeConjecture.IsUniserialModule.range' depends on axioms: [propext, Classical.choice, Quot.sound]
'MagnitudeConjecture.top_jacobson_length_eq_two_of_biserial_of_not_uniserial' depends on axioms: [propext,
 Classical.choice,
 Quot.sound]
'MagnitudeConjecture.top_jacobson_length_le_two_of_biserial' depends on axioms: [propext, Classical.choice, Quot.sound]
'MagnitudeConjecture.exists_complementary_simple_top_jacobson_of_biserial_of_not_uniserial' depends on axioms: [propext,
 Classical.choice,
 Quot.sound]
'MagnitudeConjecture.RightModule.hasRepeatedSelfSubquotient_of_prod_submodule_quotients' depends on axioms: [propext,
 Classical.choice,
 Quot.sound]
'MagnitudeConjecture.RightModule.hasRepeatedSelfSubquotient_kernel_of_prod_submodule_quotients' depends on axioms: [propext,
 Classical.choice,
 Quot.sound]
'MagnitudeConjecture.RightModule.hasRepeatedSelfSubquotient_fiberKernel_of_submodule_quotients' depends on axioms: [propext,
 Classical.choice,
 Quot.sound]
'MagnitudeConjecture.RightModule.not_indec_fiberKernel_of_all_coordinateThin' depends on axioms: [propext,
 Classical.choice,
 Quot.sound]
'MagnitudeConjecture.RightModule.fiberKernelFGObjLinearEquiv' depends on axioms: [propext, Classical.choice, Quot.sound]
'MagnitudeConjecture.RightModule.fiberKernelInclusion_injective' depends on axioms: [propext,
 Classical.choice,
 Quot.sound]
'MagnitudeConjecture.RightModule.fiberKernelRadicalPreimage_ne_top' depends on axioms: [propext,
 Classical.choice,
 Quot.sound]
'MagnitudeConjecture.RightModule.length_prod_eq_length_fiberKernel_add' depends on axioms: [propext,
 Classical.choice,
 Quot.sound]
'MagnitudeConjecture.RightModule.length_fiberKernel_eq_five' depends on axioms: [propext, Classical.choice, Quot.sound]
'MagnitudeConjecture.RightModule.map_moduleSocle_fiberKernel_eq_prod' depends on axioms: [propext,
 Classical.choice,
 Quot.sound]
'MagnitudeConjecture.RightModule.fiberKernelSocleLinearEquiv' depends on axioms: [propext, Classical.choice, Quot.sound]
'MagnitudeConjecture.RightModule.length_moduleSocle_fiberKernel_eq_two' depends on axioms: [propext,
 Classical.choice,
 Quot.sound]
'MagnitudeConjecture.RightModule.fiberKernelSocleQuotientMap' depends on axioms: [propext, Classical.choice, Quot.sound]
'MagnitudeConjecture.RightModule.fiberKernelSocleQuotientMap_surjective' depends on axioms: [propext,
 Classical.choice,
 Quot.sound]
'MagnitudeConjecture.RightModule.fiberKernelSocleQuotientMap_ker' depends on axioms: [propext,
 Classical.choice,
 Quot.sound]
'MagnitudeConjecture.RightModule.fiberKernelQuotientSocleLinearEquiv' depends on axioms: [propext,
 Classical.choice,
 Quot.sound]
'MagnitudeConjecture.RightModule.quotientBranchSocle_le_quotientFGLift_ker' depends on axioms: [propext,
 Classical.choice,
 Quot.sound]
'MagnitudeConjecture.RightModule.fiberKernelNextSocleLinearEquiv' depends on axioms: [propext,
 Classical.choice,
 Quot.sound]
'MagnitudeConjecture.RightModule.fiberKernelNextSocleLinearEquivOfLengthThree' depends on axioms: [propext,
 Classical.choice,
 Quot.sound]
'MagnitudeConjecture.RightModule.hasRepeatedSelfSubquotient_cokernel_of_prod_quotients' depends on axioms: [propext,
 Classical.choice,
 Quot.sound]
'MagnitudeConjecture.RightModule.not_indec_cokernel_of_all_coordinateThin' depends on axioms: [propext,
 Classical.choice,
 Quot.sound]
'MagnitudeConjecture.RightModule.hasRepeatedSelfSubquotient_of_injective_submodule_prod' depends on axioms: [propext,
 Classical.choice,
 Quot.sound]
'MagnitudeConjecture.RightModule.hasRepeatedSelfSubquotient_cokernel_of_disjoint_submodule_prod' depends on axioms: [propext,
 Classical.choice,
 Quot.sound]
'MagnitudeConjecture.RightModule.hasRepeatedSelfSubquotient_diagonalSubmoduleCokernel' depends on axioms: [propext,
 Classical.choice,
 Quot.sound]
'MagnitudeConjecture.RightModule.moduleTopLinearEquivOfSurjectiveToSimple' depends on axioms: [propext,
 Classical.choice,
 Quot.sound]
'MagnitudeConjecture.RightModule.linearMap_eq_zero_of_simpleTop_noniso_of_simpleRadical_target' depends on axioms: [propext,
 Classical.choice,
 Quot.sound]
'MagnitudeConjecture.RightModule.isIndecomposableModule_diagonalCokernel_of_crossHom_eq_zero' depends on axioms: [propext,
 Classical.choice,
 Quot.sound]
'MagnitudeConjecture.RightModule.isIndecomposableModule_diagonalCokernel_of_crossLayers' depends on axioms: [propext,
 Classical.choice,
 Quot.sound]
'MagnitudeConjecture.RightModule.not_indec_diagonalSubmoduleCokernel_of_all_coordinateThin' depends on axioms: [propext,
 Classical.choice,
 Quot.sound]
'MagnitudeConjecture.RightModule.idempotentCoordinateLinearMap_injective' depends on axioms: [propext,
 Classical.choice,
 Quot.sound]
'MagnitudeConjecture.RightModule.idempotentCoordinateLinearMap_surjective' depends on axioms: [propext,
 Classical.choice,
 Quot.sound]
'MagnitudeConjecture.RightModule.idempotentCoordinate_pos_of_injective' depends on axioms: [propext,
 Classical.choice,
 Quot.sound]
'MagnitudeConjecture.RightModule.idempotentCoordinate_pos_of_surjective' depends on axioms: [propext,
 Classical.choice,
 Quot.sound]
'MagnitudeConjecture.RightModule.linearMap_submodule_to_quotient_eq_zero_of_coordinateThin' depends on axioms: [propext,
 Classical.choice,
 Quot.sound]
'MagnitudeConjecture.RightModule.linearMap_to_crossBranch_eq_zero_of_coordinateThin' depends on axioms: [propext,
 Classical.choice,
 Quot.sound]
'MagnitudeConjecture.RightModule.crossBranchQuotientProjection_simple_kernel' depends on axioms: [propext,
 Classical.choice,
 Quot.sound]
'MagnitudeConjecture.RightModule.crossBranchLeftQuotientProjection_simple_kernel' depends on axioms: [propext,
 Classical.choice,
 Quot.sound]
'MagnitudeConjecture.RightModule.isIndecomposableModule_diagonalInfSummandCokernel_of_coordinateThin' depends on axioms: [propext,
 Classical.choice,
 Quot.sound]
'MagnitudeConjecture.RightModule.not_indec_cokernel_of_disjoint_submodule_prod_of_all_coordinateThin' depends on axioms: [propext,
 Classical.choice,
 Quot.sound]
'MagnitudeConjecture.RightModule.coordinateThin_of_simpleTop' depends on axioms: [propext, Classical.choice, Quot.sound]
'MagnitudeConjecture.RightModule.nonisomorphic_top_and_nonzero_jacobson_submodule_of_simpleTop' depends on axioms: [propext,
 Classical.choice,
 Quot.sound]
'MagnitudeConjecture.RightModule.no_repeatedSelfSubquotient_of_simpleTop_of_all_coordinateThin' depends on axioms: [propext,
 Classical.choice,
 Quot.sound]
'MagnitudeConjecture.RightModule.exists_nonisomorphic_complementary_simple_top_jacobson' depends on axioms: [propext,
 Classical.choice,
 Quot.sound]
'MagnitudeConjecture.RightModule.LocalBiserialBelow.uniserial_of_jacobson_simpleTop' depends on axioms: [propext,
 Classical.choice,
 Quot.sound]
'MagnitudeConjecture.RightModule.LocalBiserialBelow.biserial_quotient_moduleSocle' depends on axioms: [propext,
 Classical.choice,
 Quot.sound]
'MagnitudeConjecture.le_moduleSocle_of_simple' depends on axioms: [propext, Classical.choice, Quot.sound]
'MagnitudeConjecture.isSimpleModule_map_of_injective' depends on axioms: [propext, Classical.choice, Quot.sound]
'MagnitudeConjecture.map_eq_bot_or_isSimpleModule' depends on axioms: [propext, Classical.choice, Quot.sound]
'MagnitudeConjecture.map_moduleSocle_eq_of_linearEquiv' depends on axioms: [propext, Classical.choice, Quot.sound]
'MagnitudeConjecture.simple_moduleSocle_congr' depends on axioms: [propext, Classical.choice, Quot.sound]
'MagnitudeConjecture.moduleSocle_le_ker_of_not_injective' depends on axioms: [propext, Classical.choice, Quot.sound]
'MagnitudeConjecture.moduleSocle_isSimple_of_injective' depends on axioms: [propext, Classical.choice, Quot.sound]
'MagnitudeConjecture.moduleSocle_isSemisimple' depends on axioms: [propext, Classical.choice, Quot.sound]
'MagnitudeConjecture.comap_moduleSocle_subtype_eq_moduleSocle' depends on axioms: [propext,
 Classical.choice,
 Quot.sound]
'MagnitudeConjecture.moduleSocle_prod' depends on axioms: [propext, Classical.choice, Quot.sound]
'MagnitudeConjecture.simpleSubmodule_prod_eq_coordinate' depends on axioms: [propext, Classical.choice, Quot.sound]
'MagnitudeConjecture.moduleSocleProdLinearEquivOfIsCompl' depends on axioms: [propext, Classical.choice, Quot.sound]
'MagnitudeConjecture.quotientModuleSocleProdLinearEquivOfIsCompl' depends on axioms: [propext,
 Classical.choice,
 Quot.sound]
'MagnitudeConjecture.quotientModuleSocleLayerProdLinearEquivOfIsCompl' depends on axioms: [propext,
 Classical.choice,
 Quot.sound]
'MagnitudeConjecture.length_quotientModuleSocleLayer_eq_add_of_isCompl' depends on axioms: [propext,
 Classical.choice,
 Quot.sound]
'MagnitudeConjecture.length_moduleSocle_eq_add_of_isCompl' depends on axioms: [propext, Classical.choice, Quot.sound]
'MagnitudeConjecture.exists_simple_submodule_le' depends on axioms: [propext, Classical.choice, Quot.sound]
'MagnitudeConjecture.inf_moduleSocle_ne_bot' depends on axioms: [propext, Classical.choice, Quot.sound]
'MagnitudeConjecture.moduleSocle_ne_bot' depends on axioms: [propext, Classical.choice, Quot.sound]
'MagnitudeConjecture.moduleSocle_le_jacobson_of_simpleTop_of_not_simple' depends on axioms: [propext,
 Classical.choice,
 Quot.sound]
'MagnitudeConjecture.IsUniserialModule.moduleSocle_isSimple' depends on axioms: [propext, Classical.choice, Quot.sound]
'MagnitudeConjecture.IsUniserialModule.moduleSocle_eq_of_simple_submodule' depends on axioms: [propext,
 Classical.choice,
 Quot.sound]
'MagnitudeConjecture.IsUniserialModule.of_simpleSocle_of_quotient_moduleSocle' depends on axioms: [propext,
 Classical.choice,
 Quot.sound]
'MagnitudeConjecture.uniserial_of_simpleSocle_of_length_eq_two' depends on axioms: [propext,
 Classical.choice,
 Quot.sound]
'MagnitudeConjecture.length_quotient_moduleSocle_eq_two_of_length_eq_three' depends on axioms: [propext,
 Classical.choice,
 Quot.sound]
'MagnitudeConjecture.length_quotient_eq_three_of_length_eq_four_of_simple' depends on axioms: [propext,
 Classical.choice,
 Quot.sound]
'MagnitudeConjecture.moduleSocle_le_ker_of_surjective_of_length_eq_two_to_one' depends on axioms: [propext,
 Classical.choice,
 Quot.sound]
'MagnitudeConjecture.uniserial_of_two_simple_socle_layers_of_length_eq_three' depends on axioms: [propext,
 Classical.choice,
 Quot.sound]
'MagnitudeConjecture.isIndecomposableModule_of_simpleSocle' depends on axioms: [propext, Classical.choice, Quot.sound]
'MagnitudeConjecture.simple_moduleSocles_of_isCompl_of_length_eq_two' depends on axioms: [propext,
 Classical.choice,
 Quot.sound]
'MagnitudeConjecture.isIndecomposableModule_of_complement_uniserial_of_capture_socle' depends on axioms: [propext,
 Classical.choice,
 Quot.sound]
'MagnitudeConjecture.complement_uniserial_of_length_five_of_two_socle_layers' depends on axioms: [propext,
 Classical.choice,
 Quot.sound]
'MagnitudeConjecture.RightModule.coordinateThin_of_simpleSocle' depends on axioms: [propext,
 Classical.choice,
 Quot.sound]
'MagnitudeConjecture.RightModule.no_repeatedSelfSubquotient_of_simpleSocle_of_all_coordinateThin' depends on axioms: [propext,
 Classical.choice,
 Quot.sound]
'MagnitudeConjecture.RightModule.nextSocle_length_le_one_of_isCompl_of_homogeneous' depends on axioms: [propext,
 Classical.choice,
 Quot.sound]
'MagnitudeConjecture.RightModule.fiberKernel_indec_of_two_socle_layers_of_complement_capture' depends on axioms: [propext,
 Classical.choice,
 Quot.sound]
'MagnitudeConjecture.RightModule.false_of_fiberKernel_induction_obstruction' depends on axioms: [propext,
 Classical.choice,
 Quot.sound]
'MagnitudeConjecture.RightModule.isSimpleModule_map_quotientMk_of_inf_eq_bot' depends on axioms: [propext,
 Classical.choice,
 Quot.sound]
'MagnitudeConjecture.RightModule.moduleSocle_quotient_eq_sup_map' depends on axioms: [propext,
 Classical.choice,
 Quot.sound]
'MagnitudeConjecture.RightModule.quotientBranchSocleLinearEquiv' depends on axioms: [propext,
 Classical.choice,
 Quot.sound]
'MagnitudeConjecture.RightModule.nestedQuotientBySocleLinearEquiv' depends on axioms: [propext,
 Classical.choice,
 Quot.sound]
'MagnitudeConjecture.RightModule.quotientBranchCommonNextSocleFGObj' depends on axioms: [propext,
 Classical.choice,
 Quot.sound]
'MagnitudeConjecture.RightModule.quotientBranchNextSocleLinearEquiv' depends on axioms: [propext,
 Classical.choice,
 Quot.sound]
'MagnitudeConjecture.RightModule.quotientBranchFiberKernelFGObj' depends on axioms: [propext,
 Classical.choice,
 Quot.sound]
'MagnitudeConjecture.RightModule.quotientBranchFiberKernelRadicalPreimage' depends on axioms: [propext,
 Classical.choice,
 Quot.sound]
'MagnitudeConjecture.moduleJacobson_eq_ringJacobson_smul_top' depends on axioms: [propext, Classical.choice, Quot.sound]
'MagnitudeConjecture.map_iteratedModuleJacobson_eq_ringJacobson_sq_smul_top' depends on axioms: [propext,
 Classical.choice,
 Quot.sound]
'MagnitudeConjecture.map_thriceIteratedModuleJacobson_eq_ringJacobson_cube_smul_top' depends on axioms: [propext,
 Classical.choice,
 Quot.sound]
'MagnitudeConjecture.exists_radicalSquare_smul_ne_zero_mem_socle' depends on axioms: [propext,
 Classical.choice,
 Quot.sound]
'MagnitudeConjecture.map_ideal_smul_top_quotient' depends on axioms: [propext, Classical.choice, Quot.sound]
'MagnitudeConjecture.ideal_smul_top_quotient_eq_bot_of_le' depends on axioms: [propext, Classical.choice, Quot.sound]
'MagnitudeConjecture.isSimpleModule_of_map_of_injective' depends on axioms: [propext, Classical.choice, Quot.sound]
'MagnitudeConjecture.submoduleMapLinearEquivOfInjective' depends on axioms: [propext, Classical.choice, Quot.sound]
'MagnitudeConjecture.moduleTopLinearEquiv' depends on axioms: [propext, Classical.choice, Quot.sound]
'MagnitudeConjecture.isSimpleModule_top_congr' depends on axioms: [propext, Classical.choice, Quot.sound]
'MagnitudeConjecture.isSimpleModule_top_quotient_of_le_jacobson' depends on axioms: [propext,
 Classical.choice,
 Quot.sound]
'MagnitudeConjecture.submoduleProdSupLinearEquiv' depends on axioms: [propext, Classical.choice, Quot.sound]
'MagnitudeConjecture.length_sup_eq_two_of_disjoint_simple' depends on axioms: [propext, Classical.choice, Quot.sound]
'MagnitudeConjecture.length_eq_four_of_three_simple_radical_layers' depends on axioms: [propext,
 Classical.choice,
 Quot.sound]
'MagnitudeConjecture.RightModule.radicalCubeTruncationFGObj' depends on axioms: [propext, Classical.choice, Quot.sound]
'MagnitudeConjecture.RightModule.radicalCubeTruncationMkQ' depends on axioms: [propext, Classical.choice, Quot.sound]
'MagnitudeConjecture.RightModule.ringJacobson_cube_smul_top_radicalCubeTruncation_eq_bot' depends on axioms: [propext,
 Classical.choice,
 Quot.sound]
'MagnitudeConjecture.RightModule.map_ringJacobson_square_smul_top_radicalCubeTruncation' depends on axioms: [propext,
 Classical.choice,
 Quot.sound]
'MagnitudeConjecture.RightModule.radicalSecondTopToCubeTruncationMap' depends on axioms: [propext,
 Classical.choice,
 Quot.sound]
'MagnitudeConjecture.RightModule.radicalSecondTopToCubeTruncationMap_injective' depends on axioms: [propext,
 Classical.choice,
 Quot.sound]
'MagnitudeConjecture.RightModule.radicalSecondTopToCubeTruncationMap_range' depends on axioms: [propext,
 Classical.choice,
 Quot.sound]
'MagnitudeConjecture.RightModule.moduleJacobson_radicalCubeTruncation_eq_map' depends on axioms: [propext,
 Classical.choice,
 Quot.sound]
'MagnitudeConjecture.RightModule.radicalCubeSubmodule_le_moduleJacobson' depends on axioms: [propext,
 Classical.choice,
 Quot.sound]
'MagnitudeConjecture.RightModule.radicalCubeTruncationTopLinearEquiv' depends on axioms: [propext,
 Classical.choice,
 Quot.sound]
'MagnitudeConjecture.RightModule.isSimpleModule_top_radicalCubeTruncation_iff' depends on axioms: [propext,
 Classical.choice,
 Quot.sound]
'MagnitudeConjecture.RightModule.isSimpleModule_radicalLayer_radicalCubeTruncation' depends on axioms: [propext,
 Classical.choice,
 Quot.sound]
'MagnitudeConjecture.RightModule.radicalSquareTruncationFGObj' depends on axioms: [propext,
 Classical.choice,
 Quot.sound]
'MagnitudeConjecture.RightModule.radicalSquareTruncationMkQ' depends on axioms: [propext, Classical.choice, Quot.sound]
'MagnitudeConjecture.RightModule.ringJacobson_square_smul_top_radicalSquareTruncation_eq_bot' depends on axioms: [propext,
 Classical.choice,
 Quot.sound]
'MagnitudeConjecture.RightModule.moduleJacobson_radicalSquareTruncation_eq_map' depends on axioms: [propext,
 Classical.choice,
 Quot.sound]
'MagnitudeConjecture.RightModule.radicalSquareSubmodule_le_moduleJacobson' depends on axioms: [propext,
 Classical.choice,
 Quot.sound]
'MagnitudeConjecture.RightModule.radicalSquareTruncationTopLinearEquiv' depends on axioms: [propext,
 Classical.choice,
 Quot.sound]
'MagnitudeConjecture.RightModule.isSimpleModule_top_radicalSquareTruncation_iff' depends on axioms: [propext,
 Classical.choice,
 Quot.sound]
'MagnitudeConjecture.RightModule.radicalTopToSquareTruncationMap' depends on axioms: [propext,
 Classical.choice,
 Quot.sound]
'MagnitudeConjecture.RightModule.radicalTopToSquareTruncationMap_injective' depends on axioms: [propext,
 Classical.choice,
 Quot.sound]
'MagnitudeConjecture.RightModule.radicalTopToSquareTruncationMap_range' depends on axioms: [propext,
 Classical.choice,
 Quot.sound]
'MagnitudeConjecture.RightModule.moduleJacobson_jacobson_radicalSquareTruncation_eq_bot' depends on axioms: [propext,
 Classical.choice,
 Quot.sound]
'MagnitudeConjecture.RightModule.radicalTopSquareTruncationLinearEquiv' depends on axioms: [propext,
 Classical.choice,
 Quot.sound]
'MagnitudeConjecture.exists_local_submodule_mapping_onto_simple' depends on axioms: [propext,
 Classical.choice,
 Quot.sound]
'MagnitudeConjecture.exists_spanning_local_lifts_of_complementary_simples' depends on axioms: [propext,
 Classical.choice,
 Quot.sound]
'MagnitudeConjecture.semisimple_submodule_le_moduleSocle' depends on axioms: [propext, Classical.choice, Quot.sound]
'MagnitudeConjecture.semisimple_submodule_length_le_two_of_le_sup_uniserial' depends on axioms: [propext,
 Classical.choice,
 Quot.sound]
'MagnitudeConjecture.semisimple_submodule_length_le_two_of_biserial_of_le_jacobson' depends on axioms: [propext,
 Classical.choice,
 Quot.sound]
'MagnitudeConjecture.semisimple_submodule_eq_moduleSocle_of_biserial_of_simple_top_of_length_eq_two' depends on axioms: [propext,
 Classical.choice,
 Quot.sound]
'MagnitudeConjecture.isSimpleModule_of_nontrivial_of_length_le_two_of_ne_two' depends on axioms: [propext,
 Classical.choice,
 Quot.sound]
'MagnitudeConjecture.exists_complementary_simple_of_semisimple_of_length_eq_two' depends on axioms: [propext,
 Classical.choice,
 Quot.sound]
'MagnitudeConjecture.RightModule.fiberKernelLeftSocleMap' depends on axioms: [propext, Classical.choice, Quot.sound]
'MagnitudeConjecture.RightModule.fiberKernelRightSocleMap' depends on axioms: [propext, Classical.choice, Quot.sound]
'MagnitudeConjecture.RightModule.fiberKernelLeftSocleMap_injective' depends on axioms: [propext,
 Classical.choice,
 Quot.sound]
'MagnitudeConjecture.RightModule.fiberKernelRightSocleMap_injective' depends on axioms: [propext,
 Classical.choice,
 Quot.sound]
'MagnitudeConjecture.RightModule.fiberKernelLeftSocleSubmodule' depends on axioms: [propext,
 Classical.choice,
 Quot.sound]
'MagnitudeConjecture.RightModule.fiberKernelRightSocleSubmodule' depends on axioms: [propext,
 Classical.choice,
 Quot.sound]
'MagnitudeConjecture.RightModule.HasMixedSocleCoordinates' depends on axioms: [propext, Classical.choice, Quot.sound]
'MagnitudeConjecture.RightModule.HasMixedSocleSmulWitness' depends on axioms: [propext, Classical.choice, Quot.sound]
'MagnitudeConjecture.RightModule.hasMixedSocleCoordinates_of_smulWitness' depends on axioms: [propext,
 Classical.choice,
 Quot.sound]
'MagnitudeConjecture.RightModule.hasMixedSocleSmulWitness_of_length_three' depends on axioms: [propext,
 Classical.choice,
 Quot.sound]
'MagnitudeConjecture.RightModule.quotientBranch_hasMixedSocleSmulWitness' depends on axioms: [propext,
 Classical.choice,
 Quot.sound]
'MagnitudeConjecture.RightModule.moduleSocle_fiberKernel_le_of_coordinateSocles_le' depends on axioms: [propext,
 Classical.choice,
 Quot.sound]
'MagnitudeConjecture.RightModule.fiberKernel_coordinateSocle_le_of_simpleSocle' depends on axioms: [propext,
 Classical.choice,
 Quot.sound]
'MagnitudeConjecture.RightModule.moduleSocle_fiberKernel_le_of_mixed_of_coordinate_le' depends on axioms: [propext,
 Classical.choice,
 Quot.sound]
'MagnitudeConjecture.RightModule.moduleSocle_fiberKernel_le_of_mixed_of_nonisomorphic' depends on axioms: [propext,
 Classical.choice,
 Quot.sound]
'MagnitudeConjecture.RightModule.moduleSocle_fiberKernel_le_of_hasMixed_of_nonisomorphic' depends on axioms: [propext,
 Classical.choice,
 Quot.sound]
'MagnitudeConjecture.RightModule.fiberKernel_indec_of_mixed_outside_radicalPreimage' depends on axioms: [propext,
 Classical.choice,
 Quot.sound]
'MagnitudeConjecture.RightModule.false_of_quotientBranch_fiberKernel_induction_obstruction' depends on axioms: [propext,
 Classical.choice,
 Quot.sound]
'MagnitudeConjecture.RightModule.quotientBranch_uniserial_of_simple_radical_square' depends on axioms: [propext,
 Classical.choice,
 Quot.sound]
'MagnitudeConjecture.RightModule.false_of_radicalCubeTruncation_fiberKernel_induction_obstruction' depends on axioms: [propext,
 Classical.choice,
 Quot.sound]
'MagnitudeConjecture.RightModule.false_of_radicalCubeTruncation_nestedRadicalBranches_induction_obstruction' depends on axioms: [propext,
 Classical.choice,
 Quot.sound]
'MagnitudeConjecture.RightModule.false_of_biserial_nonuniserial_jacobson_simpleTop' depends on axioms: [propext,
 Classical.choice,
 Quot.sound]
'MagnitudeConjecture.RightModule.LocalBiserialBelow.not_jacobson_simpleTop_of_not_uniserial' depends on axioms: [propext,
 Classical.choice,
 Quot.sound]
'MagnitudeConjecture.RightModule.LocalBiserialBelow.exists_nonisomorphic_complementary_simple_top_jacobson_of_radicalSquare_ne_bot' depends on axioms: [propext,
 Classical.choice,
 Quot.sound]
'MagnitudeConjecture.RightModule.LocalBiserialBelow.exists_spanning_nonisomorphic_local_jacobson_submodules_of_radicalSquare_ne_bot' depends on axioms: [propext,
 Classical.choice,
 Quot.sound]
'MagnitudeConjecture.RightModule.LocalBiserialBelow.uniserial_branches_of_disjoint_spanning_jacobson' depends on axioms: [propext,
 Classical.choice,
 Quot.sound]
'MagnitudeConjecture.RightModule.LocalBiserialBelow.length_inf_le_two_of_semisimple_of_not_le' depends on axioms: [propext,
 Classical.choice,
 Quot.sound]
'MagnitudeConjecture.RightModule.LocalBiserialBelow.spanning_local_jacobson_submodules_incomparable' depends on axioms: [propext,
 Classical.choice,
 Quot.sound]
'MagnitudeConjecture.RightModule.LocalBiserialBelow.inf_isSemisimple' depends on axioms: [propext,
 Classical.choice,
 Quot.sound]
'MagnitudeConjecture.RightModule.LocalBiserialBelow.length_inf_le_two_of_semisimple' depends on axioms: [propext,
 Classical.choice,
 Quot.sound]
'MagnitudeConjecture.RightModule.LocalBiserialBelow.inf_eq_mapped_socles_of_semisimple_of_length_eq_two' depends on axioms: [propext,
 Classical.choice,
 Quot.sound]
'MagnitudeConjecture.RightModule.exists_nonisomorphic_complementary_simple_inf_of_semisimple_of_length_eq_two' depends on axioms: [propext,
 Classical.choice,
 Quot.sound]
'MagnitudeConjecture.RightModule.LocalBiserialBelow.false_of_semisimple_inf_length_eq_two' depends on axioms: [propext,
 Classical.choice,
 Quot.sound]
'MagnitudeConjecture.RightModule.LocalBiserialBelow.simple_inf_of_semisimple_of_length_ne_two' depends on axioms: [propext,
 Classical.choice,
 Quot.sound]
'MagnitudeConjecture.RightModule.LocalBiserialBelow.simple_inf_of_semisimple' depends on axioms: [propext,
 Classical.choice,
 Quot.sound]
'MagnitudeConjecture.RightModule.LocalBiserialBelow.simple_inf' depends on axioms: [propext,
 Classical.choice,
 Quot.sound]
'MagnitudeConjecture.IsUniserialModule.eq_of_simple_submodules_le' depends on axioms: [propext,
 Classical.choice,
 Quot.sound]
'MagnitudeConjecture.exists_disjoint_simple_submodule_of_simple_quotient_uniserial' depends on axioms: [propext,
 Classical.choice,
 Quot.sound]
'MagnitudeConjecture.submoduleQuotientLinearEquivMap' depends on axioms: [propext, Classical.choice, Quot.sound]
'MagnitudeConjecture.submoduleLinearEquivMapQuotientOfInfEqBot' depends on axioms: [propext,
 Classical.choice,
 Quot.sound]
'MagnitudeConjecture.moduleTopOfMappedSubmoduleQuotientLinearEquiv' depends on axioms: [propext,
 Classical.choice,
 Quot.sound]
'MagnitudeConjecture.RightModule.hasRepeatedSelfSubquotient_of_disjoint_isomorphic_submodules' depends on axioms: [propext,
 Classical.choice,
 Quot.sound]
'MagnitudeConjecture.RightModule.nonisomorphic_disjoint_simple_submodules_of_simpleTop' depends on axioms: [propext,
 Classical.choice,
 Quot.sound]
'MagnitudeConjecture.RightModule.jacobson_eq_sup_and_length_eq_three_of_biserial_of_disjoint_simple_quotients_uniserial' depends on axioms: [propext,
 Classical.choice,
 Quot.sound]
'MagnitudeConjecture.RightModule.LocalBiserialBelow.uniserial_submodule_quotient_by_nonzero_radical' depends on axioms: [propext,
 Classical.choice,
 Quot.sound]
'MagnitudeConjecture.RightModule.LocalBiserialBelow.uniserial_branch_quotients_by_simple_inf' depends on axioms: [propext,
 Classical.choice,
 Quot.sound]
'MagnitudeConjecture.RightModule.LocalBiserialBelow.exists_simple_branch_complement' depends on axioms: [propext,
 Classical.choice,
 Quot.sound]
'MagnitudeConjecture.RightModule.LocalBiserialBelow.branch_jacobson_eq_sup_and_length_eq_three_of_simple_complement' depends on axioms: [propext,
 Classical.choice,
 Quot.sound]
'MagnitudeConjecture.RightModule.LocalBiserialBelow.other_branch_uniserial_of_simple_complement' depends on axioms: [propext,
 Classical.choice,
 Quot.sound]
'MagnitudeConjecture.RightModule.moduleSocle_eq_shared_simple_of_coordinateThin_uniserial_branches' depends on axioms: [propext,
 Classical.choice,
 Quot.sound]
'MagnitudeConjecture.RightModule.LocalBiserialBelow.final_fiberKernel_branch_socles' depends on axioms: [propext,
 Classical.choice,
 Quot.sound]
'MagnitudeConjecture.RightModule.finalQuotientBranch_hasMixedSocleSmulWitness' depends on axioms: [propext,
 Classical.choice,
 Quot.sound]
'MagnitudeConjecture.RightModule.LocalBiserialBelow.false_of_simple_complement' depends on axioms: [propext,
 Classical.choice,
 Quot.sound]
'MagnitudeConjecture.RightModule.LocalBiserialBelow.left_branch_uniserial_of_simple_inf' depends on axioms: [propext,
 Classical.choice,
 Quot.sound]
'MagnitudeConjecture.RightModule.LocalBiserialBelow.branches_uniserial_of_simple_inf' depends on axioms: [propext,
 Classical.choice,
 Quot.sound]
'MagnitudeConjecture.exists_nonsimple_indecomposable_submodule_of_not_semisimple' depends on axioms: [propext,
 Classical.choice,
 Quot.sound]
'MagnitudeConjecture.exists_nonsimple_indecomposable_simpleTop_submodule_of_not_semisimple' depends on axioms: [propext,
 Classical.choice,
 Quot.sound]
'MagnitudeConjecture.exists_maximal_nonsimple_indecomposable_submodule_of_not_semisimple' depends on axioms: [propext,
 Classical.choice,
 Quot.sound]
'MagnitudeConjecture.exists_maximal_nonsimple_indecomposable_submodule_le_of_not_semisimple' depends on axioms: [propext,
 Classical.choice,
 Quot.sound]
'MagnitudeConjecture.RightModule.idempotentCoordinate_pos_of_nonzero_linearMap_of_simpleTop' depends on axioms: [propext,
 Classical.choice,
 Quot.sound]
'MagnitudeConjecture.RightModule.linearMap_eq_zero_or_eq_zero_of_coordinateThin_prod_of_simpleTop' depends on axioms: [propext,
 Classical.choice,
 Quot.sound]
'MagnitudeConjecture.RightModule.moduleTopQuotientLinearEquiv' depends on axioms: [propext,
 Classical.choice,
 Quot.sound]
'MagnitudeConjecture.RightModule.commonRadicalQuotientRadicalLinearEquiv' depends on axioms: [propext,
 Classical.choice,
 Quot.sound]
'MagnitudeConjecture.RightModule.moduleTop_nonisomorphic_commonRadicalTop_of_coordinateThin' depends on axioms: [propext,
 Classical.choice,
 Quot.sound]
'MagnitudeConjecture.RightModule.crossSubmoduleToQuotient_ker' depends on axioms: [propext,
 Classical.choice,
 Quot.sound]
'MagnitudeConjecture.RightModule.moduleTops_nonisomorphic_of_coordinateThin_of_crossKernel' depends on axioms: [propext,
 Classical.choice,
 Quot.sound]
'MagnitudeConjecture.RightModule.isIndecomposableModule_diagonalCommonRadicalCokernel' depends on axioms: [propext,
 Classical.choice,
 Quot.sound]
'MagnitudeConjecture.RightModule.isIndecomposableModule_diagonalCommonRadicalCokernel_of_coordinateThin' depends on axioms: [propext,
 Classical.choice,
 Quot.sound]
'MagnitudeConjecture.RightModule.isIndecomposableModule_diagonalCommonRadicalCokernel_of_ambient' depends on axioms: [propext,
 Classical.choice,
 Quot.sound]
'MagnitudeConjecture.crossKernel_eq_jacobson_of_inf_eq' depends on axioms: [propext, Classical.choice, Quot.sound]
'MagnitudeConjecture.RightModule.branchImages_isCompl' depends on axioms: [propext, Classical.choice, Quot.sound]
'MagnitudeConjecture.RightModule.linearMap_range_le_left_or_le_right_of_coordinateThin_sup_of_simpleTop' depends on axioms: [propext,
 Classical.choice,
 Quot.sound]
'MagnitudeConjecture.RightModule.uniserial_range_of_linearMap_of_simpleTop_of_coordinateThin_of_biserial' depends on axioms: [propext,
 Classical.choice,
 Quot.sound]
'MagnitudeConjecture.RightModule.uniserial_map_quotient_of_simpleTop_submodule_of_coordinateThin_of_biserial' depends on axioms: [propext,
 Classical.choice,
 Quot.sound]
'MagnitudeConjecture.RightModule.map_le_map_or_map_le_map_of_uniserial_range' depends on axioms: [propext,
 Classical.choice,
 Quot.sound]
'MagnitudeConjecture.RightModule.inf_map_quotient_moduleSocle_eq_bot_of_inf_eq_bot' depends on axioms: [propext,
 Classical.choice,
 Quot.sound]
'MagnitudeConjecture.RightModule.inf_map_quotient_moduleSocle_eq_bot_of_coordinateThin_of_inf_le' depends on axioms: [propext,
 Classical.choice,
 Quot.sound]
'MagnitudeConjecture.RightModule.le_or_le_of_le_of_le_of_uniserial_submodule' depends on axioms: [propext,
 Classical.choice,
 Quot.sound]
'MagnitudeConjecture.RightModule.simple_disjoint_otherBranch_of_terminal_in_uniserial_socleQuotient' depends on axioms: [propext,
 Classical.choice,
 Quot.sound]
'MagnitudeConjecture.RightModule.exists_ambient_or_quotient_commonRadicalCarrier' depends on axioms: [propext,
 Classical.choice,
 Quot.sound]
'MagnitudeConjecture.RightModule.exists_maximal_nonsimple_uniserial_submodule_le_of_biserial_side' depends on axioms: [propext,
 Classical.choice,
 Quot.sound]
'MagnitudeConjecture.RightModule.false_of_commonRadicalCarriers_of_coordinateThin' depends on axioms: [propext,
 Classical.choice,
 Quot.sound]
'MagnitudeConjecture.RightModule.inf_eq_of_covBy_of_maximal_nonsimple_uniserial' depends on axioms: [propext,
 Classical.choice,
 Quot.sound]
'MagnitudeConjecture.RightModule.false_of_not_semisimple_inf_of_biserial_sides' depends on axioms: [propext,
 Classical.choice,
 Quot.sound]
'MagnitudeConjecture.RightModule.linearMap_to_injective_jacobson_subquotient_eq_zero_of_coordinateThin' depends on axioms: [propext,
 Classical.choice,
 Quot.sound]
'MagnitudeConjecture.RightModule.linearMap_to_jacobson_subquotient_eq_zero_of_coordinateThin' depends on axioms: [propext,
 Classical.choice,
 Quot.sound]
'MagnitudeConjecture.RightModule.crossBranchQuotientProjectionKernelLinearEquiv' depends on axioms: [propext,
 Classical.choice,
 Quot.sound]
'MagnitudeConjecture.RightModule.crossBranchLeftQuotientProjectionKernelLinearEquiv' depends on axioms: [propext,
 Classical.choice,
 Quot.sound]
'MagnitudeConjecture.RightModule.linearMap_to_crossBranchQuotient_eq_zero_of_coordinateThin_of_inf_left_le_jacobson' depends on axioms: [propext,
 Classical.choice,
 Quot.sound]
'MagnitudeConjecture.RightModule.linearMap_to_crossBranchLeftQuotient_eq_zero_of_coordinateThin_of_inf_right_le_jacobson' depends on axioms: [propext,
 Classical.choice,
 Quot.sound]
'MagnitudeConjecture.RightModule.false_of_nonsimple_indecomposable_intersection_eq_both_jacobson' depends on axioms: [propext,
 Classical.choice,
 Quot.sound]
'MagnitudeConjecture.IsBiserialModule.of_semisimple_jacobson_length_le_two' depends on axioms: [propext,
 Classical.choice,
 Quot.sound]
'MagnitudeConjecture.exists_three_simple_nested_complements_of_semisimple_of_length_not_le_two' depends on axioms: [propext,
 Classical.choice,
 Quot.sound]
'MagnitudeConjecture.RightModule.linearMap_eq_zero_of_nonisomorphic_simple' depends on axioms: [propext,
 Classical.choice,
 Quot.sound]
'MagnitudeConjecture.RightModule.linearMap_eq_zero_of_two_simple_radical_noniso_targetRadical' depends on axioms: [propext,
 Classical.choice,
 Quot.sound]
'MagnitudeConjecture.RightModule.submoduleToQuotientLinearMap_range' depends on axioms: [propext,
 Classical.choice,
 Quot.sound]
'MagnitudeConjecture.RightModule.map_quotientMk_eq_bot_of_le' depends on axioms: [propext, Classical.choice, Quot.sound]
'MagnitudeConjecture.RightModule.quotientByMappedSubmoduleLinearEquiv' depends on axioms: [propext,
 Classical.choice,
 Quot.sound]
'MagnitudeConjecture.RightModule.false_of_three_simple_squareZero_radical_summands' depends on axioms: [propext,
 Classical.choice,
 Quot.sound]
'MagnitudeConjecture.RightModule.jacobson_length_le_two_of_semisimple_of_all_coordinateThin' depends on axioms: [propext,
 Classical.choice,
 Quot.sound]
'MagnitudeConjecture.RightModule.LocalBiserialBelow.biserial_of_radicalSquare_ne_bot' depends on axioms: [propext,
 Classical.choice,
 Quot.sound]
'MagnitudeConjecture.RightModule.biserial_of_radicalSquare_eq_bot_of_jacobson_length_le_two' depends on axioms: [propext,
 Classical.choice,
 Quot.sound]
'MagnitudeConjecture.RightModule.biserial_of_radicalSquare_eq_bot' depends on axioms: [propext,
 Classical.choice,
 Quot.sound]
'MagnitudeConjecture.RightModule.LocalBiserialBelow.biserial' depends on axioms: [propext, Classical.choice, Quot.sound]
'MagnitudeConjecture.RightModule.isBiserialModule_of_simpleTop_of_allIndecomposablesCoordinateThin' depends on axioms: [propext,
 Classical.choice,
 Quot.sound]
'MagnitudeConjecture.RightModule.PrimitiveIdempotentData.rightIdeal_isBiserial_of_allIndecomposablesCoordinateThin' depends on axioms: [propext,
 Classical.choice,
 Quot.sound]
'MagnitudeConjecture.CoveringHom.finiteCategoryProjectiveGenerator.canonicalRightIdeal_isBiserial_of_allIndecomposablesCoordinateThin' depends on axioms: [propext,
 Classical.choice,
 Quot.sound]
'MagnitudeConjecture.CoveringHom.finiteCategoryProjectiveGenerator.representedCovariantRepresentable_isBiserial_of_allIndecomposablesCoordinateThin' depends on axioms: [propext,
 Classical.choice,
 Quot.sound]
'MagnitudeConjecture.CategoryTheory.indecomposable_op_iff' depends on axioms: [propext, Classical.choice, Quot.sound]
'MagnitudeConjecture.CoveringHom.coefficientDualModule_isPointwiseThin_iff' depends on axioms: [propext,
 Classical.choice,
 Quot.sound]
'MagnitudeConjecture.CoveringHom.finiteCoefficientDualFunctor_indec_iff' depends on axioms: [propext,
 Classical.choice,
 Quot.sound]
'MagnitudeConjecture.IsBiserialObject.map_equivalence' depends on axioms: [propext, Classical.choice, Quot.sound]
'MagnitudeConjecture.IsBiserialObject.to_fullSubcategory_ambient' depends on axioms: [propext,
 Classical.choice,
 Quot.sound]
'MagnitudeConjecture.IsBiserialModule.toFGModuleCatIsBiserialObject' depends on axioms: [propext,
 Classical.choice,
 Quot.sound]
'MagnitudeConjecture.IsBiserialObject.toIsBiserialModule' depends on axioms: [propext, Classical.choice, Quot.sound]
'MagnitudeConjecture.IsBiserialObject.toIsBiserialModule_of_fg' depends on axioms: [propext,
 Classical.choice,
 Quot.sound]
'MagnitudeConjecture.ObjectDeletion.IsBiserialObject.finiteDimensionalModuleExtensionByZero' depends on axioms: [propext,
 Classical.choice,
 Quot.sound]
'MagnitudeConjecture.CoveringHom.finiteCategoryProjectiveGenerator.covariantRepresentable_isBiserialObject_of_allIndecomposablesCoordinateThin' depends on axioms: [propext,
 Classical.choice,
 Quot.sound]
'MagnitudeConjecture.CoveringHom.finiteCovariantRepresentable_isBiserialObject_of_pointwiseThin' depends on axioms: [propext,
 Classical.choice,
 Quot.sound]
'MagnitudeConjecture.CoveringHom.finiteDimensionalLinearCoyoneda_isBiserialObject_iff_of_equivalence' depends on axioms: [propext,
 Classical.choice,
 Quot.sound]
'MagnitudeConjecture.ObjectDeletion.finiteCovariantRepresentable_isBiserialObject_of_finiteConvex' depends on axioms: [propext,
 Classical.choice,
 Quot.sound]
'MagnitudeConjecture.RightModule.FiniteIndecomposableSkeleton.UniversalCover.standardFormCoveringFiniteConvex_covariantRepresentable_isBiserialObject_of_ambientARSurplus_eq_zero' depends on axioms: [propext,
 Classical.choice,
 Quot.sound]
'MagnitudeConjecture.RightModule.FiniteIndecomposableSkeleton.UniversalCover.standardFormCovering_covariantRepresentable_isBiserialObject_of_ambientARSurplus_eq_zero' depends on axioms: [propext,
 Classical.choice,
 Quot.sound]
'MagnitudeConjecture.RightModule.FiniteIndecomposableSkeleton.UniversalCover.standardFormProjectiveSourceCovering_isPointwiseThin_of_ambientARSurplus_eq_zero' depends on axioms: [propext,
 Classical.choice,
 Quot.sound]
'MagnitudeConjecture.RightModule.FiniteIndecomposableSkeleton.UniversalCover.standardFormProjectiveSource_covariantRepresentable_isBiserialObject_of_ambientARSurplus_eq_zero' depends on axioms: [propext,
 Classical.choice,
 Quot.sound]
'MagnitudeConjecture.CoveringHom.moduleTotalDimension_lt_of_mono_not_isIso' depends on axioms: [propext,
 Classical.choice,
 Quot.sound]
'MagnitudeConjecture.isRadicalSubobject_mk_of_mono_rightAlmostSplit' depends on axioms: [propext,
 Classical.choice,
 Quot.sound]
'MagnitudeConjecture.mk_ne_top_of_mono_rightAlmostSplit' depends on axioms: [propext, Classical.choice, Quot.sound]
'MagnitudeConjecture.isCoatom_mk_of_mono_rightAlmostSplit' depends on axioms: [propext, Classical.choice, Quot.sound]
'MagnitudeConjecture.imageSubobject_pullback_arrow_comp_eq_of_epi' depends on axioms: [propext,
 Classical.choice,
 Quot.sound]
'MagnitudeConjecture.isRadicalSubobject_imageSubobject_comp_of_epi' depends on axioms: [propext,
 Classical.choice,
 Quot.sound]
'MagnitudeConjecture.imageSubobject_comp_ne_top_of_isEssentialEpi' depends on axioms: [propext,
 Classical.choice,
 Quot.sound]
'MagnitudeConjecture.MinimalProjectivePresentation.source_indecomposable_of_uniserial' depends on axioms: [propext,
 Classical.choice,
 Quot.sound]
'MagnitudeConjecture.CoveringHom.exists_iso_cokernel_finiteDimensionalLinearCoyonedaRadicalInclusion_of_simple' depends on axioms: [propext,
 Classical.choice,
 Quot.sound]
'MagnitudeConjecture.CoveringHom.CoherentDeckShift.finiteDimensionalModuleOrbitSkeletonPushdown_simple' depends on axioms: [propext,
 Classical.choice,
 Quot.sound]
'MagnitudeConjecture.CoveringHom.CoherentDeckShift.finiteDimensionalModuleOrbitSkeletonPushdownRadicalInclusion_isRightAlmostSplit' depends on axioms: [propext,
 Classical.choice,
 Quot.sound]
'MagnitudeConjecture.CoveringHom.CoherentDeckShift.finiteDimensionalModuleOrbitSkeletonPushdown_uniserial' depends on axioms: [propext,
 Classical.choice,
 Quot.sound]
'MagnitudeConjecture.CategoryTheory.Functor.mapSubobject_imageSubobject' depends on axioms: [propext,
 Classical.choice,
 Quot.sound]
'MagnitudeConjecture.CategoryTheory.Functor.mapSubobject_sup' depends on axioms: [propext, Classical.choice, Quot.sound]
'MagnitudeConjecture.CategoryTheory.Functor.mapSubobject_inf' depends on axioms: [propext, Classical.choice, Quot.sound]
'MagnitudeConjecture.CategoryTheory.Functor.mapSubobject_bot' depends on axioms: [propext, Classical.choice, Quot.sound]
'MagnitudeConjecture.CoveringHom.CoherentDeckShift.finiteDimensionalModuleOrbitSkeletonPushdown_biserial_representable' depends on axioms: [propext,
 Classical.choice,
 Quot.sound]
'MagnitudeConjecture.CoveringHom.CoherentDeckShift.finiteDimensionalLinearCoyoneda_orbitSkeleton_biserial' depends on axioms: [propext,
 Classical.choice,
 Quot.sound]
'MagnitudeConjecture.CoveringHom.CoherentDeckShift.orbitSkeleton_finiteDimensionalLinearCoyoneda_biserial' depends on axioms: [propext,
 Classical.choice,
 Quot.sound]
'MagnitudeConjecture.RightModule.FiniteIndecomposableSkeleton.UniversalCover.standardFormOppositeProjective_pushdown_covariantRepresentable_isBiserialObject_of_ambientARSurplus_eq_zero' depends on axioms: [propext,
 Classical.choice,
 Quot.sound]
'MagnitudeConjecture.RightModule.FiniteIndecomposableSkeleton.UniversalCover.standardFormProjectiveSource_pushdown_covariantRepresentable_isBiserialObject_of_ambientARSurplus_eq_zero' depends on axioms: [propext,
 Classical.choice,
 Quot.sound]
'MagnitudeConjecture.RightModule.FiniteIndecomposableSkeleton.UniversalCover.standardFormOppositeProjective_orbitSkeleton_covariantRepresentable_isBiserialObject_of_ambientARSurplus_eq_zero' depends on axioms: [propext,
 Classical.choice,
 Quot.sound]
'MagnitudeConjecture.RightModule.FiniteIndecomposableSkeleton.UniversalCover.standardFormProjectiveSource_orbitSkeleton_covariantRepresentable_isBiserialObject_of_ambientARSurplus_eq_zero' depends on axioms: [propext,
 Classical.choice,
 Quot.sound]
'MagnitudeConjecture.RightModule.rightIdealMapAlgEquivLinearEquiv' depends on axioms: [propext,
 Classical.choice,
 Quot.sound]
'MagnitudeConjecture.RightModule.rightIdealFGObjMapAlgEquivIso' depends on axioms: [propext,
 Classical.choice,
 Quot.sound]
'MagnitudeConjecture.RightModule.rightIdealFGObj_isBiserialObject_mapAlgEquiv_iff' depends on axioms: [propext,
 Classical.choice,
 Quot.sound]
'MagnitudeConjecture.CoveringHom.finiteCategoryProjectiveGenerator.canonicalRightIdeal_isBiserialObject_of_covariantRepresentable' depends on axioms: [propext,
 Classical.choice,
 Quot.sound]
'MagnitudeConjecture.RightModule.FiniteIndecomposableSkeleton.UniversalCover.standardFormCanonicalRightIdeal_isBiserialObject_of_ambientARSurplus_eq_zero' depends on axioms: [propext,
 Classical.choice,
 Quot.sound]
'MagnitudeConjecture.RightModule.FiniteIndecomposableSkeleton.UniversalCover.standardFormProjectiveIndexedDeckOrbitEquivalence' depends on axioms: [propext,
 Classical.choice,
 Quot.sound]
'MagnitudeConjecture.RightModule.FiniteIndecomposableSkeleton.UniversalCover.standardFormProjectiveIndexedDeckOrbitEquivalence_obj_injective' depends on axioms: [propext,
 Classical.choice,
 Quot.sound]
'MagnitudeConjecture.RightModule.FiniteIndecomposableSkeleton.UniversalCover.standardFormProjectiveIndexedDeckOrbitEquivalence_obj_surjective' depends on axioms: [propext,
 Classical.choice,
 Quot.sound]
'MagnitudeConjecture.RightModule.FiniteIndecomposableSkeleton.UniversalCover.standardFormProjectiveIndexedDeckOrbitEquivalence_obj_bijective' depends on axioms: [propext,
 Classical.choice,
 Quot.sound]
'MagnitudeConjecture.RightModule.FiniteIndecomposableSkeleton.UniversalCover.standardFormProjectiveMesh_covariantRepresentable_isBiserialObject_of_ambientARSurplus_eq_zero' depends on axioms: [propext,
 Classical.choice,
 Quot.sound]
'MagnitudeConjecture.RightModule.oppositeRightIdealLeftIdealLinearEquiv' depends on axioms: [propext,
 Classical.choice,
 Quot.sound]
'MagnitudeConjecture.RightModule.oppositeRightIdealLeftIdealIso' depends on axioms: [propext,
 Classical.choice,
 Quot.sound]
'MagnitudeConjecture.RightModule.leftIdealFGObj_isBiserialObject_iff_oppositeRightIdeal' depends on axioms: [propext,
 Classical.choice,
 Quot.sound]
'MagnitudeConjecture.CoveringHom.finiteCategoryProjectiveGenerator.categoryAlgebraOppositeEquiv' depends on axioms: [propext,
 Classical.choice,
 Quot.sound]
'MagnitudeConjecture.CoveringHom.finiteCategoryProjectiveGenerator.categoryAlgebraOppositeEquiv_canonicalProjector' depends on axioms: [propext,
 Classical.choice,
 Quot.sound]
'MagnitudeConjecture.RightModule.FiniteIndecomposableSkeleton.UniversalCover.standardFormCanonicalLeftIdeal_isBiserialObject_of_ambientARSurplus_eq_zero' depends on axioms: [propext,
 Classical.choice,
 Quot.sound]
'MagnitudeConjecture.RightModule.FiniteIndecomposableSkeleton.UniversalCover.standardFormCanonicalPrincipalIdeals_isBiserialObject_of_ambientARSurplus_eq_zero' depends on axioms: [propext,
 Classical.choice,
 Quot.sound]
'MagnitudeConjecture.RightModule.FiniteIndecomposableSkeleton.PrimitiveProjectivePresentation.IsBiserial' depends on axioms: [propext,
 Classical.choice,
 Quot.sound]
'MagnitudeConjecture.RightModule.FiniteIndecomposableSkeleton.PrimitiveProjectivePresentation.IsBiserial.rightIdeal_top_jacobson_length_le_two' depends on axioms: [propext,
 Classical.choice,
 Quot.sound]
'MagnitudeConjecture.RightModule.FiniteIndecomposableSkeleton.PrimitiveProjectivePresentation.IsBiserial.leftIdeal_top_jacobson_length_le_two' depends on axioms: [propext,
 Classical.choice,
 Quot.sound]
'MagnitudeConjecture.RightModule.FiniteIndecomposableSkeleton.standardFormPrimitiveProjectivePresentation' depends on axioms: [propext,
 Classical.choice,
 Quot.sound]
'MagnitudeConjecture.RightModule.FiniteIndecomposableSkeleton.UniversalCover.standardFormPrimitiveProjectivePresentation_isBiserial_of_ambientARSurplus_eq_zero' depends on axioms: [propext,
 Classical.choice,
 Quot.sound]
'MagnitudeConjecture.RightModule.FiniteIndecomposableSkeleton.UniversalCover.standardFormCanonicalRightIdeal_top_jacobson_length_le_two_of_ambientARSurplus_eq_zero' depends on axioms: [propext,
 Classical.choice,
 Quot.sound]
'MagnitudeConjecture.RightModule.FiniteIndecomposableSkeleton.UniversalCover.standardFormCanonicalLeftIdeal_top_jacobson_length_le_two_of_ambientARSurplus_eq_zero' depends on axioms: [propext,
 Classical.choice,
 Quot.sound]
'MagnitudeConjecture.RightModule.completeIdempotentCoordinateEquiv' depends on axioms: [propext,
 Classical.choice,
 Quot.sound]
'MagnitudeConjecture.RightModule.finrank_eq_sum_finrank_idempotentCoordinate' depends on axioms: [propext,
 Classical.choice,
 Quot.sound]
'MagnitudeConjecture.RightModule.FiniteIndecomposableSkeleton.finrank_hom_projectiveSimpleTop_self_eq_one_of_isAlgClosed' depends on axioms: [propext,
 Classical.choice,
 Quot.sound]
'MagnitudeConjecture.RightModule.FiniteIndecomposableSkeleton.PrimitiveProjectivePresentation.finrank_projectiveSimpleTop_eq_one' depends on axioms: [propext,
 Classical.choice,
 Quot.sound]
'MagnitudeConjecture.RightModule.FiniteIndecomposableSkeleton.PrimitiveProjectivePresentation.finrank_eq_one_of_isSimpleModule' depends on axioms: [propext,
 Classical.choice,
 Quot.sound]
'MagnitudeConjecture.RightModule.FiniteIndecomposableSkeleton.PrimitiveProjectivePresentation.finrank_le_two_of_semisimple_of_length_le_two' depends on axioms: [propext,
 Classical.choice,
 Quot.sound]
'MagnitudeConjecture.BoundQuiver.boundedPathsFinite' depends on axioms: [propext, Classical.choice, Quot.sound]
'MagnitudeConjecture.BoundQuiver.arrowMap_linearIndependent' depends on axioms: [propext, Classical.choice, Quot.sound]
'MagnitudeConjecture.BoundQuiver.quotientHom_finiteDimensional' depends on axioms: [propext,
 Classical.choice,
 Quot.sound]
'MagnitudeConjecture.BoundQuiver.finiteRepresentablesOfAdmissible' depends on axioms: [propext,
 Classical.choice,
 Quot.sound]
'MagnitudeConjecture.BoundQuiver.Presentation' depends on axioms: [propext, Classical.choice, Quot.sound]
'MagnitudeConjecture.BoundQuiver.SpecialBiserialPresentation' depends on axioms: [propext, Classical.choice, Quot.sound]
'MagnitudeConjecture.BoundQuiver.AdmitsSpecialBiserialPresentation' depends on axioms: [propext,
 Classical.choice,
 Quot.sound]
'MagnitudeConjecture.BoundQuiver.admitsSpecialBiserialPresentation_iff_of_algEquiv' depends on axioms: [propext,
 Classical.choice,
 Quot.sound]
'MagnitudeConjecture.BoundQuiver.IsMonomial' depends on axioms: [propext, Classical.choice, Quot.sound]
'MagnitudeConjecture.BoundQuiver.survivingPathFiniteOfAdmissible' depends on axioms: [propext,
 Classical.choice,
 Quot.sound]
'MagnitudeConjecture.BoundQuiver.survivingPathMap_linearIndependent' depends on axioms: [propext,
 Classical.choice,
 Quot.sound]
'MagnitudeConjecture.BoundQuiver.span_survivingPathMap_eq_top' depends on axioms: [propext,
 Classical.choice,
 Quot.sound]
'MagnitudeConjecture.BoundQuiver.survivingPathBasis' depends on axioms: [propext, Classical.choice, Quot.sound]
'MagnitudeConjecture.BoundQuiver.finrank_quotientHom_eq_natCard_survivingPath' depends on axioms: [propext,
 Classical.choice,
 Quot.sound]
'MagnitudeConjecture.BoundQuiver.survivingPathMap_comp_eq_zero_or_eq' depends on axioms: [propext,
 Classical.choice,
 Quot.sound]
'MagnitudeConjecture.BoundQuiver.StringPresentation' depends on axioms: [propext, Classical.choice, Quot.sound]
'MagnitudeConjecture.BoundQuiver.AdmitsStringPresentation' depends on axioms: [propext, Classical.choice, Quot.sound]
'MagnitudeConjecture.BoundQuiver.IsPathRelationFamily' depends on axioms: [propext, Classical.choice, Quot.sound]
'MagnitudeConjecture.BoundQuiver.pathSupportHull' depends on axioms: [propext, Classical.choice, Quot.sound]
'MagnitudeConjecture.BoundQuiver.pathSupportHull_isPathRelationFamily' depends on axioms: [propext,
 Classical.choice,
 Quot.sound]
'MagnitudeConjecture.BoundQuiver.relation_mem_pathSupportHullIdeal' depends on axioms: [propext,
 Classical.choice,
 Quot.sound]
'MagnitudeConjecture.BoundQuiver.relationIdeal_le_pathSupportHullIdeal' depends on axioms: [propext,
 Classical.choice,
 Quot.sound]
'MagnitudeConjecture.BoundQuiver.exists_relation_path_factor_of_pathMap_eq_zero' depends on axioms: [propext,
 Classical.choice,
 Quot.sound]
'MagnitudeConjecture.BoundQuiver.isMonomial_of_isPathRelationFamily' depends on axioms: [propext,
 Classical.choice,
 Quot.sound]
'MagnitudeConjecture.BoundQuiver.pathSupportHull_isMonomial' depends on axioms: [propext, Classical.choice, Quot.sound]
'MagnitudeConjecture.BoundQuiver.pathSupportHull_isAdmissible' depends on axioms: [propext,
 Classical.choice,
 Quot.sound]
'MagnitudeConjecture.BoundQuiver.pathMap_pathSupportHull_eq_zero_of_eq_zero' depends on axioms: [propext,
 Classical.choice,
 Quot.sound]
'MagnitudeConjecture.BoundQuiver.SpecialBiserialPresentation.pathSupportHullStringPresentation' depends on axioms: [propext,
 Classical.choice,
 Quot.sound]
'MagnitudeConjecture.CoveringHom.finiteCategoryProjectiveGenerator.mapAlgHom' depends on axioms: [propext,
 Classical.choice,
 Quot.sound]
'MagnitudeConjecture.CoveringHom.finiteCategoryProjectiveGenerator.mapAlgHom_surjective' depends on axioms: [propext,
 Classical.choice,
 Quot.sound]
'MagnitudeConjecture.CoveringHom.finiteCategoryProjectiveGenerator.mapAlgebraHomOfBijective' depends on axioms: [propext,
 Classical.choice,
 Quot.sound]
'MagnitudeConjecture.CoveringHom.finiteCategoryProjectiveGenerator.mapAlgebraHomOfBijective_surjective' depends on axioms: [propext,
 Classical.choice,
 Quot.sound]
'MagnitudeConjecture.BoundQuiver.relationQuotientAlgebraHom' depends on axioms: [propext, Classical.choice, Quot.sound]
'MagnitudeConjecture.BoundQuiver.relationQuotientAlgebraHom_surjective' depends on axioms: [propext,
 Classical.choice,
 Quot.sound]
'MagnitudeConjecture.BoundQuiver.relativeRelationHomIdeal' depends on axioms: [propext, Classical.choice, Quot.sound]
'MagnitudeConjecture.BoundQuiver.mem_relativeRelationHomIdeal_iff_exists_lift' depends on axioms: [propext,
 Classical.choice,
 Quot.sound]
'MagnitudeConjecture.BoundQuiver.relativeRelationHomIdeal_eq_span_killedPathMap' depends on axioms: [propext,
 Classical.choice,
 Quot.sound]
'MagnitudeConjecture.BoundQuiver.relationQuotientAlgebraHom_eq_zero_iff_coordinate' depends on axioms: [propext,
 Classical.choice,
 Quot.sound]
'MagnitudeConjecture.BoundQuiver.SpecialBiserialPresentation.pathSupportHullAlgebraHom' depends on axioms: [propext,
 Classical.choice,
 Quot.sound]
'MagnitudeConjecture.BoundQuiver.SpecialBiserialPresentation.pathSupportHullAlgebraHom_surjective' depends on axioms: [propext,
 Classical.choice,
 Quot.sound]
'MagnitudeConjecture.BoundQuiver.SpecialBiserialPresentation.pathSupportHullAlgebraHom_eq_zero_iff_coordinate' depends on axioms: [propext,
 Classical.choice,
 Quot.sound]
'MagnitudeConjecture.BoundQuiver.quotientKerAlgEquivOfSurjective' depends on axioms: [propext,
 Classical.choice,
 Quot.sound]
'MagnitudeConjecture.BoundQuiver.SpecialBiserialPresentation.pathSupportHullQuotientAlgEquiv' depends on axioms: [propext,
 Classical.choice,
 Quot.sound]
'MagnitudeConjecture.BoundQuiver.SpecialBiserialPresentation.quotient_admitsStringPresentation_of_ker_eq' depends on axioms: [propext,
 Classical.choice,
 Quot.sound]
'MagnitudeConjecture.BoundQuiver.SpecialBiserialPresentation.rightBranchPathMap_linearIndependent' depends on axioms: [propext,
 Classical.choice,
 Quot.sound]
'MagnitudeConjecture.BoundQuiver.SpecialBiserialPresentation.leftBranchPathMap_linearIndependent' depends on axioms: [propext,
 Classical.choice,
 Quot.sound]
'MagnitudeConjecture.BoundQuiver.SpecialBiserialPresentation.relationSupportPath_rightExtension_eq_zero' depends on axioms: [propext,
 Classical.choice,
 Quot.sound]
'MagnitudeConjecture.BoundQuiver.SpecialBiserialPresentation.relationSupportPath_leftExtension_eq_zero' depends on axioms: [propext,
 Classical.choice,
 Quot.sound]
'MagnitudeConjecture.BoundQuiver.SpecialBiserialPresentation.pathSupportHullIdeal_rightExtension_eq_zero' depends on axioms: [propext,
 Classical.choice,
 Quot.sound]
'MagnitudeConjecture.BoundQuiver.SpecialBiserialPresentation.pathSupportHullIdeal_leftExtension_eq_zero' depends on axioms: [propext,
 Classical.choice,
 Quot.sound]
'MagnitudeConjecture.BoundQuiver.SpecialBiserialPresentation.relativePathSupportHull_rightExtension_eq_zero' depends on axioms: [propext,
 Classical.choice,
 Quot.sound]
'MagnitudeConjecture.BoundQuiver.SpecialBiserialPresentation.relativePathSupportHull_leftExtension_eq_zero' depends on axioms: [propext,
 Classical.choice,
 Quot.sound]
'MagnitudeConjecture.BoundQuiver.SpecialBiserialPresentation.relationSurvivingSupport_length_ne_zero' depends on axioms: [propext,
 Classical.choice,
 Quot.sound]
'MagnitudeConjecture.BoundQuiver.SpecialBiserialPresentation.relationSurvivingSupportInitialArrow_injective' depends on axioms: [propext,
 Classical.choice,
 Quot.sound]
'MagnitudeConjecture.BoundQuiver.SpecialBiserialPresentation.relationSurvivingSupport_natCard_le_two' depends on axioms: [propext,
 Classical.choice,
 Quot.sound]
'MagnitudeConjecture.BoundQuiver.SpecialBiserialPresentation.RelationSurvivingSupport.exists_ne' depends on axioms: [propext,
 Classical.choice,
 Quot.sound]
'MagnitudeConjecture.BoundQuiver.SpecialBiserialPresentation.relationSurvivingSupportFinalArrow_injective' depends on axioms: [propext,
 Classical.choice,
 Quot.sound]
'MagnitudeConjecture.BoundQuiver.SpecialBiserialPresentation.relationSurvivingSupport_natCard_eq_two' depends on axioms: [propext,
 Classical.choice,
 Quot.sound]
'MagnitudeConjecture.BoundQuiver.SpecialBiserialPresentation.relationSurvivingSupportInitialArrow_bijective' depends on axioms: [propext,
 Classical.choice,
 Quot.sound]
'MagnitudeConjecture.BoundQuiver.SpecialBiserialPresentation.relationSurvivingSupportFinalArrow_bijective' depends on axioms: [propext,
 Classical.choice,
 Quot.sound]
'MagnitudeConjecture.BoundQuiver.SpecialBiserialPresentation.RelationSurvivingSupport.existsUnique_ne' depends on axioms: [propext,
 Classical.choice,
 Quot.sound]
'MagnitudeConjecture.BoundQuiver.SpecialBiserialPresentation.relation_pathMap_sum_eq_zero' depends on axioms: [propext,
 Classical.choice,
 Quot.sound]
'MagnitudeConjecture.BoundQuiver.SpecialBiserialPresentation.relationSurvivingSupport_pair_smul_add_eq_zero' depends on axioms: [propext,
 Classical.choice,
 Quot.sound]
'MagnitudeConjecture.BoundQuiver.SpecialBiserialPresentation.relationSurvivingSupport_pathMap_eq_smul' depends on axioms: [propext,
 Classical.choice,
 Quot.sound]
'MagnitudeConjecture.BoundQuiver.SpecialBiserialPresentation.finiteDualCorepresentablesOfAdmissible' depends on axioms: [propext,
 Classical.choice,
 Quot.sound]
'MagnitudeConjecture.BoundQuiver.SpecialBiserialPresentation.relationSurvivingSupportFunctional_pathMap' depends on axioms: [propext,
 Classical.choice,
 Quot.sound]
'MagnitudeConjecture.BoundQuiver.SpecialBiserialPresentation.relationSurvivingSupportNakayamaHom_app_apply_apply' depends on axioms: [propext,
 Classical.choice,
 Quot.sound]
'MagnitudeConjecture.BoundQuiver.SpecialBiserialPresentation.relationSurvivingSupportNakayamaHom_isIso' depends on axioms: [propext,
 Classical.choice,
 Quot.sound]
'MagnitudeConjecture.BoundQuiver.SpecialBiserialPresentation.relationSourceRepresentable_injective_of_perfect' depends on axioms: [propext,
 Classical.choice,
 Quot.sound]
'MagnitudeConjecture.BoundQuiver.SpecialBiserialPresentation.survivingPath_ending_relationSupport_factor' depends on axioms: [propext,
 Classical.choice,
 Quot.sound]
'MagnitudeConjecture.BoundQuiver.SpecialBiserialPresentation.survivingPath_starting_relationSupport_factor' depends on axioms: [propext,
 Classical.choice,
 Quot.sound]
'MagnitudeConjecture.BoundQuiver.SpecialBiserialPresentation.survivingPath_ending_hullKernel_relationSupport' depends on axioms: [propext,
 Classical.choice,
 Quot.sound]
'MagnitudeConjecture.BoundQuiver.SpecialBiserialPresentation.survivingPath_starting_hullKernel_relationSupport' depends on axioms: [propext,
 Classical.choice,
 Quot.sound]
'MagnitudeConjecture.BoundQuiver.SpecialBiserialPresentation.relativePathSupportHull_endpoint_eq_span_relationSupport' depends on axioms: [propext,
 Classical.choice,
 Quot.sound]
'MagnitudeConjecture.BoundQuiver.SpecialBiserialPresentation.relativePathSupportHull_endpoint_eq_span_singleton' depends on axioms: [propext,
 Classical.choice,
 Quot.sound]
'MagnitudeConjecture.BoundQuiver.SpecialBiserialPresentation.relativePathSupportHull_terminalCoordinate_eq_bot_of_ne' depends on axioms: [propext,
 Classical.choice,
 Quot.sound]
'MagnitudeConjecture.BoundQuiver.SpecialBiserialPresentation.relativePathSupportHull_initialCoordinate_eq_bot_of_ne' depends on axioms: [propext,
 Classical.choice,
 Quot.sound]
'MagnitudeConjecture.BoundQuiver.SpecialBiserialPresentation.relationSurvivingSupport_eq_of_common_suffix' depends on axioms: [propext,
 Classical.choice,
 Quot.sound]
'MagnitudeConjecture.BoundQuiver.SpecialBiserialPresentation.relationSurvivingSupport_eq_of_common_prefix' depends on axioms: [propext,
 Classical.choice,
 Quot.sound]
'MagnitudeConjecture.BoundQuiver.SpecialBiserialPresentation.exists_path_coefficient_ne_zero_of_quotientMap_ne_zero' depends on axioms: [propext,
 Classical.choice,
 Quot.sound]
'MagnitudeConjecture.BoundQuiver.SpecialBiserialPresentation.quotientMap_eq_pathMap_sum' depends on axioms: [propext,
 Classical.choice,
 Quot.sound]
'MagnitudeConjecture.BoundQuiver.SpecialBiserialPresentation.homPathCoefficient_eq_zero_of_leftPathExtension_eq_zero' depends on axioms: [propext,
 Classical.choice,
 Quot.sound]
'MagnitudeConjecture.BoundQuiver.SpecialBiserialPresentation.homPathCoefficient_eq_zero_of_rightPathExtension_eq_zero' depends on axioms: [propext,
 Classical.choice,
 Quot.sound]
'MagnitudeConjecture.BoundQuiver.SpecialBiserialPresentation.endingRelationSupportFactor_path_eq' depends on axioms: [propext,
 Classical.choice,
 Quot.sound]
'MagnitudeConjecture.BoundQuiver.SpecialBiserialPresentation.startingRelationSupportFactor_path_eq' depends on axioms: [propext,
 Classical.choice,
 Quot.sound]
'MagnitudeConjecture.BoundQuiver.SpecialBiserialPresentation.exists_comp_mem_relationEndpointLine_ne_zero' depends on axioms: [propext,
 Classical.choice,
 Quot.sound]
'MagnitudeConjecture.BoundQuiver.SpecialBiserialPresentation.exists_left_comp_mem_relationEndpointLine_ne_zero' depends on axioms: [propext,
 Classical.choice,
 Quot.sound]
'MagnitudeConjecture.BoundQuiver.SpecialBiserialPresentation.relationSurvivingSupportFunctional_ne_zero_of_mem_span' depends on axioms: [propext,
 Classical.choice,
 Quot.sound]
'MagnitudeConjecture.BoundQuiver.SpecialBiserialPresentation.relationSurvivingSupportTransposeLinearMap_apply_apply' depends on axioms: [propext,
 Classical.choice,
 Quot.sound]
'MagnitudeConjecture.BoundQuiver.SpecialBiserialPresentation.hasPerfectRelationPairing' depends on axioms: [propext,
 Classical.choice,
 Quot.sound]
'MagnitudeConjecture.BoundQuiver.SpecialBiserialPresentation.relationSurvivingSupportNakayamaHom_isIso_of_specialBiserial' depends on axioms: [propext,
 Classical.choice,
 Quot.sound]
'MagnitudeConjecture.BoundQuiver.SpecialBiserialPresentation.relationSourceRepresentable_injective' depends on axioms: [propext,
 Classical.choice,
 Quot.sound]
'MagnitudeConjecture.BoundQuiver.SpecialBiserialPresentation.relationSourceRepresentedModule_not_uniserial' depends on axioms: [propext,
 Classical.choice,
 Quot.sound]
'MagnitudeConjecture.submodule_inf_ne_bot_of_injective_indecomposable' depends on axioms: [propext,
 Classical.choice,
 Quot.sound]
'MagnitudeConjecture.isUniserialModule_of_fgModuleCat_isUniserialObject' depends on axioms: [propext,
 Classical.choice,
 Quot.sound]
'MagnitudeConjecture.RightModule.idealQuotientFGObj_isUniserial_iff_ambient' depends on axioms: [propext,
 Classical.choice,
 Quot.sound]
'MagnitudeConjecture.BoundQuiver.StringPresentation.representedVertexModule_isUniserial_of_injective' depends on axioms: [propext,
 Classical.choice,
 Quot.sound]
'MagnitudeConjecture.BoundQuiver.StringPresentation.projectiveInjectiveIndecomposable_isUniserial' depends on axioms: [propext,
 Classical.choice,
 Quot.sound]
'MagnitudeConjecture.BoundQuiver.admitsSpecialBiserialPresentation_of_admitsStringPresentation' depends on axioms: [propext,
 Classical.choice,
 Quot.sound]
'MagnitudeConjecture.BoundQuiver.admitsStringPresentation_iff_of_algEquiv' depends on axioms: [propext,
 Classical.choice,
 Quot.sound]
'MagnitudeConjecture.BoundQuiver.SpecialBiserialPresentation.rightContinuationArrow_subsingleton' depends on axioms: [propext,
 Classical.choice,
 Quot.sound]
'MagnitudeConjecture.BoundQuiver.SpecialBiserialPresentation.leftContinuationArrow_subsingleton' depends on axioms: [propext,
 Classical.choice,
 Quot.sound]
'MagnitudeConjecture.BoundQuiver.SpecialBiserialPresentation.rightContinuationPath_finite' depends on axioms: [propext,
 Classical.choice,
 Quot.sound]
'MagnitudeConjecture.BoundQuiver.SpecialBiserialPresentation.rightContinuationPathAtLength_subsingleton' depends on axioms: [propext,
 Classical.choice,
 Quot.sound]
'MagnitudeConjecture.BoundQuiver.SpecialBiserialPresentation.natCard_rightContinuationPathAtLength_le_one' depends on axioms: [propext,
 Classical.choice,
 Quot.sound]
'MagnitudeConjecture.BoundQuiver.SpecialBiserialPresentation.rightContinuationLengthEmbedding' depends on axioms: [propext,
 Classical.choice,
 Quot.sound]
'MagnitudeConjecture.BoundQuiver.SpecialBiserialPresentation.leftContinuationPath_finite' depends on axioms: [propext,
 Classical.choice,
 Quot.sound]
'MagnitudeConjecture.BoundQuiver.SpecialBiserialPresentation.leftContinuationPathAtLength_subsingleton' depends on axioms: [propext,
 Classical.choice,
 Quot.sound]
'MagnitudeConjecture.BoundQuiver.SpecialBiserialPresentation.natCard_leftContinuationPathAtLength_le_one' depends on axioms: [propext,
 Classical.choice,
 Quot.sound]
'MagnitudeConjecture.BoundQuiver.SpecialBiserialPresentation.leftContinuationLengthEmbedding' depends on axioms: [propext,
 Classical.choice,
 Quot.sound]
'MagnitudeConjecture.BoundQuiver.StringPresentation.rightContinuationAt_finite' depends on axioms: [propext,
 Classical.choice,
 Quot.sound]
'MagnitudeConjecture.BoundQuiver.StringPresentation.rightContinuationAtLengthEmbedding' depends on axioms: [propext,
 Classical.choice,
 Quot.sound]
'MagnitudeConjecture.BoundQuiver.StringPresentation.rightContinuationAt_linearIndependent' depends on axioms: [propext,
 Classical.choice,
 Quot.sound]
'MagnitudeConjecture.BoundQuiver.StringPresentation.span_rightContinuationAt_eq_range' depends on axioms: [propext,
 Classical.choice,
 Quot.sound]
'MagnitudeConjecture.BoundQuiver.StringPresentation.rightArrowCoordinateBasis' depends on axioms: [propext,
 Classical.choice,
 Quot.sound]
'MagnitudeConjecture.BoundQuiver.StringPresentation.finrank_rightArrowCompositionRange_eq_natCard' depends on axioms: [propext,
 Classical.choice,
 Quot.sound]
'MagnitudeConjecture.BoundQuiver.StringPresentation.leftArrowCoordinateBasis' depends on axioms: [propext,
 Classical.choice,
 Quot.sound]
'MagnitudeConjecture.BoundQuiver.StringPresentation.finrank_leftArrowCompositionRange_eq_natCard' depends on axioms: [propext,
 Classical.choice,
 Quot.sound]
'MagnitudeConjecture.BoundQuiver.StringPresentation.arrowRepresentableMap_app_hom' depends on axioms: [propext,
 Classical.choice,
 Quot.sound]
'MagnitudeConjecture.BoundQuiver.StringPresentation.arrowRepresentableCoordinateBasis' depends on axioms: [propext,
 Classical.choice,
 Quot.sound]
'MagnitudeConjecture.BoundQuiver.StringPresentation.finrank_arrowRepresentableMap_range_eq_natCard' depends on axioms: [propext,
 Classical.choice,
 Quot.sound]
'MagnitudeConjecture.BoundQuiver.StringPresentation.arrowAlgebraCoordinate_mul_sourceProjector' depends on axioms: [propext,
 Classical.choice,
 Quot.sound]
'MagnitudeConjecture.BoundQuiver.StringPresentation.targetProjector_mul_arrowAlgebraCoordinate' depends on axioms: [propext,
 Classical.choice,
 Quot.sound]
'MagnitudeConjecture.BoundQuiver.StringPresentation.vertexRightIdealRepresentedLinearEquiv_arrowProjective' depends on axioms: [propext,
 Classical.choice,
 Quot.sound]
'MagnitudeConjecture.BoundQuiver.StringPresentation.arrowProjectiveRangeRightIdealLinearEquiv' depends on axioms: [propext,
 Classical.choice,
 Quot.sound]
'MagnitudeConjecture.BoundQuiver.StringPresentation.arrowRightIdealRepresentedRangeLinearEquiv' depends on axioms: [propext,
 Classical.choice,
 Quot.sound]
'MagnitudeConjecture.BoundQuiver.StringPresentation.leftArrowCoordinateBasis_apply' depends on axioms: [propext,
 Classical.choice,
 Quot.sound]
'MagnitudeConjecture.BoundQuiver.StringPresentation.representedArrowLinearMap_apply' depends on axioms: [propext,
 Classical.choice,
 Quot.sound]
'MagnitudeConjecture.BoundQuiver.StringPresentation.representedArrowRangeKLinearEquiv' depends on axioms: [propext,
 Classical.choice,
 Quot.sound]
'MagnitudeConjecture.BoundQuiver.StringPresentation.arrowRightIdealContinuationLinearEquiv' depends on axioms: [propext,
 Classical.choice,
 Quot.sound]
'MagnitudeConjecture.BoundQuiver.StringPresentation.quotientObjectEquiv' depends on axioms: [propext,
 Classical.choice,
 Quot.sound]
'MagnitudeConjecture.BoundQuiver.StringPresentation.representedVertexCoordinateLinearEquiv_arrow' depends on axioms: [propext,
 Classical.choice,
 Quot.sound]
'MagnitudeConjecture.BoundQuiver.StringPresentation.representedArrowRangeCoordinateLinearEquiv' depends on axioms: [propext,
 Classical.choice,
 Quot.sound]
'MagnitudeConjecture.BoundQuiver.StringPresentation.leftContinuationSigmaEquiv' depends on axioms: [propext,
 Classical.choice,
 Quot.sound]
'MagnitudeConjecture.BoundQuiver.StringPresentation.representedArrowRangeBasis' depends on axioms: [propext,
 Classical.choice,
 Quot.sound]
'MagnitudeConjecture.BoundQuiver.StringPresentation.representedArrowRangeBasis_coordinate_self' depends on axioms: [propext,
 Classical.choice,
 Quot.sound]
'MagnitudeConjecture.BoundQuiver.StringPresentation.representedArrowRangeBasis_coordinate_ne' depends on axioms: [propext,
 Classical.choice,
 Quot.sound]
'MagnitudeConjecture.BoundQuiver.StringPresentation.finrank_representedArrowKLinearMap_range_eq_natCard' depends on axioms: [propext,
 Classical.choice,
 Quot.sound]
'MagnitudeConjecture.BoundQuiver.SpecialBiserialPresentation.leftContinuationPath_factor_of_length_le' depends on axioms: [propext,
 Classical.choice,
 Quot.sound]
'MagnitudeConjecture.BoundQuiver.StringPresentation.pathRepresentableMap_comp' depends on axioms: [propext,
 Classical.choice,
 Quot.sound]
'MagnitudeConjecture.BoundQuiver.StringPresentation.representedArrowModuleBasis_apply' depends on axioms: [propext,
 Classical.choice,
 Quot.sound]
'MagnitudeConjecture.BoundQuiver.StringPresentation.pathAlgebraCoordinate_smul_representedArrowModuleBasis' depends on axioms: [propext,
 Classical.choice,
 Quot.sound]
'MagnitudeConjecture.BoundQuiver.StringPresentation.representedArrowModuleBasis_smul_of_length_le' depends on axioms: [propext,
 Classical.choice,
 Quot.sound]
'MagnitudeConjecture.BoundQuiver.StringPresentation.representedArrowLinearRange_isUniserial' depends on axioms: [propext,
 Classical.choice,
 Quot.sound]
'MagnitudeConjecture.BoundQuiver.StringPresentation.arrowRightIdeal_isUniserial' depends on axioms: [propext,
 Classical.choice,
 Quot.sound]
'MagnitudeConjecture.BoundQuiver.StringPresentation.quotientVertexEnd_isLocalRing' depends on axioms: [propext,
 Classical.choice,
 Quot.sound]
'MagnitudeConjecture.BoundQuiver.StringPresentation.incomingArrowRangeSumLinearMap_injective' depends on axioms: [propext,
 Classical.choice,
 Quot.sound]
'MagnitudeConjecture.BoundQuiver.StringPresentation.incomingArrowRangeSum_eq_jacobson' depends on axioms: [propext,
 Classical.choice,
 Quot.sound]
'MagnitudeConjecture.fgModuleRadicalInclusion_isRightAlmostSplit' depends on axioms: [propext,
 Classical.choice,
 Quot.sound]
'MagnitudeConjecture.fgModuleRadicalInclusion_isRightMinimal' depends on axioms: [propext, Classical.choice, Quot.sound]
'MagnitudeConjecture.BoundQuiver.StringPresentation.representedVertexRadicalDecomposition' depends on axioms: [propext,
 Classical.choice,
 Quot.sound]
'MagnitudeConjecture.BoundQuiver.StringPresentation.rightMiddleArity_representedVertexProjectiveLabel' depends on axioms: [propext,
 Classical.choice,
 Quot.sound]
'MagnitudeConjecture.BoundQuiver.SpecialBiserialMoritaModel' depends on axioms: [propext, Classical.choice, Quot.sound]
'MagnitudeConjecture.BoundQuiver.IsSpecialBiserial' depends on axioms: [propext, Classical.choice, Quot.sound]
'MagnitudeConjecture.BoundQuiver.isSpecialBiserial_of_presentation' depends on axioms: [propext,
 Classical.choice,
 Quot.sound]
'MagnitudeConjecture.BoundQuiver.isSpecialBiserial_iff_of_moritaEquivalence' depends on axioms: [propext,
 Classical.choice,
 Quot.sound]
'MagnitudeConjecture.BoundQuiver.isSpecialBiserial_iff_of_algEquiv' depends on axioms: [propext,
 Classical.choice,
 Quot.sound]
'QuotientSubmoduleEquidistribution.CategoricalIdeal.HomIdeal.map_mem_pow_of_mem_comap_pow' depends on axioms: [propext,
 Classical.choice,
 Quot.sound]
'QuotientSubmoduleEquidistribution.CategoricalIdeal.HomIdeal.pow_add' depends on axioms: [propext,
 Classical.choice,
 Quot.sound]
'MagnitudeConjecture.isRadicalMorphism_iff_map_of_fullyFaithful' depends on axioms: [propext,
 Classical.choice,
 Quot.sound]
'QuotientSubmoduleEquidistribution.IndecomposableSkeleton.exists_scalar_sub_isRadicalMorphism' depends on axioms: [propext,
 Classical.choice,
 Quot.sound]
'MagnitudeConjecture.RightModule.FiniteIndecomposableSkeleton.projectiveNilpotentRadicalData' depends on axioms: [propext,
 Classical.choice,
 Quot.sound]
'MagnitudeConjecture.RightModule.FiniteIndecomposableSkeleton.projectiveRadicalSquare_le_radical' depends on axioms: [propext,
 Classical.choice,
 Quot.sound]
'MagnitudeConjecture.RightModule.FiniteIndecomposableSkeleton.ordinaryArrowRadical_mkQ' depends on axioms: [propext,
 Classical.choice,
 Quot.sound]
'MagnitudeConjecture.RightModule.FiniteIndecomposableSkeleton.ordinaryArrowClass_linearIndependent' depends on axioms: [propext,
 Classical.choice,
 Quot.sound]
'MagnitudeConjecture.RightModule.FiniteIndecomposableSkeleton.ordinaryArrowRadical_linearIndependent' depends on axioms: [propext,
 Classical.choice,
 Quot.sound]
'MagnitudeConjecture.RightModule.FiniteIndecomposableSkeleton.ordinaryPathMap_mem_radicalPow' depends on axioms: [propext,
 Classical.choice,
 Quot.sound]
'MagnitudeConjecture.RightModule.FiniteIndecomposableSkeleton.ordinaryArrowHom_linearIndependent' depends on axioms: [propext,
 Classical.choice,
 Quot.sound]
'MagnitudeConjecture.RightModule.FiniteIndecomposableSkeleton.ordinaryQuiverRealization_map_arrow' depends on axioms: [propext,
 Classical.choice,
 Quot.sound]
'MagnitudeConjecture.LinearPathCategory.mem_lengthTail_of_map_eq_zero_of_low_independent' depends on axioms: [propext,
 Classical.choice,
 Quot.sound]
'MagnitudeConjecture.RightModule.FiniteIndecomposableSkeleton.OrdinaryArrowRepresentatives' depends on axioms: [propext,
 Classical.choice,
 Quot.sound]
'MagnitudeConjecture.RightModule.FiniteIndecomposableSkeleton.OrdinaryArrowRepresentatives.irrToHomModSquare_injective' depends on axioms: [propext,
 Classical.choice,
 Quot.sound]
'MagnitudeConjecture.RightModule.FiniteIndecomposableSkeleton.OrdinaryArrowRepresentatives.lowPathQuotient_linearIndependent' depends on axioms: [propext,
 Classical.choice,
 Quot.sound]
'MagnitudeConjecture.RightModule.FiniteIndecomposableSkeleton.OrdinaryArrowRepresentatives.hom_sub_hom_mem_radicalSquare' depends on axioms: [propext,
 Classical.choice,
 Quot.sound]
'MagnitudeConjecture.RightModule.FiniteIndecomposableSkeleton.OrdinaryArrowRepresentatives.pathMap_sub_pathMap_mem_radicalPow_succ' depends on axioms: [propext,
 Classical.choice,
 Quot.sound]
'MagnitudeConjecture.RightModule.FiniteIndecomposableSkeleton.OrdinaryArrowRepresentatives.relations_isAdmissible' depends on axioms: [propext,
 Classical.choice,
 Quot.sound]
'MagnitudeConjecture.RightModule.FiniteIndecomposableSkeleton.ordinaryStar_card_eq_sum_finrank' depends on axioms: [propext,
 Classical.choice,
 Quot.sound]
'MagnitudeConjecture.RightModule.FiniteIndecomposableSkeleton.ordinaryCostar_card_eq_sum_finrank' depends on axioms: [propext,
 Classical.choice,
 Quot.sound]
'MagnitudeConjecture.RightModule.FiniteIndecomposableSkeleton.ordinaryLiftedStar_card_eq_sum_finrank' depends on axioms: [propext,
 Classical.choice,
 Quot.sound]
'MagnitudeConjecture.RightModule.FiniteIndecomposableSkeleton.ordinaryLiftedCostar_card_eq_sum_finrank' depends on axioms: [propext,
 Classical.choice,
 Quot.sound]
'MagnitudeConjecture.MinimalProjectivePresentation.kernel_le_jacobson' depends on axioms: [propext,
 Classical.choice,
 Quot.sound]
'MagnitudeConjecture.MinimalProjectivePresentation.comap_jacobson_eq' depends on axioms: [propext,
 Classical.choice,
 Quot.sound]
'MagnitudeConjecture.MinimalProjectivePresentation.map_jacobson_eq' depends on axioms: [propext,
 Classical.choice,
 Quot.sound]
'MagnitudeConjecture.RightModule.FiniteIndecomposableSkeleton.projectiveRadicalBoundaryHomEquiv' depends on axioms: [propext,
 Classical.choice,
 Quot.sound]
'MagnitudeConjecture.RightModule.FiniteIndecomposableSkeleton.projectiveRadicalToBoundaryTopHom_surjective' depends on axioms: [propext,
 Classical.choice,
 Quot.sound]
'MagnitudeConjecture.RightModule.FiniteIndecomposableSkeleton.ker_projectiveRadicalToBoundaryTopHom' depends on axioms: [propext,
 Classical.choice,
 Quot.sound]
'MagnitudeConjecture.RightModule.FiniteIndecomposableSkeleton.projectiveIrrBoundaryTopHomEquiv' depends on axioms: [propext,
 Classical.choice,
 Quot.sound]
'MagnitudeConjecture.RightModule.FiniteIndecomposableSkeleton.sum_finrank_projectiveIrreducibleHomSpace_eq_boundaryTop_finrank' depends on axioms: [propext,
 Classical.choice,
 Quot.sound]
'MagnitudeConjecture.RightModule.FiniteIndecomposableSkeleton.PrimitiveProjectivePresentation.boundaryRadicalTop_length_le_two_of_isBiserial' depends on axioms: [propext,
 Classical.choice,
 Quot.sound]
'MagnitudeConjecture.RightModule.FiniteIndecomposableSkeleton.PrimitiveProjectivePresentation.boundaryRadicalTop_finrank_le_two_of_isBiserial' depends on axioms: [propext,
 Classical.choice,
 Quot.sound]
'MagnitudeConjecture.RightModule.FiniteIndecomposableSkeleton.ordinaryStar_card_le_two_of_primitiveProjectivePresentation_isBiserial' depends on axioms: [propext,
 Classical.choice,
 Quot.sound]
'MagnitudeConjecture.RightModule.FiniteIndecomposableSkeleton.PrimitiveProjectivePresentation.oppositePresentation_isBiserial' depends on axioms: [propext,
 Classical.choice,
 Quot.sound]
'MagnitudeConjecture.RightModule.FiniteIndecomposableSkeleton.PrimitiveProjectivePresentation.oppositeProjectiveCategoryEquivalence' depends on axioms: [propext,
 Classical.choice,
 Quot.sound]
'MagnitudeConjecture.RightModule.FiniteIndecomposableSkeleton.PrimitiveProjectivePresentation.projectiveIrreducibleOppositeLinearEquiv' depends on axioms: [propext,
 Classical.choice,
 Quot.sound]
'MagnitudeConjecture.RightModule.FiniteIndecomposableSkeleton.PrimitiveProjectivePresentation.ordinaryCostar_card_eq_oppositeStar_card' depends on axioms: [propext,
 Classical.choice,
 Quot.sound]
'MagnitudeConjecture.RightModule.FiniteIndecomposableSkeleton.PrimitiveProjectivePresentation.ordinaryCostar_card_le_two_of_isBiserial' depends on axioms: [propext,
 Classical.choice,
 Quot.sound]
'MagnitudeConjecture.RightModule.FiniteIndecomposableSkeleton.OrdinaryArrowRepresentatives.exists_pathImage_radicalPower_approximation' depends on axioms: [propext,
 Classical.choice,
 Quot.sound]
'MagnitudeConjecture.RightModule.FiniteIndecomposableSkeleton.OrdinaryArrowRepresentatives.projectiveRadical_le_ordinaryPathImage' depends on axioms: [propext,
 Classical.choice,
 Quot.sound]
'MagnitudeConjecture.RightModule.FiniteIndecomposableSkeleton.exists_scalar_sub_mem_projectiveRadical' depends on axioms: [propext,
 Classical.choice,
 Quot.sound]
'MagnitudeConjecture.RightModule.FiniteIndecomposableSkeleton.OrdinaryArrowRepresentatives.pathImage_eq_top' depends on axioms: [propext,
 Classical.choice,
 Quot.sound]
'MagnitudeConjecture.RightModule.FiniteIndecomposableSkeleton.OrdinaryArrowRepresentatives.exists_realization_preimage' depends on axioms: [propext,
 Classical.choice,
 Quot.sound]
'MagnitudeConjecture.RightModule.FiniteIndecomposableSkeleton.ordinaryLiftedPathCategoryEquivalence' depends on axioms: [propext,
 Classical.choice,
 Quot.sound]
'MagnitudeConjecture.RightModule.FiniteIndecomposableSkeleton.ordinaryLiftedRelations_generatedHomSubmodule_le_lengthTail_two' depends on axioms: [propext,
 Classical.choice,
 Quot.sound]
'MagnitudeConjecture.RightModule.FiniteIndecomposableSkeleton.ordinaryLiftedRelations_isAdmissible' depends on axioms: [propext,
 Classical.choice,
 Quot.sound]
'MagnitudeConjecture.RightModule.FiniteIndecomposableSkeleton.ordinaryLiftedQuiverQuotientEquivalence' depends on axioms: [propext,
 Classical.choice,
 Quot.sound]
'MagnitudeConjecture.RightModule.FiniteIndecomposableSkeleton.ordinaryLiftedQuiverQuotientRealization_obj_bijective' depends on axioms: [propext,
 Classical.choice,
 Quot.sound]
'MagnitudeConjecture.RightModule.FiniteIndecomposableSkeleton.basicAlgebra_finiteDimensional' depends on axioms: [propext,
 Classical.choice,
 Quot.sound]
'MagnitudeConjecture.RightModule.FiniteIndecomposableSkeleton.ordinaryLiftedPresentation' depends on axioms: [propext,
 Classical.choice,
 Quot.sound]
'MagnitudeConjecture.RightModule.FiniteIndecomposableSkeleton.OrdinaryArrowRepresentatives.lifted_arrowMap_comp_right_ne_zero_iff' depends on axioms: [propext,
 Classical.choice,
 Quot.sound]
'MagnitudeConjecture.RightModule.FiniteIndecomposableSkeleton.OrdinaryArrowRepresentatives.lifted_arrowMap_comp_left_ne_zero_iff' depends on axioms: [propext,
 Classical.choice,
 Quot.sound]
'MagnitudeConjecture.RightModule.FiniteIndecomposableSkeleton.OrdinaryArrowRepresentatives.lifted_continuation_right_le_one' depends on axioms: [propext,
 Classical.choice,
 Quot.sound]
'MagnitudeConjecture.RightModule.FiniteIndecomposableSkeleton.OrdinaryArrowRepresentatives.lifted_continuation_left_le_one' depends on axioms: [propext,
 Classical.choice,
 Quot.sound]
'MagnitudeConjecture.RightModule.FiniteIndecomposableSkeleton.OrdinaryArrowRepresentatives.liftedSpecialBiserialPresentation' depends on axioms: [propext,
 Classical.choice,
 Quot.sound]
'MagnitudeConjecture.IsUniserialModule.smul_comparable' depends on axioms: [propext, Quot.sound]
'MagnitudeConjecture.RightModule.FiniteIndecomposableSkeleton.OrdinaryArrowRepresentatives.hom_not_mem_radicalSquare' depends on axioms: [propext,
 Classical.choice,
 Quot.sound]
'MagnitudeConjecture.RightModule.FiniteIndecomposableSkeleton.OrdinaryArrowRepresentatives.codomainEndomorphism_mem_radical_of_comp_mem_radicalSquare' depends on axioms: [propext,
 Classical.choice,
 Quot.sound]
'MagnitudeConjecture.RightModule.FiniteIndecomposableSkeleton.OrdinaryArrowRepresentatives.domainEndomorphism_mem_radical_of_comp_mem_radicalSquare' depends on axioms: [propext,
 Classical.choice,
 Quot.sound]
'MagnitudeConjecture.RightModule.FiniteIndecomposableSkeleton.PrimitiveProjectivePresentation.projectiveHomCoordinate_injective' depends on axioms: [propext,
 Classical.choice,
 Quot.sound]
'MagnitudeConjecture.RightModule.FiniteIndecomposableSkeleton.PrimitiveProjectivePresentation.projectiveHomCoordinate_projectiveHomOfCoordinate' depends on axioms: [propext,
 Classical.choice,
 Quot.sound]
'MagnitudeConjecture.RightModule.FiniteIndecomposableSkeleton.PrimitiveProjectivePresentation.projectiveHomCoordinate_comp' depends on axioms: [propext,
 Classical.choice,
 Quot.sound]
'MagnitudeConjecture.LinearPathCategory.exists_eq_smul_id_add_outgoingSum' depends on axioms: [propext,
 Classical.choice,
 Quot.sound]
'MagnitudeConjecture.LinearPathCategory.exists_eq_smul_id_add_incomingSum' depends on axioms: [propext,
 Classical.choice,
 Quot.sound]
'MagnitudeConjecture.RightModule.FiniteIndecomposableSkeleton.OrdinaryArrowRepresentatives.eq_of_codomainHom_uniserial' depends on axioms: [propext,
 Classical.choice,
 Quot.sound]
'MagnitudeConjecture.RightModule.FiniteIndecomposableSkeleton.OrdinaryArrowRepresentatives.eq_of_domainHom_uniserial' depends on axioms: [propext,
 Classical.choice,
 Quot.sound]
'MagnitudeConjecture.RightModule.FiniteIndecomposableSkeleton.OrdinaryArrowRepresentatives.RightContinuationFork.followingTarget_ne_of_uniserialAlternative' depends on axioms: [propext,
 Classical.choice,
 Quot.sound]
'MagnitudeConjecture.RightModule.FiniteIndecomposableSkeleton.OrdinaryArrowRepresentatives.exists_rightFork_secondComparison' depends on axioms: [propext,
 Classical.choice,
 Quot.sound]
'MagnitudeConjecture.RightModule.FiniteIndecomposableSkeleton.OrdinaryArrowRepresentatives.exists_rightFork_secondComparison_of_uniserialAlternative' depends on axioms: [propext,
 Classical.choice,
 Quot.sound]
'MagnitudeConjecture.RightModule.FiniteIndecomposableSkeleton.OrdinaryArrowRepresentatives.exists_eq_outgoing_sum_of_mem_projectiveRadical' depends on axioms: [propext,
 Classical.choice,
 Quot.sound]
'MagnitudeConjecture.RightModule.FiniteIndecomposableSkeleton.OrdinaryArrowRepresentatives.exists_eq_incoming_sum_of_mem_projectiveRadical' depends on axioms: [propext,
 Classical.choice,
 Quot.sound]
'MagnitudeConjecture.RightModule.FiniteIndecomposableSkeleton.RightKupischComparisonData' depends on axioms: [propext,
 Classical.choice,
 Quot.sound]
'MagnitudeConjecture.RightModule.FiniteIndecomposableSkeleton.RightKupischComparisonData.kills' depends on axioms: [propext,
 Classical.choice,
 Quot.sound]
'MagnitudeConjecture.RightModule.FiniteIndecomposableSkeleton.RightKupischComparisonData.exists_secondPredecessor' depends on axioms: [propext,
 Classical.choice,
 Quot.sound]
'MagnitudeConjecture.RightModule.FiniteIndecomposableSkeleton.RightKupischComparisonData.toRightSWCorrectionData' depends on axioms: [propext,
 Classical.choice,
 Quot.sound]
'MagnitudeConjecture.RightModule.FiniteIndecomposableSkeleton.PrimitiveProjectivePresentation.compositeInArrowRightIdeal' depends on axioms: [propext,
 Classical.choice,
 Quot.sound]
'MagnitudeConjecture.RightModule.FiniteIndecomposableSkeleton.PrimitiveProjectivePresentation.exists_rightFork_firstComparison' depends on axioms: [propext,
 Classical.choice,
 Quot.sound]
'MagnitudeConjecture.RightModule.FiniteIndecomposableSkeleton.PrimitiveProjectivePresentation.exists_rightKupischComparisonChoice' depends on axioms: [propext,
 Classical.choice,
 Quot.sound]
'MagnitudeConjecture.RightModule.FiniteIndecomposableSkeleton.PrimitiveProjectivePresentation.exists_rightSWCorrectionChoice' depends on axioms: [propext,
 Classical.choice,
 Quot.sound]
'MagnitudeConjecture.RightModule.FiniteIndecomposableSkeleton.LeftKupischComparisonData' depends on axioms: [propext,
 Classical.choice,
 Quot.sound]
'MagnitudeConjecture.RightModule.FiniteIndecomposableSkeleton.LeftKupischComparisonData.kills' depends on axioms: [propext,
 Classical.choice,
 Quot.sound]
'MagnitudeConjecture.RightModule.FiniteIndecomposableSkeleton.LeftKupischComparisonData.exists_secondFollowing' depends on axioms: [propext,
 Classical.choice,
 Quot.sound]
'MagnitudeConjecture.RightModule.FiniteIndecomposableSkeleton.LeftKupischComparisonData.toLeftSWCorrectionData' depends on axioms: [propext,
 Classical.choice,
 Quot.sound]
'MagnitudeConjecture.RightModule.FiniteIndecomposableSkeleton.PrimitiveProjectivePresentation.compositeInArrowLeftIdeal' depends on axioms: [propext,
 Classical.choice,
 Quot.sound]
'MagnitudeConjecture.RightModule.FiniteIndecomposableSkeleton.PrimitiveProjectivePresentation.exists_leftFork_firstComparison' depends on axioms: [propext,
 Classical.choice,
 Quot.sound]
'MagnitudeConjecture.RightModule.FiniteIndecomposableSkeleton.PrimitiveProjectivePresentation.exists_leftKupischComparisonChoice' depends on axioms: [propext,
 Classical.choice,
 Quot.sound]
'MagnitudeConjecture.RightModule.FiniteIndecomposableSkeleton.PrimitiveProjectivePresentation.exists_leftSWCorrectionChoice' depends on axioms: [propext,
 Classical.choice,
 Quot.sound]
'MagnitudeConjecture.RightModule.leftIdeal_isUniserial_of_oppositeRightIdeal' depends on axioms: [propext,
 Classical.choice,
 Quot.sound]
'MagnitudeConjecture.RightModule.FiniteIndecomposableSkeleton.PrimitiveProjectivePresentation.oppositeProjectiveMap_literal_apply' depends on axioms: [propext,
 Classical.choice,
 Quot.sound]
'MagnitudeConjecture.RightModule.FiniteIndecomposableSkeleton.PrimitiveProjectivePresentation.boundaryRadicalTop_isCoordinateThin_of_uniserialAlternative' depends on axioms: [propext,
 Classical.choice,
 Quot.sound]
'MagnitudeConjecture.RightModule.FiniteIndecomposableSkeleton.PrimitiveProjectivePresentation.radical_range_isUniserial_of_not_mem_square' depends on axioms: [propext,
 Classical.choice,
 Quot.sound]
'MagnitudeConjecture.RightModule.FiniteIndecomposableSkeleton.PrimitiveProjectivePresentation.ordinaryArrow_rightIdeal_isUniserial' depends on axioms: [propext,
 Classical.choice,
 Quot.sound]
'MagnitudeConjecture.RightModule.FiniteIndecomposableSkeleton.PrimitiveProjectivePresentation.opposite_projectiveRadical_coordinate' depends on axioms: [propext,
 Classical.choice,
 Quot.sound]
'MagnitudeConjecture.RightModule.FiniteIndecomposableSkeleton.PrimitiveProjectivePresentation.ordinaryArrow_leftIdeal_isUniserial' depends on axioms: [propext,
 Classical.choice,
 Quot.sound]
'MagnitudeConjecture.RightModule.FiniteIndecomposableSkeleton.PrimitiveProjectivePresentation.exists_adapted_of_isBiserial' depends on axioms: [propext,
 Classical.choice,
 Quot.sound]
'MagnitudeConjecture.RightModule.FiniteIndecomposableSkeleton.PrimitiveProjectivePresentation.admitsSpecialBiserialPresentation_of_isBiserial' depends on axioms: [propext,
 Classical.choice,
 Quot.sound]
'MagnitudeConjecture.mulOpposite_isLocalRing' depends on axioms: [propext, Quot.sound]
'MagnitudeConjecture.RightModule.IsRepresentationFinite.finite_twoSidedIdeal' depends on axioms: [propext,
 Classical.choice,
 Quot.sound]
'MagnitudeConjecture.RightModule.FiniteIndecomposableSkeleton.PrimitiveProjectivePresentation.finiteIdealCorner_homSpan_eq' depends on axioms: [propext,
 Classical.choice,
 Quot.sound]
'MagnitudeConjecture.RightModule.FiniteIndecomposableSkeleton.PrimitiveProjectivePresentation.finiteIdeal_homSubbimodule_comparable' depends on axioms: [propext,
 Classical.choice,
 Quot.sound]
'MagnitudeConjecture.transit_or_cotransit_of_homSubbimodule_comparable' depends on axioms: [propext,
 Classical.choice,
 Quot.sound]
'MagnitudeConjecture.uniserialModule_or_opposite_of_homSubbimodule_comparable' depends on axioms: [propext,
 Classical.choice,
 Quot.sound]
'MagnitudeConjecture.RightModule.FiniteIndecomposableSkeleton.PrimitiveProjectivePresentation.finiteIdeal_projectiveHom_homSubbimodule_comparable' depends on axioms: [propext,
 Classical.choice,
 Quot.sound]
'MagnitudeConjecture.RightModule.FiniteIndecomposableSkeleton.PrimitiveProjectivePresentation.finiteIdeal_projectiveHom_uniserialAlternative' depends on axioms: [propext,
 Classical.choice,
 Quot.sound]
'MagnitudeConjecture.RightModule.FiniteIndecomposableSkeleton.OrdinaryArrowRepresentatives.perturb' depends on axioms: [propext,
 Classical.choice,
 Quot.sound]
'MagnitudeConjecture.RightModule.FiniteIndecomposableSkeleton.OrdinaryArrowRepresentatives.perturbAt' depends on axioms: [propext,
 Classical.choice,
 Quot.sound]
'MagnitudeConjecture.RightModule.FiniteIndecomposableSkeleton.OrdinaryArrowRepresentatives.domainCorrection_hasDomainFactorization' depends on axioms: [propext,
 Classical.choice,
 Quot.sound]
'MagnitudeConjecture.RightModule.FiniteIndecomposableSkeleton.OrdinaryArrowRepresentatives.codomainCorrection_hasCodomainFactorization' depends on axioms: [propext,
 Classical.choice,
 Quot.sound]
'MagnitudeConjecture.RightModule.FiniteIndecomposableSkeleton.OrdinaryArrowRepresentatives.noZeroWhenSecond_of_costar_card_le_two' depends on axioms: [propext,
 Classical.choice,
 Quot.sound]
'MagnitudeConjecture.RightModule.FiniteIndecomposableSkeleton.OrdinaryArrowRepresentatives.noZeroWhenFirst_of_star_card_le_two' depends on axioms: [propext,
 Classical.choice,
 Quot.sound]
'MagnitudeConjecture.RightModule.FiniteIndecomposableSkeleton.OrdinaryArrowRepresentatives.exists_rightContinuationFork_of_not_hasRightContinuationBound' depends on axioms: [propext,
 Classical.choice,
 Quot.sound]
'MagnitudeConjecture.RightModule.FiniteIndecomposableSkeleton.OrdinaryArrowRepresentatives.exists_leftContinuationFork_of_not_hasLeftContinuationBound' depends on axioms: [propext,
 Classical.choice,
 Quot.sound]
'MagnitudeConjecture.RightModule.FiniteIndecomposableSkeleton.OrdinaryArrowRepresentatives.preservesIncidentZeros_of_domainFactorization_of_noZeroWhenFirst' depends on axioms: [propext,
 Classical.choice,
 Quot.sound]
'MagnitudeConjecture.RightModule.FiniteIndecomposableSkeleton.OrdinaryArrowRepresentatives.preservesIncidentZeros_of_codomainFactorization_of_noZeroWhenSecond' depends on axioms: [propext,
 Classical.choice,
 Quot.sound]
'MagnitudeConjecture.RightModule.FiniteIndecomposableSkeleton.OrdinaryArrowRepresentatives.codomainCorrection_twoStepZeroMonotone_of_noZeroWhenSecond' depends on axioms: [propext,
 Classical.choice,
 Quot.sound]
'MagnitudeConjecture.RightModule.FiniteIndecomposableSkeleton.OrdinaryArrowRepresentatives.hasTwoStepCorrection_of_codomainCorrection' depends on axioms: [propext,
 Classical.choice,
 Quot.sound]
'MagnitudeConjecture.RightModule.FiniteIndecomposableSkeleton.OrdinaryArrowRepresentatives.RightSWCorrectionData.hasTwoStepCorrection' depends on axioms: [propext,
 Classical.choice,
 Quot.sound]
'MagnitudeConjecture.RightModule.FiniteIndecomposableSkeleton.OrdinaryArrowRepresentatives.LeftSWCorrectionData.hasTwoStepCorrection' depends on axioms: [propext,
 Classical.choice,
 Quot.sound]
'MagnitudeConjecture.RightModule.FiniteIndecomposableSkeleton.OrdinaryArrowRepresentatives.exists_hasTwoStepCorrection_of_rightSWCorrectionChoice' depends on axioms: [propext,
 Classical.choice,
 Quot.sound]
'MagnitudeConjecture.RightModule.FiniteIndecomposableSkeleton.OrdinaryArrowRepresentatives.exists_hasTwoStepCorrection_of_leftSWCorrectionChoice' depends on axioms: [propext,
 Classical.choice,
 Quot.sound]
'MagnitudeConjecture.RightModule.FiniteIndecomposableSkeleton.OrdinaryArrowRepresentatives.card_nonzeroTwoSteps_lt_of_twoStepZeroMonotone_of_kills' depends on axioms: [propext,
 Classical.choice,
 Quot.sound]
'MagnitudeConjecture.RightModule.FiniteIndecomposableSkeleton.OrdinaryArrowRepresentatives.exists_minimal_nonzeroTwoSteps' depends on axioms: [propext,
 Classical.choice,
 Quot.sound]
'MagnitudeConjecture.RightModule.FiniteIndecomposableSkeleton.OrdinaryArrowRepresentatives.exists_adapted_of_exists_twoStepCorrection' depends on axioms: [propext,
 Classical.choice,
 Quot.sound]
'MagnitudeConjecture.RightModule.FiniteIndecomposableSkeleton.OrdinaryArrowRepresentatives.exists_adapted_of_swCorrectionData' depends on axioms: [propext,
 Classical.choice,
 Quot.sound]
'MagnitudeConjecture.RightModule.FiniteIndecomposableSkeleton.OrdinaryArrowRepresentatives.exists_adapted_of_isBiserial_of_swCorrectionData' depends on axioms: [propext,
 Classical.choice,
 Quot.sound]
'MagnitudeConjecture.FiniteTauMatrix.betaAt_eq_of_projective_iff_of_arrowMultiplicity_eq' depends on axioms: [propext,
 Classical.choice,
 Quot.sound]
'MagnitudeConjecture.FiniteTauMatrix.beta_eq_of_projective_iff_of_arrowMultiplicity_eq' depends on axioms: [propext,
 Classical.choice,
 Quot.sound]
'MagnitudeConjecture.FiniteTauMatrix.beta_le_iff' depends on axioms: [propext, Classical.choice, Quot.sound]
'MagnitudeConjecture.FiniteTauMatrix.betaAt_eq_natCard_nonprojective_of_rightMiddleDecomposition' depends on axioms: [propext,
 Classical.choice,
 Quot.sound]
'MagnitudeConjecture.FiniteTauMatrix.betaAt_eq_natCard_nonprojectiveRightMiddleOccurrence' depends on axioms: [propext,
 Classical.choice,
 Quot.sound]
'MagnitudeConjecture.FiniteTauMatrix.betaAt_le_rightMiddleArity' depends on axioms: [propext,
 Classical.choice,
 Quot.sound]
'MagnitudeConjecture.FiniteTauMatrix.betaAt_add_one_le_of_rightMiddleDecomposition_projective' depends on axioms: [propext,
 Classical.choice,
 Quot.sound]
'MagnitudeConjecture.FiniteTauMatrix.betaAt_add_one_le_of_minimalRightAlmostSplitDecomposition_projective' depends on axioms: [propext,
 Classical.choice,
 Quot.sound]
'MagnitudeConjecture.FiniteTauMatrix.beta_le_of_rightMiddleArity_le' depends on axioms: [propext,
 Classical.choice,
 Quot.sound]
'MagnitudeConjecture.FiniteTauMatrix.beta_le_of_nonprojectiveRightMiddleOccurrence_embedding' depends on axioms: [propext,
 Classical.choice,
 Quot.sound]
'MagnitudeConjecture.FiniteTauMatrix.beta_le_of_rightMiddleDecomposition_nonprojective_card_le' depends on axioms: [propext,
 Classical.choice,
 Quot.sound]
'MagnitudeConjecture.RightModule.FiniteIndecomposableSkeleton.standardFormAlgebra_beta_eq_original' depends on axioms: [propext,
 Classical.choice,
 Quot.sound]
'MagnitudeConjecture.RightModule.FiniteIndecomposableSkeleton.projectiveCategoryAlgebraEquiv' depends on axioms: [propext,
 Classical.choice,
 Quot.sound]
'MagnitudeConjecture.RightModule.FiniteIndecomposableSkeleton.PrimitiveProjectivePresentation.basicAlgebraAlgEquiv' depends on axioms: [propext,
 Classical.choice,
 Quot.sound]
'MagnitudeConjecture.RightModule.FiniteIndecomposableSkeleton.PrimitiveProjectivePresentation.ambientOpposite_admitsSpecialBiserialPresentation_of_isBiserial' depends on axioms: [propext,
 Classical.choice,
 Quot.sound]
'MagnitudeConjecture.RightModule.FiniteIndecomposableSkeleton.PrimitiveProjectivePresentation.ambient_admitsSpecialBiserialPresentation_of_isBiserial' depends on axioms: [propext,
 Classical.choice,
 Quot.sound]
'MagnitudeConjecture.RightModule.FiniteIndecomposableSkeleton.UniversalCover.standardFormAlgebra_admitsSpecialBiserialPresentation_of_ambientARSurplus_eq_zero' depends on axioms: [propext,
 Classical.choice,
 Quot.sound]
'MagnitudeConjecture.RightModule.FiniteIndecomposableSkeleton.UniversalCover.standardFormAlgebra_isSpecialBiserial_of_ambientARSurplus_eq_zero' depends on axioms: [propext,
 Classical.choice,
 Quot.sound]
'MagnitudeConjecture.BoundQuiver.StringWord.isString_reverse_iff' depends on axioms: [propext,
 Classical.choice,
 Quot.sound]
'MagnitudeConjecture.BoundQuiver.StringWord.IsString.of_contiguousSubpath' depends on axioms: [propext,
 Classical.choice,
 Quot.sound]
'MagnitudeConjecture.BoundQuiver.StringWord.isString_comp_of_negative_positive_boundaries' depends on axioms: [propext,
 Classical.choice,
 Quot.sound]
'MagnitudeConjecture.BoundQuiver.StringWord.isReduced_toPath_comp_toPath_of_not_heq_reverse' depends on axioms: [propext,
 Quot.sound]
'MagnitudeConjecture.BoundQuiver.StringWord.isReduced_toPath_comp_zero_comp_toPath_of_not_heq_reverse' depends on axioms: [propext,
 Quot.sound]
'MagnitudeConjecture.BoundQuiver.StringWord.isString_comp_of_negative_positive_boundaries_of_reduced' depends on axioms: [propext,
 Classical.choice,
 Quot.sound]
'MagnitudeConjecture.BoundQuiver.StringWord.Word.reverse_reverse' depends on axioms: [propext,
 Classical.choice,
 Quot.sound]
'MagnitudeConjecture.BoundQuiver.StringWord.Word.arrow_length' depends on axioms: [propext,
 Classical.choice,
 Quot.sound]
'MagnitudeConjecture.BoundQuiver.StringWord.Word.pathReach_forward_or_backward' depends on axioms: [propext,
 Classical.choice,
 Quot.sound]
'MagnitudeConjecture.BoundQuiver.StringWord.Word.pathMap_ne_zero_of_pathReach' depends on axioms: [propext,
 Classical.choice,
 Quot.sound]
'MagnitudeConjecture.BoundQuiver.StringWord.Word.quiverRepresentation_map_eq_zero_of_pathMap_eq_zero' depends on axioms: [propext,
 Classical.choice,
 Quot.sound]
'MagnitudeConjecture.BoundQuiver.StringWord.Word.relationIdeal_isKilledBy' depends on axioms: [propext,
 Classical.choice,
 Quot.sound]
'MagnitudeConjecture.BoundQuiver.StringWord.Word.rightModule_map_pathMap' depends on axioms: [propext,
 Classical.choice,
 Quot.sound]
'MagnitudeConjecture.BoundQuiver.StringWord.Word.sourcePosition' depends on axioms: [propext,
 Classical.choice,
 Quot.sound]
'MagnitudeConjecture.BoundQuiver.StringWord.Word.sourcePosition_index' depends on axioms: [propext,
 Classical.choice,
 Quot.sound]
'MagnitudeConjecture.BoundQuiver.StringWord.Word.targetPosition' depends on axioms: [propext,
 Classical.choice,
 Quot.sound]
'MagnitudeConjecture.BoundQuiver.StringWord.Word.targetPosition_index' depends on axioms: [propext,
 Classical.choice,
 Quot.sound]
'MagnitudeConjecture.BoundQuiver.StringWord.Word.rightModule_additive' depends on axioms: [propext,
 Classical.choice,
 Quot.sound]
'MagnitudeConjecture.BoundQuiver.StringWord.Word.rightModule_linear' depends on axioms: [propext,
 Classical.choice,
 Quot.sound]
'MagnitudeConjecture.BoundQuiver.StringWord.Word.rightLinearModule' depends on axioms: [propext,
 Classical.choice,
 Quot.sound]
'MagnitudeConjecture.BoundQuiver.StringWord.Word.rightModule_source_nontrivial' depends on axioms: [propext,
 Classical.choice,
 Quot.sound]
'MagnitudeConjecture.BoundQuiver.StringWord.Word.rightLinearModule_isFiniteDimensional' depends on axioms: [propext,
 Classical.choice,
 Quot.sound]
'MagnitudeConjecture.BoundQuiver.StringWord.Word.finiteRightModule' depends on axioms: [propext,
 Classical.choice,
 Quot.sound]
'MagnitudeConjecture.BoundQuiver.StringWord.Word.arrowStep_source_subsingleton' depends on axioms: [propext,
 Classical.choice,
 Quot.sound]
'MagnitudeConjecture.BoundQuiver.StringWord.Word.arrowOnBasis_apply_eq_zero_of_not_step' depends on axioms: [propext,
 Classical.choice,
 Quot.sound]
'MagnitudeConjecture.BoundQuiver.StringWord.Word.arrowLinearMap_apply_of_step' depends on axioms: [propext,
 Classical.choice,
 Quot.sound]
'MagnitudeConjecture.BoundQuiver.StringWord.Word.arrowLinearMap_apply_eq_zero_of_not_exists_source' depends on axioms: [propext,
 Classical.choice,
 Quot.sound]
'MagnitudeConjecture.BoundQuiver.StringWord.Word.morphismCoefficient' depends on axioms: [propext,
 Classical.choice,
 Quot.sound]
'MagnitudeConjecture.BoundQuiver.StringWord.Word.morphismCoefficient_eq_of_arrowSteps' depends on axioms: [propext,
 Classical.choice,
 Quot.sound]
'MagnitudeConjecture.BoundQuiver.StringWord.Word.morphismCoefficient_eq_zero_of_source_step_of_no_target_source' depends on axioms: [propext,
 Classical.choice,
 Quot.sound]
'MagnitudeConjecture.BoundQuiver.StringWord.Word.morphismCoefficient_eq_zero_of_no_source_target_of_target_step' depends on axioms: [propext,
 Classical.choice,
 Quot.sound]
'MagnitudeConjecture.BoundQuiver.StringWord.Word.MorphismCoefficientPosition' depends on axioms: [propext,
 Classical.choice,
 Quot.sound]
'MagnitudeConjecture.BoundQuiver.StringWord.Word.morphismCoefficientPositionIndexEmbedding' depends on axioms: [propext,
 Classical.choice,
 Quot.sound]
'MagnitudeConjecture.BoundQuiver.StringWord.Word.MorphismCoefficientStep' depends on axioms: [propext,
 Classical.choice,
 Quot.sound]
'MagnitudeConjecture.BoundQuiver.StringWord.Word.MorphismCoefficientStep.index' depends on axioms: [propext,
 Classical.choice,
 Quot.sound]
'MagnitudeConjecture.BoundQuiver.StringWord.Word.IsMorphismCoefficientBoundary' depends on axioms: [propext,
 Classical.choice,
 Quot.sound]
'MagnitudeConjecture.BoundQuiver.StringWord.Word.diagonalMorphismCoefficientPosition_eqvGen_source' depends on axioms: [propext,
 Classical.choice,
 Quot.sound]
'MagnitudeConjecture.BoundQuiver.StringWord.Word.Position.ext_index' depends on axioms: [propext,
 Classical.choice,
 Quot.sound]
'MagnitudeConjecture.BoundQuiver.StringWord.Word.arrow_eq_of_arrowSteps' depends on axioms: [propext,
 Classical.choice,
 Quot.sound]
'MagnitudeConjecture.BoundQuiver.StringWord.Word.eq_of_morphismCoefficientStep_eqvGen_of_inputIndex_eq' depends on axioms: [propext,
 Classical.choice,
 Quot.sound]
'MagnitudeConjecture.BoundQuiver.StringWord.Word.eq_of_morphismCoefficientStep_eqvGen_of_outputIndex_eq' depends on axioms: [propext,
 Classical.choice,
 Quot.sound]
'MagnitudeConjecture.BoundQuiver.StringWord.Word.exists_morphismCoefficientComponentSupport_inputIndex_eq_of_between' depends on axioms: [propext,
 Classical.choice,
 Quot.sound]
'MagnitudeConjecture.BoundQuiver.StringWord.Word.exists_morphismCoefficientComponentSupport_outputIndex_eq_of_between' depends on axioms: [propext,
 Classical.choice,
 Quot.sound]
'MagnitudeConjecture.BoundQuiver.StringWord.Word.morphismCoefficientStep_eqvGen_outputSlope_of_inputIndex_le' depends on axioms: [propext,
 Classical.choice,
 Quot.sound]
'MagnitudeConjecture.BoundQuiver.StringWord.Word.morphismCoefficientAt_eq_of_eqvGen' depends on axioms: [propext,
 Classical.choice,
 Quot.sound]
'MagnitudeConjecture.BoundQuiver.StringWord.Word.morphismCoefficientAt_eq_zero_of_eqvGen_boundary' depends on axioms: [propext,
 Classical.choice,
 Quot.sound]
'MagnitudeConjecture.BoundQuiver.StringWord.Word.not_boundary_of_morphismCoefficientAt_ne_zero_of_eqvGen' depends on axioms: [propext,
 Classical.choice,
 Quot.sound]
'MagnitudeConjecture.BoundQuiver.StringWord.Word.rightModuleHom_ext_morphismCoefficientAt' depends on axioms: [propext,
 Classical.choice,
 Quot.sound]
'MagnitudeConjecture.BoundQuiver.StringWord.Word.IsBoundaryFreeMorphismCoefficientComponent' depends on axioms: [propext,
 Classical.choice,
 Quot.sound]
'MagnitudeConjecture.BoundQuiver.StringWord.Word.coefficientComponentLinearMap_arrowLinearMap' depends on axioms: [propext,
 Classical.choice,
 Quot.sound]
'MagnitudeConjecture.BoundQuiver.StringWord.Word.coefficientComponentRightModuleMap' depends on axioms: [propext,
 Classical.choice,
 Quot.sound]
'MagnitudeConjecture.BoundQuiver.StringWord.Word.morphismCoefficientAt_coefficientComponentRightModuleMap' depends on axioms: [propext,
 Classical.choice,
 Quot.sound]
'MagnitudeConjecture.BoundQuiver.StringWord.Word.MorphismCoefficientComponent' depends on axioms: [propext,
 Classical.choice,
 Quot.sound]
'MagnitudeConjecture.BoundQuiver.StringWord.Word.morphismCoefficientComponentSum_eq' depends on axioms: [propext,
 Classical.choice,
 Quot.sound]
'MagnitudeConjecture.BoundQuiver.StringWord.Word.boundaryFreeMorphismCoefficientComponentMap_linearIndependent' depends on axioms: [propext,
 Classical.choice,
 Quot.sound]
'MagnitudeConjecture.BoundQuiver.StringWord.Word.span_boundaryFreeMorphismCoefficientComponentMap' depends on axioms: [propext,
 Classical.choice,
 Quot.sound]
'MagnitudeConjecture.BoundQuiver.StringWord.Word.boundaryFreeMorphismCoefficientBasis' depends on axioms: [propext,
 Classical.choice,
 Quot.sound]
'MagnitudeConjecture.BoundQuiver.StringWord.Word.boundaryFreeMorphismCoefficientBasis_repr_apply' depends on axioms: [propext,
 Classical.choice,
 Quot.sound]
'MagnitudeConjecture.BoundQuiver.StringWord.Word.morphismCoefficientAt_id_diagonalComponent_representative' depends on axioms: [propext,
 Classical.choice,
 Quot.sound]
'MagnitudeConjecture.BoundQuiver.StringWord.Word.diagonalMorphismCoefficientComponent_isBoundaryFree' depends on axioms: [propext,
 Classical.choice,
 Quot.sound]
'MagnitudeConjecture.BoundQuiver.StringWord.Word.morphismCoefficientAt_boundaryFreeComponentMap_diagonal_eq_zero' depends on axioms: [propext,
 Classical.choice,
 Quot.sound]
'MagnitudeConjecture.BoundQuiver.StringWord.Word.boundaryFreeMorphismCoefficientComponentMap_diagonal_eq_id' depends on axioms: [propext,
 Classical.choice,
 Quot.sound]
'MagnitudeConjecture.BoundQuiver.StringWord.Word.morphismCoefficientAt_comp' depends on axioms: [propext,
 Classical.choice,
 Quot.sound]
'MagnitudeConjecture.BoundQuiver.StringWord.Word.boundaryFreeMorphismCoefficientComponentCompositionCoefficient_eq' depends on axioms: [propext,
 Classical.choice,
 Quot.sound]
'MagnitudeConjecture.BoundQuiver.StringWord.Word.boundaryFreeMorphismCoefficientComponentMap_comp_eq_sum' depends on axioms: [propext,
 Classical.choice,
 Quot.sound]
'MagnitudeConjecture.BoundQuiver.StringWord.Word.properMorphismCoefficientComponentSubspace_eq_ker' depends on axioms: [propext,
 Classical.choice,
 Quot.sound]
'MagnitudeConjecture.BoundQuiver.StringWord.Word.exists_eq_smul_id_add_mem_properComponentSubspace' depends on axioms: [propext,
 Classical.choice,
 Quot.sound]
'MagnitudeConjecture.BoundQuiver.StringWord.Word.morphismCoefficientAt_properComponentMap_comp_diagonal_eq_zero' depends on axioms: [propext,
 Classical.choice,
 Quot.sound]
'MagnitudeConjecture.BoundQuiver.StringWord.Word.diagonalMorphismCoefficientLinearMap_comp' depends on axioms: [propext,
 Classical.choice,
 Quot.sound]
'MagnitudeConjecture.BoundQuiver.StringWord.Word.properMorphismCoefficientComponentSubspace_comp_mem_of_mem_left' depends on axioms: [propext,
 Classical.choice,
 Quot.sound]
'MagnitudeConjecture.BoundQuiver.StringWord.Word.properMorphismCoefficientComponentSubspace_comp_mem_of_mem_right' depends on axioms: [propext,
 Classical.choice,
 Quot.sound]
'MagnitudeConjecture.BoundQuiver.StringWord.Word.endomorphismCoefficient' depends on axioms: [propext,
 Classical.choice,
 Quot.sound]
'MagnitudeConjecture.BoundQuiver.StringWord.Word.endomorphismCoefficient_eq_of_arrowStep' depends on axioms: [propext,
 Classical.choice,
 Quot.sound]
'MagnitudeConjecture.BoundQuiver.StringWord.Word.endomorphismCoefficient_eq_source' depends on axioms: [propext,
 Classical.choice,
 Quot.sound]
'MagnitudeConjecture.BoundQuiver.StringWord.Word.rightModule_not_isZero' depends on axioms: [propext,
 Classical.choice,
 Quot.sound]
'MagnitudeConjecture.BoundQuiver.StringWord.Word.properMorphismCoefficientStepAt_transGen_irrefl' depends on axioms: [propext,
 Classical.choice,
 Quot.sound]
'MagnitudeConjecture.BoundQuiver.StringWord.Word.pow_length_add_one_eq_zero_of_mem_properMorphismCoefficientComponentSubspace' depends on axioms: [propext,
 Classical.choice,
 Quot.sound]
'MagnitudeConjecture.BoundQuiver.StringWord.Word.isNilpotent_of_mem_properMorphismCoefficientComponentSubspace' depends on axioms: [propext,
 Classical.choice,
 Quot.sound]
'MagnitudeConjecture.BoundQuiver.StringWord.Word.rightModule_end_isLocalRing' depends on axioms: [propext,
 Classical.choice,
 Quot.sound]
'MagnitudeConjecture.BoundQuiver.StringWord.Word.isIso_of_diagonalMorphismCoefficientLinearMap_ne_zero' depends on axioms: [propext,
 Classical.choice,
 Quot.sound]
'MagnitudeConjecture.BoundQuiver.StringWord.Word.rightModule_indecomposable' depends on axioms: [propext,
 Classical.choice,
 Quot.sound]
'MagnitudeConjecture.BoundQuiver.StringWord.Word.finiteRightModule_indecomposable' depends on axioms: [propext,
 Classical.choice,
 Quot.sound]
'MagnitudeConjecture.CategoryTheory.isIso_of_isSplitEpi_from_indecomposable' depends on axioms: [propext,
 Classical.choice,
 Quot.sound]
'MagnitudeConjecture.BoundQuiver.StringWord.Word.RightExtension.spaceInclusion_not_surjective' depends on axioms: [propext,
 Classical.choice,
 Quot.sound]
'MagnitudeConjecture.BoundQuiver.StringWord.Word.RightExtension.spaceProjection_not_injective' depends on axioms: [propext,
 Classical.choice,
 Quot.sound]
'MagnitudeConjecture.BoundQuiver.StringWord.Word.HookExtension.moduleMap_not_isSplitEpi' depends on axioms: [propext,
 Classical.choice,
 Quot.sound]
'MagnitudeConjecture.BoundQuiver.StringWord.Word.CohookExtension.moduleMap_not_isSplitMono' depends on axioms: [propext,
 Classical.choice,
 Quot.sound]
'MagnitudeConjecture.BoundQuiver.StringWord.Word.LeftHookExtension.moduleMap_not_isSplitEpi' depends on axioms: [propext,
 Classical.choice,
 Quot.sound]
'MagnitudeConjecture.BoundQuiver.StringWord.Word.LeftCohookExtension.moduleMap_not_isSplitMono' depends on axioms: [propext,
 Classical.choice,
 Quot.sound]
'MagnitudeConjecture.BoundQuiver.StringWord.Word.eq_boundaryFreeMorphismCoefficientComponentMap_of_root' depends on axioms: [propext,
 Classical.choice,
 Quot.sound]
'MagnitudeConjecture.BoundQuiver.StringWord.Word.exists_arrowStep_of_position_index_succ' depends on axioms: [propext,
 Classical.choice,
 Quot.sound]
'MagnitudeConjecture.BoundQuiver.StringWord.Word.HookExtension.moduleMap_eq_componentMap' depends on axioms: [propext,
 Classical.choice,
 Quot.sound]
'MagnitudeConjecture.BoundQuiver.StringWord.Word.HookExtension.moduleMapComponent_hasFullOutputSupport' depends on axioms: [propext,
 Classical.choice,
 Quot.sound]
'MagnitudeConjecture.BoundQuiver.StringWord.Word.CohookExtension.moduleMap_eq_componentMap' depends on axioms: [propext,
 Classical.choice,
 Quot.sound]
'MagnitudeConjecture.BoundQuiver.StringWord.Word.CohookExtension.moduleMapComponent_hasFullInputSupport' depends on axioms: [propext,
 Classical.choice,
 Quot.sound]
'MagnitudeConjecture.BoundQuiver.StringWord.Word.LeftHookExtension.moduleMap_eq_componentMap' depends on axioms: [propext,
 Classical.choice,
 Quot.sound]
'MagnitudeConjecture.BoundQuiver.StringWord.Word.LeftHookExtension.moduleMapComponent_hasFullOutputSupport' depends on axioms: [propext,
 Classical.choice,
 Quot.sound]
'MagnitudeConjecture.BoundQuiver.StringWord.Word.LeftCohookExtension.moduleMap_eq_componentMap' depends on axioms: [propext,
 Classical.choice,
 Quot.sound]
'MagnitudeConjecture.BoundQuiver.StringWord.Word.LeftCohookExtension.moduleMapComponent_hasFullInputSupport' depends on axioms: [propext,
 Classical.choice,
 Quot.sound]
'MagnitudeConjecture.BoundQuiver.StringWord.Word.exists_component_pair_of_comp_coefficient_ne_zero' depends on axioms: [propext,
 Classical.choice,
 Quot.sound]
'MagnitudeConjecture.BoundQuiver.StringWord.Word.exists_component_pair_of_factorization_eq_componentMap' depends on axioms: [propext,
 Classical.choice,
 Quot.sound]
'MagnitudeConjecture.BoundQuiver.StringWord.Word.HookExtension.exists_component_pair_of_moduleMap_factorization' depends on axioms: [propext,
 Classical.choice,
 Quot.sound]
'MagnitudeConjecture.BoundQuiver.StringWord.Word.CohookExtension.exists_component_pair_of_moduleMap_factorization' depends on axioms: [propext,
 Classical.choice,
 Quot.sound]
'MagnitudeConjecture.BoundQuiver.StringWord.Word.LeftHookExtension.exists_component_pair_of_moduleMap_factorization' depends on axioms: [propext,
 Classical.choice,
 Quot.sound]
'MagnitudeConjecture.BoundQuiver.StringWord.Word.LeftCohookExtension.exists_component_pair_of_moduleMap_factorization' depends on axioms: [propext,
 Classical.choice,
 Quot.sound]
'MagnitudeConjecture.BoundQuiver.StringWord.Word.BoundaryFreeMorphismCoefficientComponent.HasFullInputSupport.source_length_le_target_length' depends on axioms: [propext,
 Classical.choice,
 Quot.sound]
'MagnitudeConjecture.BoundQuiver.StringWord.Word.BoundaryFreeMorphismCoefficientComponent.HasFullOutputSupport.target_length_le_source_length' depends on axioms: [propext,
 Classical.choice,
 Quot.sound]
'MagnitudeConjecture.BoundQuiver.StringWord.Word.BoundaryFreeMorphismCoefficientComponent.length_eq_of_fullSupport' depends on axioms: [propext,
 Classical.choice,
 Quot.sound]
'MagnitudeConjecture.BoundQuiver.StringWord.Word.BoundaryFreeMorphismCoefficientComponent.HasFullOutputSupport.hasFullInputSupport_of_length_eq' depends on axioms: [propext,
 Classical.choice,
 Quot.sound]
'MagnitudeConjecture.BoundQuiver.StringWord.Word.BoundaryFreeMorphismCoefficientComponent.HasFullInputSupport.hasFullOutputSupport_of_length_eq' depends on axioms: [propext,
 Classical.choice,
 Quot.sound]
'MagnitudeConjecture.BoundQuiver.StringWord.Word.BoundaryFreeMorphismCoefficientComponent.isIso_componentMap_of_fullSupport' depends on axioms: [propext,
 Classical.choice,
 Quot.sound]
'MagnitudeConjecture.BoundQuiver.StringWord.Word.BoundaryFreeMorphismCoefficientComponent.isIso_of_morphismCoefficientAt_ne_zero_of_fullSupport' depends on axioms: [propext,
 Classical.choice,
 Quot.sound]
'MagnitudeConjecture.BoundQuiver.StringWord.Word.BoundaryFreeMorphismCoefficientComponent.exists_intermediate_of_comp_of_fullOutputSupport' depends on axioms: [propext,
 Classical.choice,
 Quot.sound]
'MagnitudeConjecture.BoundQuiver.StringWord.Word.BoundaryFreeMorphismCoefficientComponent.exists_intermediate_of_comp_of_fullInputSupport' depends on axioms: [propext,
 Classical.choice,
 Quot.sound]
'MagnitudeConjecture.BoundQuiver.StringWord.Word.BoundaryFreeMorphismCoefficientComponent.exists_support_of_outputArrowStep' depends on axioms: [propext,
 Classical.choice,
 Quot.sound]
'MagnitudeConjecture.BoundQuiver.StringWord.Word.BoundaryFreeMorphismCoefficientComponent.exists_support_of_inputArrowStep' depends on axioms: [propext,
 Classical.choice,
 Quot.sound]
'MagnitudeConjecture.BoundQuiver.StringWord.Word.BoundaryFreeMorphismCoefficientComponent.HasFullOutputSupport.exists_outgoingBoundary_of_length_lt' depends on axioms: [propext,
 Classical.choice,
 Quot.sound]
'MagnitudeConjecture.BoundQuiver.StringWord.Word.BoundaryFreeMorphismCoefficientComponent.HasFullInputSupport.exists_incomingBoundary_of_length_lt' depends on axioms: [propext,
 Classical.choice,
 Quot.sound]
'MagnitudeConjecture.BoundQuiver.StringWord.Word.HookExtension.exists_intermediate_of_component_pair' depends on axioms: [propext,
 Classical.choice,
 Quot.sound]
'MagnitudeConjecture.BoundQuiver.StringWord.Word.CohookExtension.exists_intermediate_of_component_pair' depends on axioms: [propext,
 Classical.choice,
 Quot.sound]
'MagnitudeConjecture.BoundQuiver.StringWord.Word.LeftHookExtension.exists_intermediate_of_component_pair' depends on axioms: [propext,
 Classical.choice,
 Quot.sound]
'MagnitudeConjecture.BoundQuiver.StringWord.Word.LeftCohookExtension.exists_intermediate_of_component_pair' depends on axioms: [propext,
 Classical.choice,
 Quot.sound]
'MagnitudeConjecture.BoundQuiver.StringWord.Word.HookExtension.secondFactor_isIso_of_intermediate_length_eq' depends on axioms: [propext,
 Classical.choice,
 Quot.sound]
'MagnitudeConjecture.BoundQuiver.StringWord.Word.HookExtension.base_length_lt_intermediate_of_not_isSplitEpi' depends on axioms: [propext,
 Classical.choice,
 Quot.sound]
'MagnitudeConjecture.BoundQuiver.StringWord.Word.CohookExtension.firstFactor_isIso_of_intermediate_length_eq' depends on axioms: [propext,
 Classical.choice,
 Quot.sound]
'MagnitudeConjecture.BoundQuiver.StringWord.Word.CohookExtension.base_length_lt_intermediate_of_not_isSplitMono' depends on axioms: [propext,
 Classical.choice,
 Quot.sound]
'MagnitudeConjecture.BoundQuiver.StringWord.Word.HookExtension.exists_firstNewPosition_support_of_component_pair_of_length_lt' depends on axioms: [propext,
 Classical.choice,
 Quot.sound]
'MagnitudeConjecture.BoundQuiver.StringWord.Word.CohookExtension.exists_firstNewPosition_support_of_component_pair_of_length_lt' depends on axioms: [propext,
 Classical.choice,
 Quot.sound]
'MagnitudeConjecture.BoundQuiver.StringWord.Word.NegativeExtension.exists_target_support_of_base_target_support' depends on axioms: [propext,
 Classical.choice,
 Quot.sound]
'MagnitudeConjecture.BoundQuiver.StringWord.Word.PositiveExtension.exists_target_support_of_base_target_support' depends on axioms: [propext,
 Classical.choice,
 Quot.sound]
'MagnitudeConjecture.BoundQuiver.StringWord.Word.HookExtension.firstComponent_hasFullInputSupport_of_length_lt' depends on axioms: [propext,
 Classical.choice,
 Quot.sound]
'MagnitudeConjecture.BoundQuiver.StringWord.Word.CohookExtension.secondComponent_hasFullOutputSupport_of_length_lt' depends on axioms: [propext,
 Classical.choice,
 Quot.sound]
'MagnitudeConjecture.BoundQuiver.StringWord.Word.HookExtension.result_length_lt_intermediate_of_not_split' depends on axioms: [propext,
 Classical.choice,
 Quot.sound]
'MagnitudeConjecture.BoundQuiver.StringWord.Word.CohookExtension.result_length_lt_intermediate_of_not_split' depends on axioms: [propext,
 Classical.choice,
 Quot.sound]
'MagnitudeConjecture.BoundQuiver.StringWord.Word.BoundaryFreeMorphismCoefficientComponent.HasFullInputSupport.outputPosition_arrowStep' depends on axioms: [propext,
 Classical.choice,
 Quot.sound]
'MagnitudeConjecture.BoundQuiver.StringWord.Word.BoundaryFreeMorphismCoefficientComponent.HasFullInputSupport.outputPosition_prefix_eq_of_forward' depends on axioms: [propext,
 Classical.choice,
 Quot.sound]
'MagnitudeConjecture.BoundQuiver.StringWord.Word.BoundaryFreeMorphismCoefficientComponent.HasFullInputSupport.outputPosition_source_prefix_eq_comp_reverse' depends on axioms: [propext,
 Classical.choice,
 Quot.sound]
'MagnitudeConjecture.BoundQuiver.StringWord.Word.BoundaryFreeMorphismCoefficientComponent.HasFullInputSupport.isString_comp_negative_of_forward_of_target_step' depends on axioms: [propext,
 Classical.choice,
 Quot.sound]
'MagnitudeConjecture.BoundQuiver.StringWord.Word.BoundaryFreeMorphismCoefficientComponent.HasFullInputSupport.isString_comp_negative_of_reverse_of_target_step' depends on axioms: [propext,
 Classical.choice,
 Quot.sound]
'MagnitudeConjecture.BoundQuiver.StringWord.Word.HookExtension.not_length_lt_intermediate_of_component_pair' depends on axioms: [propext,
 Classical.choice,
 Quot.sound]
'MagnitudeConjecture.BoundQuiver.StringWord.Word.HookExtension.isSplitMono_or_isSplitEpi_of_component_pair' depends on axioms: [propext,
 Classical.choice,
 Quot.sound]
'MagnitudeConjecture.BoundQuiver.StringWord.Word.HookExtension.isSplitMono_or_isSplitEpi_of_moduleMap_factorization' depends on axioms: [propext,
 Classical.choice,
 Quot.sound]
'MagnitudeConjecture.BoundQuiver.StringWord.Word.BoundaryFreeMorphismCoefficientComponent.HasFullOutputSupport.inputPosition_arrowStep' depends on axioms: [propext,
 Classical.choice,
 Quot.sound]
'MagnitudeConjecture.BoundQuiver.StringWord.Word.BoundaryFreeMorphismCoefficientComponent.HasFullOutputSupport.inputPosition_prefix_eq_of_forward' depends on axioms: [propext,
 Classical.choice,
 Quot.sound]
'MagnitudeConjecture.BoundQuiver.StringWord.Word.BoundaryFreeMorphismCoefficientComponent.HasFullOutputSupport.inputPosition_source_prefix_eq_comp_reverse' depends on axioms: [propext,
 Classical.choice,
 Quot.sound]
'MagnitudeConjecture.BoundQuiver.StringWord.Word.BoundaryFreeMorphismCoefficientComponent.HasFullOutputSupport.isString_comp_positive_of_forward_of_target_step' depends on axioms: [propext,
 Classical.choice,
 Quot.sound]
'MagnitudeConjecture.BoundQuiver.StringWord.Word.BoundaryFreeMorphismCoefficientComponent.HasFullOutputSupport.isString_comp_positive_of_reverse_of_target_step' depends on axioms: [propext,
 Classical.choice,
 Quot.sound]
'MagnitudeConjecture.BoundQuiver.StringWord.Word.CohookExtension.not_length_lt_intermediate_of_component_pair' depends on axioms: [propext,
 Classical.choice,
 Quot.sound]
'MagnitudeConjecture.BoundQuiver.StringWord.Word.CohookExtension.isSplitMono_or_isSplitEpi_of_component_pair' depends on axioms: [propext,
 Classical.choice,
 Quot.sound]
'MagnitudeConjecture.BoundQuiver.StringWord.Word.CohookExtension.isSplitMono_or_isSplitEpi_of_moduleMap_factorization' depends on axioms: [propext,
 Classical.choice,
 Quot.sound]
'MagnitudeConjecture.BoundQuiver.StringWord.Word.LeftHookExtension.isSplitMono_or_isSplitEpi_of_moduleMap_factorization' depends on axioms: [propext,
 Classical.choice,
 Quot.sound]
'MagnitudeConjecture.BoundQuiver.StringWord.Word.LeftCohookExtension.isSplitMono_or_isSplitEpi_of_moduleMap_factorization' depends on axioms: [propext,
 Classical.choice,
 Quot.sound]
'MagnitudeConjecture.BoundQuiver.StringWord.Word.HookExtension.isSplitMono_or_isSplitEpi_of_biproduct_factorization' depends on axioms: [propext,
 Classical.choice,
 Quot.sound]
'MagnitudeConjecture.BoundQuiver.StringWord.Word.CohookExtension.isSplitMono_or_isSplitEpi_of_biproduct_factorization' depends on axioms: [propext,
 Classical.choice,
 Quot.sound]
'MagnitudeConjecture.BoundQuiver.StringWord.Word.HookExtension.isSplitMono_or_isSplitEpi_of_biproduct_factorization_of_coefficient_ne_zero' depends on axioms: [propext,
 Classical.choice,
 Quot.sound]
'MagnitudeConjecture.BoundQuiver.StringWord.Word.CohookExtension.isSplitMono_or_isSplitEpi_of_biproduct_factorization_of_coefficient_ne_zero' depends on axioms: [propext,
 Classical.choice,
 Quot.sound]
'MagnitudeConjecture.BoundQuiver.StringWord.Word.LeftHookExtension.isSplitMono_or_isSplitEpi_of_biproduct_factorization' depends on axioms: [propext,
 Classical.choice,
 Quot.sound]
'MagnitudeConjecture.BoundQuiver.StringWord.Word.LeftCohookExtension.isSplitMono_or_isSplitEpi_of_biproduct_factorization' depends on axioms: [propext,
 Classical.choice,
 Quot.sound]
'MagnitudeConjecture.BoundQuiver.StringWord.Word.HookExtension.isSplitMono_or_isSplitEpi_of_iso_biproduct_factorization' depends on axioms: [propext,
 Classical.choice,
 Quot.sound]
'MagnitudeConjecture.BoundQuiver.StringWord.Word.CohookExtension.isSplitMono_or_isSplitEpi_of_iso_biproduct_factorization' depends on axioms: [propext,
 Classical.choice,
 Quot.sound]
'MagnitudeConjecture.BoundQuiver.StringWord.Word.HookExtension.isSplitMono_or_isSplitEpi_of_iso_biproduct_factorization_of_coefficient_ne_zero' depends on axioms: [propext,
 Classical.choice,
 Quot.sound]
'MagnitudeConjecture.BoundQuiver.StringWord.Word.CohookExtension.isSplitMono_or_isSplitEpi_of_iso_biproduct_factorization_of_coefficient_ne_zero' depends on axioms: [propext,
 Classical.choice,
 Quot.sound]
'MagnitudeConjecture.BoundQuiver.StringWord.Word.LeftHookExtension.isSplitMono_or_isSplitEpi_of_iso_biproduct_factorization' depends on axioms: [propext,
 Classical.choice,
 Quot.sound]
'MagnitudeConjecture.BoundQuiver.StringWord.Word.LeftCohookExtension.isSplitMono_or_isSplitEpi_of_iso_biproduct_factorization' depends on axioms: [propext,
 Classical.choice,
 Quot.sound]
'MagnitudeConjecture.BoundQuiver.StringWord.Word.HookExtension.finiteModuleMap' depends on axioms: [propext,
 Classical.choice,
 Quot.sound]
'MagnitudeConjecture.BoundQuiver.StringWord.Word.CohookExtension.finiteModuleMap' depends on axioms: [propext,
 Classical.choice,
 Quot.sound]
'MagnitudeConjecture.BoundQuiver.StringWord.Word.LeftHookExtension.finiteModuleMap' depends on axioms: [propext,
 Classical.choice,
 Quot.sound]
'MagnitudeConjecture.BoundQuiver.StringWord.Word.LeftCohookExtension.finiteModuleMap' depends on axioms: [propext,
 Classical.choice,
 Quot.sound]
'MagnitudeConjecture.BoundQuiver.StringWord.Word.IsFiniteStringSum' depends on axioms: [propext,
 Classical.choice,
 Quot.sound]
'MagnitudeConjecture.BoundQuiver.StringWord.Word.EveryFiniteModuleIsFiniteStringSum' depends on axioms: [propext,
 Classical.choice,
 Quot.sound]
'MagnitudeConjecture.BoundQuiver.StringWord.Word.HookExtension.isSplitMono_or_isSplitEpi_of_finiteModule_factorization' depends on axioms: [propext,
 Classical.choice,
 Quot.sound]
'MagnitudeConjecture.BoundQuiver.StringWord.Word.CohookExtension.isSplitMono_or_isSplitEpi_of_finiteModule_factorization' depends on axioms: [propext,
 Classical.choice,
 Quot.sound]
'MagnitudeConjecture.BoundQuiver.StringWord.Word.HookExtension.isSplitMono_or_isSplitEpi_of_finiteModule_factorization_of_coefficient_ne_zero' depends on axioms: [propext,
 Classical.choice,
 Quot.sound]
'MagnitudeConjecture.BoundQuiver.StringWord.Word.CohookExtension.isSplitMono_or_isSplitEpi_of_finiteModule_factorization_of_coefficient_ne_zero' depends on axioms: [propext,
 Classical.choice,
 Quot.sound]
'MagnitudeConjecture.BoundQuiver.StringWord.Word.LeftHookExtension.isSplitMono_or_isSplitEpi_of_finiteModule_factorization' depends on axioms: [propext,
 Classical.choice,
 Quot.sound]
'MagnitudeConjecture.BoundQuiver.StringWord.Word.LeftCohookExtension.isSplitMono_or_isSplitEpi_of_finiteModule_factorization' depends on axioms: [propext,
 Classical.choice,
 Quot.sound]
'MagnitudeConjecture.BoundQuiver.StringWord.Word.HookExtension.finiteModuleMap_isIrreducible_of_finiteStringSum' depends on axioms: [propext,
 Classical.choice,
 Quot.sound]
'MagnitudeConjecture.BoundQuiver.StringWord.Word.CohookExtension.finiteModuleMap_isIrreducible_of_finiteStringSum' depends on axioms: [propext,
 Classical.choice,
 Quot.sound]
'MagnitudeConjecture.BoundQuiver.StringWord.Word.HookExtension.isIrreducibleMorphism_of_isRadicalMorphism_of_coefficient_ne_zero' depends on axioms: [propext,
 Classical.choice,
 Quot.sound]
'MagnitudeConjecture.BoundQuiver.StringWord.Word.CohookExtension.isIrreducibleMorphism_of_isRadicalMorphism_of_coefficient_ne_zero' depends on axioms: [propext,
 Classical.choice,
 Quot.sound]
'MagnitudeConjecture.BoundQuiver.StringWord.Word.HookExtension.finiteModuleMap_sub_smul_isIrreducible_of_component_ne' depends on axioms: [propext,
 Classical.choice,
 Quot.sound]
'MagnitudeConjecture.BoundQuiver.StringWord.Word.CohookExtension.finiteModuleMap_sub_smul_isIrreducible_of_component_ne' depends on axioms: [propext,
 Classical.choice,
 Quot.sound]
'MagnitudeConjecture.BoundQuiver.StringWord.Word.LeftHookExtension.finiteModuleMap_isIrreducible_of_finiteStringSum' depends on axioms: [propext,
 Classical.choice,
 Quot.sound]
'MagnitudeConjecture.BoundQuiver.StringWord.Word.LeftCohookExtension.finiteModuleMap_isIrreducible_of_finiteStringSum' depends on axioms: [propext,
 Classical.choice,
 Quot.sound]
'MagnitudeConjecture.BoundQuiver.StringWord.Word.Position.indexEquiv' depends on axioms: [propext,
 Classical.choice,
 Quot.sound]
'MagnitudeConjecture.BoundQuiver.StringWord.Word.Position.card_eq_length_add_one' depends on axioms: [propext,
 Classical.choice,
 Quot.sound]
'MagnitudeConjecture.BoundQuiver.StringWord.moduleArrowMap' depends on axioms: [propext, Classical.choice, Quot.sound]
'MagnitudeConjecture.BoundQuiver.StringWord.signedArrowSubspace' depends on axioms: [propext,
 Classical.choice,
 Quot.sound]
'MagnitudeConjecture.BoundQuiver.StringWord.signedPathSubspace' depends on axioms: [propext,
 Classical.choice,
 Quot.sound]
'MagnitudeConjecture.BoundQuiver.StringWord.signedArrowSubspace_mono' depends on axioms: [propext,
 Classical.choice,
 Quot.sound]
'MagnitudeConjecture.BoundQuiver.StringWord.signedArrowSubspace_map_le' depends on axioms: [propext,
 Classical.choice,
 Quot.sound]
'MagnitudeConjecture.BoundQuiver.StringWord.signedPathSubspace_mono' depends on axioms: [propext,
 Classical.choice,
 Quot.sound]
'MagnitudeConjecture.BoundQuiver.StringWord.signedPathSubspace_map_le' depends on axioms: [propext,
 Classical.choice,
 Quot.sound]
'MagnitudeConjecture.BoundQuiver.StringWord.signedPathSubspace_comp' depends on axioms: [propext,
 Classical.choice,
 Quot.sound]
'MagnitudeConjecture.BoundQuiver.SpecialBiserialPresentation.CompatibleAt' depends on axioms: [propext,
 Classical.choice,
 Quot.sound]
'MagnitudeConjecture.BoundQuiver.SpecialBiserialPresentation.VertexPolarization' depends on axioms: [propext,
 Classical.choice,
 Quot.sound]
'MagnitudeConjecture.BoundQuiver.SpecialBiserialPresentation.ArrowPolarization' depends on axioms: [propext,
 Classical.choice,
 Quot.sound]
'MagnitudeConjecture.BoundQuiver.SpecialBiserialPresentation.ArrowPolarization.sourceSign' depends on axioms: [propext,
 Classical.choice,
 Quot.sound]
'MagnitudeConjecture.BoundQuiver.SpecialBiserialPresentation.ArrowPolarization.targetSign' depends on axioms: [propext,
 Classical.choice,
 Quot.sound]
'MagnitudeConjecture.BoundQuiver.SpecialBiserialPresentation.ArrowPolarization.sourceSign_ne' depends on axioms: [propext,
 Classical.choice,
 Quot.sound]
'MagnitudeConjecture.BoundQuiver.SpecialBiserialPresentation.ArrowPolarization.targetSign_ne' depends on axioms: [propext,
 Classical.choice,
 Quot.sound]
'MagnitudeConjecture.BoundQuiver.SpecialBiserialPresentation.ArrowPolarization.sourceSign_eq_not_targetSign' depends on axioms: [propext,
 Classical.choice,
 Quot.sound]
'MagnitudeConjecture.BoundQuiver.SpecialBiserialPresentation.exists_vertexPolarization' depends on axioms: [propext,
 Classical.choice,
 Quot.sound]
'MagnitudeConjecture.BoundQuiver.SpecialBiserialPresentation.nonempty_arrowPolarization' depends on axioms: [propext,
 Classical.choice,
 Quot.sound]
'MagnitudeConjecture.BoundQuiver.SpecialBiserialPresentation.arrowPolarization' depends on axioms: [propext,
 Classical.choice,
 Quot.sound]
'MagnitudeConjecture.BoundQuiver.StringWord.signedArrowSourceSign' depends on axioms: [propext,
 Classical.choice,
 Quot.sound]
'MagnitudeConjecture.BoundQuiver.StringWord.signedArrowTargetSign' depends on axioms: [propext,
 Classical.choice,
 Quot.sound]
'MagnitudeConjecture.BoundQuiver.StringWord.signedArrowTargetSign_reverse' depends on axioms: [propext,
 Classical.choice,
 Quot.sound]
'MagnitudeConjecture.BoundQuiver.StringWord.signedArrowSourceSign_reverse' depends on axioms: [propext,
 Classical.choice,
 Quot.sound]
'MagnitudeConjecture.BoundQuiver.StringWord.signedPathTargetSign' depends on axioms: [propext,
 Classical.choice,
 Quot.sound]
'MagnitudeConjecture.BoundQuiver.StringWord.signedPathSourceSign' depends on axioms: [propext,
 Classical.choice,
 Quot.sound]
'MagnitudeConjecture.BoundQuiver.StringWord.signedPathTargetSign_reverse' depends on axioms: [propext,
 Classical.choice,
 Quot.sound]
'MagnitudeConjecture.BoundQuiver.StringWord.signedPathSourceSign_reverse' depends on axioms: [propext,
 Classical.choice,
 Quot.sound]
'MagnitudeConjecture.BoundQuiver.StringWord.EndpointWord' depends on axioms: [propext, Classical.choice, Quot.sound]
'MagnitudeConjecture.BoundQuiver.StringWord.EndpointWord.word' depends on axioms: [propext,
 Classical.choice,
 Quot.sound]
'MagnitudeConjecture.BoundQuiver.StringWord.EndpointWord.sourceSign' depends on axioms: [propext,
 Classical.choice,
 Quot.sound]
'MagnitudeConjecture.BoundQuiver.StringWord.EndpointWord.vertex' depends on axioms: [propext,
 Classical.choice,
 Quot.sound]
'MagnitudeConjecture.BoundQuiver.StringWord.EndpointWord.incomingExtension_subsingleton' depends on axioms: [propext,
 Classical.choice,
 Quot.sound]
'MagnitudeConjecture.BoundQuiver.StringWord.EndpointWord.outgoingInverseExtension_subsingleton' depends on axioms: [propext,
 Classical.choice,
 Quot.sound]
'MagnitudeConjecture.BoundQuiver.StringWord.EndpointWord.outgoing_comp_incoming_eq_zero' depends on axioms: [propext,
 Classical.choice,
 Quot.sound]
'MagnitudeConjecture.BoundQuiver.StringWord.EndpointWord.lowerBoundarySubspace' depends on axioms: [propext,
 Classical.choice,
 Quot.sound]
'MagnitudeConjecture.BoundQuiver.StringWord.EndpointWord.upperBoundarySubspace' depends on axioms: [propext,
 Classical.choice,
 Quot.sound]
'MagnitudeConjecture.BoundQuiver.StringWord.EndpointWord.lowerSubspace' depends on axioms: [propext,
 Classical.choice,
 Quot.sound]
'MagnitudeConjecture.BoundQuiver.StringWord.EndpointWord.upperSubspace' depends on axioms: [propext,
 Classical.choice,
 Quot.sound]
'MagnitudeConjecture.BoundQuiver.StringWord.EndpointWord.lowerBoundarySubspace_le_upperBoundarySubspace' depends on axioms: [propext,
 Classical.choice,
 Quot.sound]
'MagnitudeConjecture.BoundQuiver.StringWord.EndpointWord.lowerSubspace_le_upperSubspace' depends on axioms: [propext,
 Classical.choice,
 Quot.sound]
'MagnitudeConjecture.BoundQuiver.StringWord.EndpointWord.lowerBoundarySubspace_map_le' depends on axioms: [propext,
 Classical.choice,
 Quot.sound]
'MagnitudeConjecture.BoundQuiver.StringWord.EndpointWord.upperBoundarySubspace_map_le' depends on axioms: [propext,
 Classical.choice,
 Quot.sound]
'MagnitudeConjecture.BoundQuiver.StringWord.EndpointWord.lowerSubspace_map_le' depends on axioms: [propext,
 Classical.choice,
 Quot.sound]
'MagnitudeConjecture.BoundQuiver.StringWord.EndpointWord.upperSubspace_map_le' depends on axioms: [propext,
 Classical.choice,
 Quot.sound]
'MagnitudeConjecture.BoundQuiver.StringWord.EndpointWord.oppositeVertex' depends on axioms: [propext,
 Classical.choice,
 Quot.sound]
'MagnitudeConjecture.BoundQuiver.StringWord.EndpointWord.detectorNumerator' depends on axioms: [propext,
 Classical.choice,
 Quot.sound]
'MagnitudeConjecture.BoundQuiver.StringWord.EndpointWord.detectorDenominator' depends on axioms: [propext,
 Classical.choice,
 Quot.sound]
'MagnitudeConjecture.BoundQuiver.StringWord.EndpointWord.detectorDenominator_le_detectorNumerator' depends on axioms: [propext,
 Classical.choice,
 Quot.sound]
'MagnitudeConjecture.BoundQuiver.StringWord.EndpointWord.detectorDenominatorInNumerator' depends on axioms: [propext,
 Classical.choice,
 Quot.sound]
'MagnitudeConjecture.BoundQuiver.StringWord.EndpointWord.DetectorSpace' depends on axioms: [propext,
 Classical.choice,
 Quot.sound]
'MagnitudeConjecture.BoundQuiver.StringWord.EndpointWord.detectorNumerator_map_le' depends on axioms: [propext,
 Classical.choice,
 Quot.sound]
'MagnitudeConjecture.BoundQuiver.StringWord.EndpointWord.detectorDenominator_map_le' depends on axioms: [propext,
 Classical.choice,
 Quot.sound]
'MagnitudeConjecture.BoundQuiver.StringWord.EndpointWord.detectorNumeratorMap' depends on axioms: [propext,
 Classical.choice,
 Quot.sound]
'MagnitudeConjecture.BoundQuiver.StringWord.EndpointWord.detectorDenominatorInNumerator_le_comap' depends on axioms: [propext,
 Classical.choice,
 Quot.sound]
'MagnitudeConjecture.BoundQuiver.StringWord.EndpointWord.detectorLinearMap' depends on axioms: [propext,
 Classical.choice,
 Quot.sound]
'MagnitudeConjecture.BoundQuiver.StringWord.EndpointWord.detectorFunctor' depends on axioms: [propext,
 Classical.choice,
 Quot.sound]
'MagnitudeConjecture.BoundQuiver.StringWord.EndpointWord.ofWord' depends on axioms: [propext,
 Classical.choice,
 Quot.sound]
'MagnitudeConjecture.BoundQuiver.StringWord.EndpointWord.word_injective' depends on axioms: [propext,
 Classical.choice,
 Quot.sound]
'MagnitudeConjecture.BoundQuiver.StringWord.DetectorWord' depends on axioms: [propext, Classical.choice, Quot.sound]
'MagnitudeConjecture.BoundQuiver.StringWord.DetectorWord.underlying' depends on axioms: [propext,
 Classical.choice,
 Quot.sound]
'MagnitudeConjecture.BoundQuiver.StringWord.DetectorWord.ofWord' depends on axioms: [propext,
 Classical.choice,
 Quot.sound]
'MagnitudeConjecture.BoundQuiver.StringWord.DetectorWord.InverseEquivalent' depends on axioms: [propext,
 Classical.choice,
 Quot.sound]
'MagnitudeConjecture.BoundQuiver.StringWord.DetectorWord.inverseSetoid' depends on axioms: [propext,
 Classical.choice,
 Quot.sound]
'MagnitudeConjecture.BoundQuiver.StringWord.DetectorIndex' depends on axioms: [propext, Classical.choice, Quot.sound]
'MagnitudeConjecture.BoundQuiver.StringWord.DetectorIndex.ofWord' depends on axioms: [propext,
 Classical.choice,
 Quot.sound]
'MagnitudeConjecture.BoundQuiver.StringWord.DetectorIndex.ofWord_reverse' depends on axioms: [propext,
 Classical.choice,
 Quot.sound]
'MagnitudeConjecture.BoundQuiver.StringWord.DetectorIndex.ofWord_eq_iff' depends on axioms: [propext,
 Classical.choice,
 Quot.sound]
'MagnitudeConjecture.BoundQuiver.StringWord.DetectorIndex.ofWord_surjective' depends on axioms: [propext,
 Classical.choice,
 Quot.sound]
'MagnitudeConjecture.BoundQuiver.StringWord.DetectorIndex.representative' depends on axioms: [propext,
 Classical.choice,
 Quot.sound]
'MagnitudeConjecture.BoundQuiver.StringWord.DetectorIndex.endpointWord' depends on axioms: [propext,
 Classical.choice,
 Quot.sound]
'MagnitudeConjecture.BoundQuiver.StringWord.DetectorIndex.detectorFunctor' depends on axioms: [propext,
 Classical.choice,
 Quot.sound]
'MagnitudeConjecture.BoundQuiver.StringWord.Word.moduleArrowMap_rightModule' depends on axioms: [propext,
 Classical.choice,
 Quot.sound]
'MagnitudeConjecture.BoundQuiver.StringWord.Word.not_exists_arrowStep_sourcePosition_of_prepend_negative_isString' depends on axioms: [propext,
 Classical.choice,
 Quot.sound]
'MagnitudeConjecture.BoundQuiver.StringWord.Word.arrowLinearMap_sourceBasis_eq_zero_of_prepend_negative_isString' depends on axioms: [propext,
 Classical.choice,
 Quot.sound]
'MagnitudeConjecture.BoundQuiver.StringWord.Word.not_exists_arrowStep_to_sourcePosition_of_prepend_positive_isString' depends on axioms: [propext,
 Classical.choice,
 Quot.sound]
'MagnitudeConjecture.BoundQuiver.StringWord.Word.arrowLinearMap_apply_sourcePosition_eq_zero_of_prepend_positive_isString' depends on axioms: [propext,
 Classical.choice,
 Quot.sound]
'MagnitudeConjecture.BoundQuiver.StringWord.Word.prefixBasis_mem_signedPathSubspace_span_source' depends on axioms: [propext,
 Classical.choice,
 Quot.sound]
'MagnitudeConjecture.BoundQuiver.StringWord.Word.targetBasis_mem_signedPathSubspace_span_source' depends on axioms: [propext,
 Classical.choice,
 Quot.sound]
'MagnitudeConjecture.BoundQuiver.StringWord.Word.signedPathSubspace_apply_prefixPosition_eq_zero' depends on axioms: [propext,
 Classical.choice,
 Quot.sound]
'MagnitudeConjecture.BoundQuiver.StringWord.EndpointWord.signedPathTargetSign_comp_toPath' depends on axioms: [propext,
 Classical.choice,
 Quot.sound]
'MagnitudeConjecture.BoundQuiver.StringWord.EndpointWord.sourceBasis_mem_upperBoundarySubspace_rightModule' depends on axioms: [propext,
 Classical.choice,
 Quot.sound]
'MagnitudeConjecture.BoundQuiver.StringWord.EndpointWord.targetBasis_mem_upperSubspace_rightModule' depends on axioms: [propext,
 Classical.choice,
 Quot.sound]
'MagnitudeConjecture.BoundQuiver.StringWord.EndpointWord.lowerBoundarySubspace_apply_sourcePosition_eq_zero_rightModule' depends on axioms: [propext,
 Classical.choice,
 Quot.sound]
'MagnitudeConjecture.BoundQuiver.StringWord.EndpointWord.lowerSubspace_apply_targetPosition_eq_zero_rightModule' depends on axioms: [propext,
 Classical.choice,
 Quot.sound]
'MagnitudeConjecture.BoundQuiver.StringWord.EndpointWord.not_exists_arrowStep_to_targetPosition_of_targetSign_ne' depends on axioms: [propext,
 Classical.choice,
 Quot.sound]
'MagnitudeConjecture.BoundQuiver.StringWord.EndpointWord.arrowLinearMap_apply_targetPosition_eq_zero_of_targetSign_ne' depends on axioms: [propext,
 Classical.choice,
 Quot.sound]
'MagnitudeConjecture.BoundQuiver.StringWord.EndpointWord.not_exists_arrowStep_targetPosition_of_sourceSign_ne' depends on axioms: [propext,
 Classical.choice,
 Quot.sound]
'MagnitudeConjecture.BoundQuiver.StringWord.EndpointWord.arrowLinearMap_targetBasis_eq_zero_of_sourceSign_ne' depends on axioms: [propext,
 Classical.choice,
 Quot.sound]
'MagnitudeConjecture.BoundQuiver.StringWord.EndpointWord.targetBasis_mem_upperBoundarySubspace_oppositeVertex_rightModule' depends on axioms: [propext,
 Classical.choice,
 Quot.sound]
'MagnitudeConjecture.BoundQuiver.StringWord.EndpointWord.lowerBoundarySubspace_oppositeVertex_apply_targetPosition_eq_zero_rightModule' depends on axioms: [propext,
 Classical.choice,
 Quot.sound]
'MagnitudeConjecture.BoundQuiver.StringWord.EndpointWord.lowerSubspace_oppositeVertex_apply_targetPosition_eq_zero_rightModule' depends on axioms: [propext,
 Classical.choice,
 Quot.sound]
'MagnitudeConjecture.BoundQuiver.StringWord.EndpointWord.targetBasis_mem_upperSubspace_oppositeVertex_rightModule' depends on axioms: [propext,
 Classical.choice,
 Quot.sound]
'MagnitudeConjecture.BoundQuiver.StringWord.EndpointWord.targetBasis_mem_detectorNumerator_rightModule' depends on axioms: [propext,
 Classical.choice,
 Quot.sound]
'MagnitudeConjecture.BoundQuiver.StringWord.EndpointWord.detectorDenominator_apply_targetPosition_eq_zero_rightModule' depends on axioms: [propext,
 Classical.choice,
 Quot.sound]
'MagnitudeConjecture.BoundQuiver.StringWord.EndpointWord.targetBasis_not_mem_detectorDenominator_rightModule' depends on axioms: [propext,
 Classical.choice,
 Quot.sound]
'MagnitudeConjecture.BoundQuiver.StringWord.EndpointWord.targetNumeratorElement' depends on axioms: [propext,
 Classical.choice,
 Quot.sound]
'MagnitudeConjecture.BoundQuiver.StringWord.EndpointWord.targetNumeratorElement_not_mem_denominatorInNumerator' depends on axioms: [propext,
 Classical.choice,
 Quot.sound]
'MagnitudeConjecture.BoundQuiver.StringWord.EndpointWord.targetDetectorClass' depends on axioms: [propext,
 Classical.choice,
 Quot.sound]
'MagnitudeConjecture.BoundQuiver.StringWord.EndpointWord.targetDetectorClass_ne_zero' depends on axioms: [propext,
 Classical.choice,
 Quot.sound]
'MagnitudeConjecture.BoundQuiver.StringWord.EndpointWord.numeratorTargetCoordinate' depends on axioms: [propext,
 Classical.choice,
 Quot.sound]
'MagnitudeConjecture.BoundQuiver.StringWord.EndpointWord.denominatorInNumerator_le_ker_numeratorTargetCoordinate' depends on axioms: [propext,
 Classical.choice,
 Quot.sound]
'MagnitudeConjecture.BoundQuiver.StringWord.EndpointWord.detectorTargetCoordinate' depends on axioms: [propext,
 Classical.choice,
 Quot.sound]
'MagnitudeConjecture.BoundQuiver.StringWord.EndpointWord.detectorTargetCoordinate_targetDetectorClass' depends on axioms: [propext,
 Classical.choice,
 Quot.sound]
'MagnitudeConjecture.BoundQuiver.StringWord.EndpointWord.detectorTargetSection' depends on axioms: [propext,
 Classical.choice,
 Quot.sound]
'MagnitudeConjecture.BoundQuiver.StringWord.EndpointWord.detectorTargetCoordinate_comp_detectorTargetSection' depends on axioms: [propext,
 Classical.choice,
 Quot.sound]
'MagnitudeConjecture.BoundQuiver.StringWord.EndpointWord.detectorTargetCoordinate_surjective' depends on axioms: [propext,
 Classical.choice,
 Quot.sound]
'MagnitudeConjecture.BoundQuiver.StringWord.EndpointWord.detectorTargetCoordinate_injective_iff' depends on axioms: [propext,
 Classical.choice,
 Quot.sound]
'MagnitudeConjecture.BoundQuiver.StringWord.Word.IsCoordinateSubspace' depends on axioms: [propext,
 Classical.choice,
 Quot.sound]
'MagnitudeConjecture.BoundQuiver.StringWord.Word.mem_of_all_coordinateParts_mem' depends on axioms: [propext,
 Classical.choice,
 Quot.sound]
'MagnitudeConjecture.BoundQuiver.StringWord.Word.IsCoordinateSubspace.map_arrowLinearMap' depends on axioms: [propext,
 Classical.choice,
 Quot.sound]
'MagnitudeConjecture.BoundQuiver.StringWord.Word.IsCoordinateSubspace.comap_arrowLinearMap' depends on axioms: [propext,
 Classical.choice,
 Quot.sound]
'MagnitudeConjecture.BoundQuiver.StringWord.Word.signedPathSubspace_coordinatePart' depends on axioms: [propext,
 Classical.choice,
 Quot.sound]
'MagnitudeConjecture.BoundQuiver.StringWord.EndpointWord.detectorNumerator_isCoordinate_rightModule' depends on axioms: [propext,
 Classical.choice,
 Quot.sound]
'MagnitudeConjecture.BoundQuiver.StringWord.EndpointWord.detectorDenominator_isCoordinate_rightModule' depends on axioms: [propext,
 Classical.choice,
 Quot.sound]
'MagnitudeConjecture.BoundQuiver.StringWord.Word.SignedArrowPositionStep' depends on axioms: [propext,
 Classical.choice,
 Quot.sound]
'MagnitudeConjecture.BoundQuiver.StringWord.Word.SignedPathPositionReach' depends on axioms: [propext,
 Classical.choice,
 Quot.sound]
'MagnitudeConjecture.BoundQuiver.StringWord.Word.exists_positionStep_of_single_mem_signedArrowSubspace_not_mem' depends on axioms: [propext,
 Classical.choice,
 Quot.sound]
'MagnitudeConjecture.BoundQuiver.StringWord.Word.exists_positionReach_of_single_mem_signedPathSubspace_not_mem' depends on axioms: [propext,
 Classical.choice,
 Quot.sound]
'MagnitudeConjecture.BoundQuiver.StringWord.Word.morphismCoefficientPosition_eqvGen_of_positionReach' depends on axioms: [propext,
 Classical.choice,
 Quot.sound]
'MagnitudeConjecture.BoundQuiver.StringWord.Word.positionReach_endpointSlope' depends on axioms: [propext,
 Classical.choice,
 Quot.sound]
'MagnitudeConjecture.BoundQuiver.StringWord.Word.signedArrowPositionStep_iff' depends on axioms: [propext,
 Classical.choice,
 Quot.sound]
'MagnitudeConjecture.BoundQuiver.StringWord.Word.SignedArrowPositionStep.index' depends on axioms: [propext,
 Classical.choice,
 Quot.sound]
'MagnitudeConjecture.BoundQuiver.StringWord.Word.positionReach_prefix_eq_of_forward' depends on axioms: [propext,
 Classical.choice,
 Quot.sound]
'MagnitudeConjecture.BoundQuiver.StringWord.Word.positionReach_prefix_eq_of_reverse' depends on axioms: [propext,
 Classical.choice,
 Quot.sound]
'MagnitudeConjecture.BoundQuiver.StringWord.IsReduced.length_eq_zero_of_eq_reverse' depends on axioms: [propext,
 Classical.choice,
 Quot.sound]
'MagnitudeConjecture.BoundQuiver.StringWord.Word.positionReach_self_eq_targetPosition' depends on axioms: [propext,
 Classical.choice,
 Quot.sound]
'MagnitudeConjecture.BoundQuiver.StringWord.EndpointWord.ker_numeratorTargetCoordinate_le_denominator_iff_single' depends on axioms: [propext,
 Classical.choice,
 Quot.sound]
'MagnitudeConjecture.BoundQuiver.StringWord.EndpointWord.detectorTargetCoordinate_injective_iff_single' depends on axioms: [propext,
 Classical.choice,
 Quot.sound]
'MagnitudeConjecture.BoundQuiver.StringWord.EndpointWord.detectorTargetCoordinate_injective' depends on axioms: [propext,
 Classical.choice,
 Quot.sound]
'MagnitudeConjecture.FiniteVectorSpace.finrank_map_eq_mul' depends on axioms: [propext, Classical.choice, Quot.sound]
'MagnitudeConjecture.FiniteVectorSpace.functorEvaluationNatIso' depends on axioms: [propext,
 Classical.choice,
 Quot.sound]
'MagnitudeConjecture.BoundQuiver.StringWord.Word.scalarRightLinearModuleUnitIso' depends on axioms: [propext,
 Classical.choice,
 Quot.sound]
'MagnitudeConjecture.BoundQuiver.StringWord.Word.scalarRightModule_map_pathMap' depends on axioms: [propext,
 Classical.choice,
 Quot.sound]
'MagnitudeConjecture.BoundQuiver.StringWord.DetectorIndex.finrank_finiteDetectorFunctor_finiteStringEmbeddingFunctor_unit' depends on axioms: [propext,
 Classical.choice,
 Quot.sound]
'MagnitudeConjecture.BoundQuiver.StringWord.DetectorIndex.finrank_finiteDetectorEmbeddingFunctor' depends on axioms: [propext,
 Classical.choice,
 Quot.sound]
'MagnitudeConjecture.BoundQuiver.StringWord.DetectorIndex.finiteDetectorEmbeddingFunctorSelfIso' depends on axioms: [propext,
 Classical.choice,
 Quot.sound]
'MagnitudeConjecture.BoundQuiver.StringWord.DetectorIndex.finiteDetectorEmbeddingFunctorZeroIsoOfNe' depends on axioms: [propext,
 Classical.choice,
 Quot.sound]
'MagnitudeConjecture.BoundQuiver.StringWord.DetectorIndex.finiteDetectorEmbeddingFunctor_subsingleton_of_ne' depends on axioms: [propext,
 Classical.choice,
 Quot.sound]
'MagnitudeConjecture.BoundQuiver.StringWord.DetectorIndex.finiteSkeletonLabel_injective' depends on axioms: [propext,
 Classical.choice,
 Quot.sound]
'MagnitudeConjecture.BoundQuiver.StringWord.DetectorIndex.finite_of_finiteIndecomposableSkeleton' depends on axioms: [propext,
 Classical.choice,
 Quot.sound]
'MagnitudeConjecture.BoundQuiver.StringWord.DetectorIndex.finite_word_of_finite_detectorIndex' depends on axioms: [propext,
 Classical.choice,
 Quot.sound]
'MagnitudeConjecture.BoundQuiver.StringWord.DetectorIndex.finite_endpointWord_of_finite_detectorIndex' depends on axioms: [propext,
 Classical.choice,
 Quot.sound]
'MagnitudeConjecture.BoundQuiver.StringWord.DetectorIndex.exists_word_length_bound_of_finite_detectorIndex' depends on axioms: [propext,
 Classical.choice,
 Quot.sound]
'MagnitudeConjecture.BoundQuiver.StringWord.DetectorIndex.natCard_le_skeleton' depends on axioms: [propext,
 Classical.choice,
 Quot.sound]
'MagnitudeConjecture.BoundQuiver.StringWord.EndpointWord.prependIncoming_upperSubspace_le_lowerSubspace' depends on axioms: [propext,
 Classical.choice,
 Quot.sound]
'MagnitudeConjecture.BoundQuiver.StringWord.EndpointWord.upperSubspace_le_prependOutgoingInverse_lowerSubspace' depends on axioms: [propext,
 Classical.choice,
 Quot.sound]
'MagnitudeConjecture.BoundQuiver.StringWord.EndpointWord.exists_parent_extension' depends on axioms: [propext,
 Classical.choice,
 Quot.sound]
'MagnitudeConjecture.BoundQuiver.StringWord.EndpointWord.routeSigns_injective' depends on axioms: [propext,
 Classical.choice,
 Quot.sound]
'MagnitudeConjecture.BoundQuiver.StringWord.EndpointWord.exists_sourcePrefix_of_routeSigns_eq_append' depends on axioms: [propext,
 Classical.choice,
 Quot.sound]
'MagnitudeConjecture.BoundQuiver.StringWord.EndpointWord.upperSubspace_le_lowerSubspace_of_routeSigns_eq_append_false' depends on axioms: [propext,
 Classical.choice,
 Quot.sound]
'MagnitudeConjecture.BoundQuiver.StringWord.EndpointWord.upperSubspace_le_lowerSubspace_of_routeSigns_eq_append_true' depends on axioms: [propext,
 Classical.choice,
 Quot.sound]
'MagnitudeConjecture.BoundQuiver.StringWord.EndpointWord.eq_or_intervals_avoid' depends on axioms: [propext,
 Classical.choice,
 Quot.sound]
'MagnitudeConjecture.BoundQuiver.StringWord.EndpointWord.exists_descendant_mem_upperSubspace_not_mem_lowerSubspace' depends on axioms: [propext,
 Classical.choice,
 Quot.sound]
'MagnitudeConjecture.BoundQuiver.StringWord.EndpointWord.exists_mem_upperSubspace_not_mem_lowerSubspace' depends on axioms: [propext,
 Classical.choice,
 Quot.sound]
'MagnitudeConjecture.BoundQuiver.StringWord.EndpointWord.exists_endpointWord_interval_of_ne_zero' depends on axioms: [propext,
 Classical.choice,
 Quot.sound]
'MagnitudeConjecture.BoundQuiver.StringWord.EndpointWord.cumulativeWordSubspace_castSucc' depends on axioms: [propext,
 Classical.choice,
 Quot.sound]
'MagnitudeConjecture.BoundQuiver.StringWord.EndpointWord.cumulativeWordSubspace_succ' depends on axioms: [propext,
 Classical.choice,
 Quot.sound]
'MagnitudeConjecture.BoundQuiver.StringWord.EndpointWord.cumulativeWordSubspace_last' depends on axioms: [propext,
 Classical.choice,
 Quot.sound]
'MagnitudeConjecture.BoundQuiver.StringWord.EndpointWord.orderedWordFiltration_compatible' depends on axioms: [propext,
 Classical.choice,
 Quot.sound]
'MagnitudeConjecture.BoundQuiver.StringWord.EndpointWord.detectorQuotientMap_comp_detectorRepresentative' depends on axioms: [propext,
 Classical.choice,
 Quot.sound]
'MagnitudeConjecture.BoundQuiver.StringWord.Word.trajectoryTransportMap_surjective' depends on axioms: [propext,
 Classical.choice,
 Quot.sound]
'MagnitudeConjecture.BoundQuiver.StringWord.Word.trajectoryTransportMap_comp_trajectorySection' depends on axioms: [propext,
 Classical.choice,
 Quot.sound]
'MagnitudeConjecture.BoundQuiver.StringWord.modulePathMap_comp' depends on axioms: [propext,
 Classical.choice,
 Quot.sound]
'MagnitudeConjecture.BoundQuiver.StringWord.EndpointWord.moduleArrowMap_coherentDetectorPositionMap_of_arrowStep' depends on axioms: [propext,
 Classical.choice,
 Quot.sound]
'MagnitudeConjecture.BoundQuiver.StringWord.EndpointWord.moduleArrowMap_coherentDetectorPositionMap_eq_zero_of_incomingPath' depends on axioms: [propext,
 Classical.choice,
 Quot.sound]
'MagnitudeConjecture.BoundQuiver.StringWord.EndpointWord.moduleArrowMap_coherentDetectorPositionMap_eq_zero_of_internal_not_arrowStep' depends on axioms: [propext,
 Classical.choice,
 Quot.sound]
'MagnitudeConjecture.BoundQuiver.StringWord.EndpointWord.moduleArrowMap_coherentDetectorPositionMap_source_eq_zero' depends on axioms: [propext,
 Classical.choice,
 Quot.sound]
'MagnitudeConjecture.BoundQuiver.StringWord.EndpointWord.moduleArrowMap_coherentDetectorPositionMap_target_eq_zero' depends on axioms: [propext,
 Classical.choice,
 Quot.sound]
'MagnitudeConjecture.BoundQuiver.StringWord.EndpointWord.moduleArrowMap_coherentDetectorPositionMap_source_eq_zero_of_not_arrowStep' depends on axioms: [propext,
 Classical.choice,
 Quot.sound]
'MagnitudeConjecture.BoundQuiver.StringWord.EndpointWord.moduleArrowMap_coherentDetectorPositionMap_target_eq_zero_of_not_arrowStep' depends on axioms: [propext,
 Classical.choice,
 Quot.sound]
'MagnitudeConjecture.BoundQuiver.StringWord.EndpointWord.moduleArrowMap_coherentDetectorPositionMap_eq_zero_of_not_arrowStep' depends on axioms: [propext,
 Classical.choice,
 Quot.sound]
'MagnitudeConjecture.BoundQuiver.StringWord.EndpointWord.coherentDetectorTensorMap_arrow_naturality' depends on axioms: [propext,
 Classical.choice,
 Quot.sound]
'MagnitudeConjecture.BoundQuiver.StringWord.EndpointWord.coherentDetectorTensorMap_path_naturality' depends on axioms: [propext,
 Classical.choice,
 Quot.sound]
'MagnitudeConjecture.BoundQuiver.StringWord.EndpointWord.coherentDetectorModuleMap' depends on axioms: [propext,
 Classical.choice,
 Quot.sound]
'MagnitudeConjecture.BoundQuiver.StringWord.EndpointWord.coherentDetectorEvaluation' depends on axioms: [propext,
 Classical.choice,
 Quot.sound]
'MagnitudeConjecture.BoundQuiver.StringWord.EndpointWord.detectorLinearMap_coefficientRightModuleMap_comp_evaluation' depends on axioms: [propext,
 Classical.choice,
 Quot.sound]
'MagnitudeConjecture.BoundQuiver.StringWord.EndpointWord.detectorLinearMap_coherentDetectorModuleMap_surjective' depends on axioms: [propext,
 Classical.choice,
 Quot.sound]
'MagnitudeConjecture.BoundQuiver.StringWord.EndpointWord.coherentFiniteDetectorEvaluation' depends on axioms: [propext,
 Classical.choice,
 Quot.sound]
'MagnitudeConjecture.BoundQuiver.StringWord.DetectorIndex.isIso_finiteDetectorFunctor_map_coherentFiniteDetectorEvaluation' depends on axioms: [propext,
 Classical.choice,
 Quot.sound]
'MagnitudeConjecture.FiniteVectorSpace.finrank_biproduct_sameUniverse' depends on axioms: [propext,
 Classical.choice,
 Quot.sound]
'MagnitudeConjecture.BoundQuiver.StringWord.DetectorIndex.reconstructionEvaluation' depends on axioms: [propext,
 Classical.choice,
 Quot.sound]
'MagnitudeConjecture.BoundQuiver.StringWord.DetectorIndex.finiteDetectorFunctor_map_reconstructionEvaluation_surjective' depends on axioms: [propext,
 Classical.choice,
 Quot.sound]
'MagnitudeConjecture.BoundQuiver.StringWord.DetectorIndex.finrank_finiteDetectorFunctor_reconstructionSource' depends on axioms: [propext,
 Classical.choice,
 Quot.sound]
'MagnitudeConjecture.BoundQuiver.StringWord.DetectorIndex.isIso_finiteDetectorFunctor_map_reconstructionEvaluation' depends on axioms: [propext,
 Classical.choice,
 Quot.sound]
'MagnitudeConjecture.LinearAlgebra.PairSubquotient.quotientEquiv' depends on axioms: [propext,
 Classical.choice,
 Quot.sound]
'MagnitudeConjecture.LinearAlgebra.PairSubquotient.quotientEquivSwapped' depends on axioms: [propext,
 Classical.choice,
 Quot.sound]
'MagnitudeConjecture.LinearAlgebra.PairSubquotient.quotientEquivIdentified' depends on axioms: [propext,
 Classical.choice,
 Quot.sound]
'MagnitudeConjecture.LinearAlgebra.PairSubquotient.quotientEquivSwappedIdentified' depends on axioms: [propext,
 Classical.choice,
 Quot.sound]
'MagnitudeConjecture.BoundQuiver.StringWord.EndpointWord.pairDetectorFunctor' depends on axioms: [propext,
 Classical.choice,
 Quot.sound]
'MagnitudeConjecture.BoundQuiver.StringWord.EndpointWord.pairDetectorLinearMap_oppositeVertex' depends on axioms: [propext,
 Classical.choice,
 Quot.sound]
'MagnitudeConjecture.BoundQuiver.StringWord.EndpointWord.pairDetectorGridEquiv' depends on axioms: [propext,
 Classical.choice,
 Quot.sound]
'MagnitudeConjecture.BoundQuiver.StringWord.EndpointWord.pairGridDetectorEquiv_naturality' depends on axioms: [propext,
 Classical.choice,
 Quot.sound]
'MagnitudeConjecture.BoundQuiver.StringWord.EndpointWord.exists_pairGrid_interval_of_ne_zero' depends on axioms: [propext,
 Classical.choice,
 Quot.sound]
'MagnitudeConjecture.BoundQuiver.StringWord.EndpointWord.cumulativeGridSubspace_castSucc' depends on axioms: [propext,
 Classical.choice,
 Quot.sound]
'MagnitudeConjecture.BoundQuiver.StringWord.EndpointWord.cumulativeGridSubspace_succ' depends on axioms: [propext,
 Classical.choice,
 Quot.sound]
'MagnitudeConjecture.BoundQuiver.StringWord.EndpointWord.cumulativeGridSubspace_last' depends on axioms: [propext,
 Classical.choice,
 Quot.sound]
'MagnitudeConjecture.BoundQuiver.StringWord.EndpointWord.orderedGridFiltration_compatible' depends on axioms: [propext,
 Classical.choice,
 Quot.sound]
'MagnitudeConjecture.BoundQuiver.StringWord.EndpointWord.pairPath_isReduced' depends on axioms: [propext,
 Classical.choice,
 Quot.sound]
'MagnitudeConjecture.BoundQuiver.StringWord.EndpointWord.upperSubspace_le_lowerSubspace_of_not_avoids_join' depends on axioms: [propext,
 Classical.choice,
 Quot.sound]
'MagnitudeConjecture.BoundQuiver.StringWord.EndpointWord.wholeSubspace_le_zeroSubspace_sup_lowerSubspace_of_not_avoids_join' depends on axioms: [propext,
 Classical.choice,
 Quot.sound]
'MagnitudeConjecture.BoundQuiver.StringWord.EndpointWord.upperSubspace_le_zeroSubspace_of_not_avoids_join' depends on axioms: [propext,
 Classical.choice,
 Quot.sound]
'MagnitudeConjecture.BoundQuiver.StringWord.EndpointWord.signedPathSubspace_map_top_eq_zeroSubspace_of_not_avoids_prepend' depends on axioms: [propext,
 Classical.choice,
 Quot.sound]
'MagnitudeConjecture.BoundQuiver.StringWord.EndpointWord.signedPathSubspace_comap_bot_eq_wholeSubspace_of_not_avoids_reverse_prepend' depends on axioms: [propext,
 Classical.choice,
 Quot.sound]
'MagnitudeConjecture.BoundQuiver.StringWord.EndpointWord.lowerSubspace_eq_sourceVertexBoundaryTransport' depends on axioms: [propext,
 Classical.choice,
 Quot.sound]
'MagnitudeConjecture.BoundQuiver.StringWord.EndpointWord.upperSubspace_eq_sourceVertexBoundaryTransport' depends on axioms: [propext,
 Classical.choice,
 Quot.sound]
'MagnitudeConjecture.BoundQuiver.StringWord.EndpointWord.pairGridLower_eq_pairGridUpper_of_not_isString' depends on axioms: [propext,
 Classical.choice,
 Quot.sound]
'MagnitudeConjecture.BoundQuiver.StringWord.EndpointWord.pairGridSpace_subsingleton_of_not_isString' depends on axioms: [propext,
 Classical.choice,
 Quot.sound]
'MagnitudeConjecture.BoundQuiver.StringWord.EndpointWord.splitDetectorSpacePositiveStepEquiv' depends on axioms: [propext,
 Classical.choice,
 Quot.sound]
'MagnitudeConjecture.BoundQuiver.StringWord.EndpointWord.splitDetectorSpaceNegativeStepEquiv' depends on axioms: [propext,
 Classical.choice,
 Quot.sound]
'MagnitudeConjecture.BoundQuiver.StringWord.EndpointWord.splitDetectorSpaceTargetEquiv' depends on axioms: [propext,
 Classical.choice,
 Quot.sound]
'MagnitudeConjecture.BoundQuiver.StringWord.Word.Split.nonempty_walk_to_target' depends on axioms: [propext,
 Classical.choice,
 Quot.sound]
'MagnitudeConjecture.BoundQuiver.StringWord.EndpointWord.splitDetectorLinearMap_walk' depends on axioms: [propext,
 Classical.choice,
 Quot.sound]
'MagnitudeConjecture.BoundQuiver.StringWord.EndpointWord.splitDetectorSpacePositionEquiv' depends on axioms: [propext,
 Classical.choice,
 Quot.sound]
'MagnitudeConjecture.BoundQuiver.StringWord.EndpointWord.splitDetectorLinearMap_position' depends on axioms: [propext,
 Classical.choice,
 Quot.sound]
'MagnitudeConjecture.LinearAlgebra.FiniteFiltration.Filtration.map_bijective_of_gradedMap_bijective' depends on axioms: [propext,
 Classical.choice,
 Quot.sound]
'MagnitudeConjecture.BoundQuiver.StringWord.EndpointWord.pairDetectorCompleteWordEquiv_naturality' depends on axioms: [propext,
 Classical.choice,
 Quot.sound]
'MagnitudeConjecture.BoundQuiver.StringWord.EndpointWord.pairDetectorLinearMap_bijective' depends on axioms: [propext,
 Classical.choice,
 Quot.sound]
'MagnitudeConjecture.BoundQuiver.StringWord.EndpointWord.orderedGridFiltration_gradedMap_bijective' depends on axioms: [propext,
 Classical.choice,
 Quot.sound]
'MagnitudeConjecture.BoundQuiver.StringWord.EndpointWord.detectorReversePairEquiv_naturality' depends on axioms: [propext,
 Classical.choice,
 Quot.sound]
'MagnitudeConjecture.BoundQuiver.StringWord.EndpointWord.detectorLinearMap_bijective_of_detectorIndex' depends on axioms: [propext,
 Classical.choice,
 Quot.sound]
'MagnitudeConjecture.BoundQuiver.StringWord.EndpointWord.isIso_of_detectorIndexLinearMap_bijective' depends on axioms: [propext,
 Classical.choice,
 Quot.sound]
'MagnitudeConjecture.BoundQuiver.StringWord.DetectorIndex.isIso_of_finiteDetectorFunctor_map' depends on axioms: [propext,
 Classical.choice,
 Quot.sound]
'MagnitudeConjecture.BoundQuiver.StringWord.DetectorIndex.isIso_reconstructionEvaluation' depends on axioms: [propext,
 Classical.choice,
 Quot.sound]
'MagnitudeConjecture.BoundQuiver.StringWord.DetectorIndex.reconstructionMultiplicity' depends on axioms: [propext,
 Classical.choice,
 Quot.sound]
'MagnitudeConjecture.BoundQuiver.StringWord.DetectorIndex.ReconstructionCopyIndex' depends on axioms: [propext,
 Classical.choice,
 Quot.sound]
'MagnitudeConjecture.BoundQuiver.StringWord.DetectorIndex.reconstructionCopyEquiv' depends on axioms: [propext,
 Classical.choice,
 Quot.sound]
'MagnitudeConjecture.BoundQuiver.StringWord.DetectorIndex.reconstructionWord' depends on axioms: [propext,
 Classical.choice,
 Quot.sound]
'MagnitudeConjecture.BoundQuiver.StringWord.DetectorIndex.reconstructionSummandIsoBiproduct' depends on axioms: [propext,
 Classical.choice,
 Quot.sound]
'MagnitudeConjecture.BoundQuiver.StringWord.DetectorIndex.reconstructionSourceIsoFiniteStringBiproduct' depends on axioms: [propext,
 Classical.choice,
 Quot.sound]
'MagnitudeConjecture.BoundQuiver.StringWord.DetectorIndex.reconstructionIsoFiniteStringBiproduct' depends on axioms: [propext,
 Classical.choice,
 Quot.sound]
'MagnitudeConjecture.BoundQuiver.StringWord.DetectorIndex.everyFiniteModuleIsFiniteStringSum' depends on axioms: [propext,
 Classical.choice,
 Quot.sound]
'MagnitudeConjecture.BoundQuiver.StringWord.DetectorIndex.finiteSkeletonLabel_surjective' depends on axioms: [propext,
 Classical.choice,
 Quot.sound]
'MagnitudeConjecture.BoundQuiver.StringWord.DetectorIndex.finiteSkeletonEquiv' depends on axioms: [propext,
 Classical.choice,
 Quot.sound]
'MagnitudeConjecture.BoundQuiver.StringWord.DetectorIndex.detectorIndexOfFiniteSkeletonLabel' depends on axioms: [propext,
 Classical.choice,
 Quot.sound]
'MagnitudeConjecture.BoundQuiver.StringWord.DetectorIndex.finiteSkeletonLabel_detectorIndexOfFiniteSkeletonLabel' depends on axioms: [propext,
 Classical.choice,
 Quot.sound]
'MagnitudeConjecture.BoundQuiver.StringWord.DetectorIndex.finiteSkeletonStringIso' depends on axioms: [propext,
 Classical.choice,
 Quot.sound]
'MagnitudeConjecture.CoveringHom.reverseFiniteCoefficientDual' depends on axioms: [propext,
 Classical.choice,
 Quot.sound]
'MagnitudeConjecture.CoveringHom.finiteCoefficientDualReverseIso' depends on axioms: [propext,
 Classical.choice,
 Quot.sound]
'MagnitudeConjecture.CoveringHom.reverseFiniteCoefficientDual_injective_iff_projective' depends on axioms: [propext,
 Classical.choice,
 Quot.sound]
'MagnitudeConjecture.CoveringHom.reverseFiniteCoefficientDual_projective_iff_injective' depends on axioms: [propext,
 Classical.choice,
 Quot.sound]
'MagnitudeConjecture.CoveringHom.FiniteDimensionalModuleIndecomposableSkeleton.coefficientDual' depends on axioms: [propext,
 Classical.choice,
 Quot.sound]
'MagnitudeConjecture.BoundQuiver.StringPresentation.finiteCategoryModuleIndecomposableSkeleton' depends on axioms: [propext,
 Classical.choice,
 Quot.sound]
'MagnitudeConjecture.BoundQuiver.StringPresentation.finiteCategoryModuleIndecomposableSkeletonObjIso' depends on axioms: [propext,
 Classical.choice,
 Quot.sound]
'MagnitudeConjecture.BoundQuiver.StringPresentation.finiteCategoryDualModuleIndecomposableSkeleton' depends on axioms: [propext,
 Classical.choice,
 Quot.sound]
'MagnitudeConjecture.BoundQuiver.StringPresentation.algebraSkeletonDetectorIndex' depends on axioms: [propext,
 Classical.choice,
 Quot.sound]
'MagnitudeConjecture.BoundQuiver.StringPresentation.representedAlgebraSkeletonStringDualIso' depends on axioms: [propext,
 Classical.choice,
 Quot.sound]
'MagnitudeConjecture.BoundQuiver.StringPresentation.algebraSkeletonObj_injective_iff_literalString_projective' depends on axioms: [propext,
 Classical.choice,
 Quot.sound]
'MagnitudeConjecture.BoundQuiver.StringPresentation.algebraSkeletonObj_injective_of_overlappingCohookDeletions' depends on axioms: [propext,
 Classical.choice,
 Quot.sound]
'MagnitudeConjecture.BoundQuiver.StringWord.Word.HookExtension.finiteModuleMap_isIrreducible' depends on axioms: [propext,
 Classical.choice,
 Quot.sound]
'MagnitudeConjecture.BoundQuiver.StringWord.Word.CohookExtension.finiteModuleMap_isIrreducible' depends on axioms: [propext,
 Classical.choice,
 Quot.sound]
'MagnitudeConjecture.BoundQuiver.StringWord.Word.LeftHookExtension.finiteModuleMap_isIrreducible' depends on axioms: [propext,
 Classical.choice,
 Quot.sound]
'MagnitudeConjecture.BoundQuiver.StringWord.Word.LeftCohookExtension.finiteModuleMap_isIrreducible' depends on axioms: [propext,
 Classical.choice,
 Quot.sound]
'MagnitudeConjecture.BoundQuiver.StringWord.Word.HookExtension.finiteModuleMap_isIrreducible_of_finiteIndecomposableSkeleton' depends on axioms: [propext,
 Classical.choice,
 Quot.sound]
'MagnitudeConjecture.BoundQuiver.StringWord.Word.CohookExtension.finiteModuleMap_isIrreducible_of_finiteIndecomposableSkeleton' depends on axioms: [propext,
 Classical.choice,
 Quot.sound]
'MagnitudeConjecture.BoundQuiver.StringWord.Word.LeftHookExtension.finiteModuleMap_isIrreducible_of_finiteIndecomposableSkeleton' depends on axioms: [propext,
 Classical.choice,
 Quot.sound]
'MagnitudeConjecture.BoundQuiver.StringWord.Word.LeftCohookExtension.finiteModuleMap_isIrreducible_of_finiteIndecomposableSkeleton' depends on axioms: [propext,
 Classical.choice,
 Quot.sound]
'MagnitudeConjecture.CategoryTheory.isIrreducibleMorphism_biprod_lift' depends on axioms: [propext,
 Classical.choice,
 Quot.sound]
'MagnitudeConjecture.CategoryTheory.isIrreducibleMorphism_biprod_desc' depends on axioms: [propext,
 Classical.choice,
 Quot.sound]
'MagnitudeConjecture.CategoryTheory.exists_scalar_sub_isRadicalMorphism_of_algClosed' depends on axioms: [propext,
 Classical.choice,
 Quot.sound]
'MagnitudeConjecture.CategoryTheory.isIrreducibleMorphism_biprod_lift_repeated' depends on axioms: [propext,
 Classical.choice,
 Quot.sound]
'MagnitudeConjecture.CategoryTheory.isIrreducibleMorphism_biprod_lift_repeated_symm' depends on axioms: [propext,
 Classical.choice,
 Quot.sound]
'MagnitudeConjecture.CategoryTheory.isIrreducibleMorphism_biprod_desc_repeated' depends on axioms: [propext,
 Classical.choice,
 Quot.sound]
'MagnitudeConjecture.CategoryTheory.isIrreducibleMorphism_biprod_desc_repeated_symm' depends on axioms: [propext,
 Classical.choice,
 Quot.sound]
'MagnitudeConjecture.CategoryTheory.isIrreducibleMorphism_biprod_lift_isomorphic' depends on axioms: [propext,
 Classical.choice,
 Quot.sound]
'MagnitudeConjecture.CategoryTheory.isIrreducibleMorphism_biprod_desc_isomorphic' depends on axioms: [propext,
 Classical.choice,
 Quot.sound]
'MagnitudeConjecture.CategoryTheory.isIrreducibleMorphism_neg' depends on axioms: [propext, Classical.choice]
'MagnitudeConjecture.CategoryTheory.isIrreducibleMorphism_ne_zero' depends on axioms: [propext,
 Classical.choice,
 Quot.sound]
'MagnitudeConjecture.CategoryTheory.ShortComplex.shortExact_of_exact_of_irreducible' depends on axioms: [propext,
 Classical.choice,
 Quot.sound]
'MagnitudeConjecture.BoundQuiver.StringWord.Word.finiteRightModule_isRadicalMorphism_of_not_iso' depends on axioms: [propext,
 Classical.choice,
 Quot.sound]
'MagnitudeConjecture.BoundQuiver.StringWord.Word.isIrreducibleMorphism_finiteRightModule_biprod_lift_of_not_iso' depends on axioms: [propext,
 Classical.choice,
 Quot.sound]
'MagnitudeConjecture.BoundQuiver.StringWord.Word.isIrreducibleMorphism_finiteRightModule_biprod_desc_of_not_iso' depends on axioms: [propext,
 Classical.choice,
 Quot.sound]
'MagnitudeConjecture.BoundQuiver.StringWord.Word.isIrreducibleMorphism_finiteRightModule_biprod_lift_repeated' depends on axioms: [propext,
 Classical.choice,
 Quot.sound]
'MagnitudeConjecture.BoundQuiver.StringWord.Word.isIrreducibleMorphism_finiteRightModule_biprod_lift_repeated_symm' depends on axioms: [propext,
 Classical.choice,
 Quot.sound]
'MagnitudeConjecture.BoundQuiver.StringWord.Word.isIrreducibleMorphism_finiteRightModule_biprod_desc_repeated' depends on axioms: [propext,
 Classical.choice,
 Quot.sound]
'MagnitudeConjecture.BoundQuiver.StringWord.Word.isIrreducibleMorphism_finiteRightModule_biprod_desc_repeated_symm' depends on axioms: [propext,
 Classical.choice,
 Quot.sound]
'MagnitudeConjecture.BoundQuiver.StringWord.Word.isIrreducibleMorphism_finiteRightModule_biprod_lift_isomorphic' depends on axioms: [propext,
 Classical.choice,
 Quot.sound]
'MagnitudeConjecture.BoundQuiver.StringWord.Word.isIrreducibleMorphism_finiteRightModule_biprod_desc_isomorphic' depends on axioms: [propext,
 Classical.choice,
 Quot.sound]
'MagnitudeConjecture.BoundQuiver.StringWord.Word.isIrreducibleMorphism_finiteRightModule_biprod_desc_isomorphic_symm' depends on axioms: [propext,
 Classical.choice,
 Quot.sound]
'MagnitudeConjecture.BoundQuiver.StringWord.Word.LeftHookExtension.moduleMap_ne_rightHook_moduleMap' depends on axioms: [propext,
 Classical.choice,
 Quot.sound]
'MagnitudeConjecture.BoundQuiver.StringWord.Word.LeftHookExtension.morphismCoefficientAt_moduleMap_rightHookComponent_eq_zero' depends on axioms: [propext,
 Classical.choice,
 Quot.sound]
'MagnitudeConjecture.BoundQuiver.StringWord.Word.HookExtension.finiteModuleMap_sub_smul_isIrreducible_of_coefficient_eq_zero' depends on axioms: [propext,
 Classical.choice,
 Quot.sound]
'MagnitudeConjecture.BoundQuiver.StringWord.Word.CohookExtension.finiteModuleMap_sub_smul_isIrreducible_of_coefficient_eq_zero' depends on axioms: [propext,
 Classical.choice,
 Quot.sound]
'MagnitudeConjecture.BoundQuiver.StringWord.Word.LeftCohookExtension.moduleMap_ne_rightCohook_moduleMap' depends on axioms: [propext,
 Classical.choice,
 Quot.sound]
'MagnitudeConjecture.BoundQuiver.StringWord.Word.LeftCohookExtension.morphismCoefficientAt_moduleMap_rightCohookComponent_eq_zero' depends on axioms: [propext,
 Classical.choice,
 Quot.sound]
'MagnitudeConjecture.BoundQuiver.StringWord.Word.finiteReverseRightModuleIso' depends on axioms: [propext,
 Classical.choice,
 Quot.sound]
'MagnitudeConjecture.BoundQuiver.StringWord.DetectorIndex.eq_or_eq_reverse_of_finiteRightModule_iso' depends on axioms: [propext,
 Classical.choice,
 Quot.sound]
'MagnitudeConjecture.BoundQuiver.StringWord.Word.length_eq_zero_of_leftHook_result_eq_reverse_rightHook_result' depends on axioms: [propext,
 Classical.choice,
 Quot.sound]
'MagnitudeConjecture.BoundQuiver.StringWord.Word.leftHook_result_ne_reverse_rightHook_result_of_twoHookPath_isString' depends on axioms: [propext,
 Classical.choice,
 Quot.sound]
'MagnitudeConjecture.BoundQuiver.StringWord.Word.leftHook_result_eq_of_finiteRightModule_iso_of_twoHookPath_isString' depends on axioms: [propext,
 Classical.choice,
 Quot.sound]
'MagnitudeConjecture.BoundQuiver.StringWord.Word.length_eq_zero_and_boundaryLetter_eq_of_leftCohook_result_eq_reverse_rightCohook_result' depends on axioms: [propext,
 Classical.choice,
 Quot.sound]
'MagnitudeConjecture.BoundQuiver.StringWord.Word.leftCohook_result_ne_reverse_rightCohook_result_of_twoCohookReversePath_isString' depends on axioms: [propext,
 Classical.choice,
 Quot.sound]
'MagnitudeConjecture.BoundQuiver.StringWord.Word.leftCohook_result_eq_of_finiteRightModule_iso_of_twoCohookReversePath_isString' depends on axioms: [propext,
 Classical.choice,
 Quot.sound]
'MagnitudeConjecture.BoundQuiver.StringWord.Word.NegativeExtension.rebaseNegative' depends on axioms: [propext,
 Classical.choice,
 Quot.sound]
'MagnitudeConjecture.BoundQuiver.StringWord.Word.twoHookRightCornerHook' depends on axioms: [propext,
 Classical.choice,
 Quot.sound]
'MagnitudeConjecture.BoundQuiver.StringWord.Word.twoHookLeftCornerHook' depends on axioms: [propext,
 Classical.choice,
 Quot.sound]
'MagnitudeConjecture.BoundQuiver.StringWord.Word.twoHookMaximalSquare' depends on axioms: [propext,
 Classical.choice,
 Quot.sound]
'MagnitudeConjecture.BoundQuiver.StringWord.Word.twoHookMaximalFiniteShortComplex_f_isIrreducible_of_not_iso' depends on axioms: [propext,
 Classical.choice,
 Quot.sound]
'MagnitudeConjecture.BoundQuiver.StringWord.Word.twoHookMaximalFiniteShortComplex_g_isIrreducible_of_not_iso' depends on axioms: [propext,
 Classical.choice,
 Quot.sound]
'MagnitudeConjecture.BoundQuiver.StringWord.Word.twoHookMaximalFiniteShortComplex_shortExact_of_not_iso' depends on axioms: [propext,
 Classical.choice,
 Quot.sound]
'MagnitudeConjecture.BoundQuiver.StringWord.Word.twoHookMaximalFiniteShortComplex_f_isIrreducible_of_eq' depends on axioms: [propext,
 Classical.choice,
 Quot.sound]
'MagnitudeConjecture.BoundQuiver.StringWord.Word.twoHookMaximalFiniteShortComplex_g_isIrreducible_of_eq' depends on axioms: [propext,
 Classical.choice,
 Quot.sound]
'MagnitudeConjecture.BoundQuiver.StringWord.Word.twoHookMaximalFiniteShortComplex_shortExact_of_eq' depends on axioms: [propext,
 Classical.choice,
 Quot.sound]
'MagnitudeConjecture.BoundQuiver.StringWord.Word.twoHookMaximalFiniteShortComplex_shortExact' depends on axioms: [propext,
 Classical.choice,
 Quot.sound]
'MagnitudeConjecture.BoundQuiver.StringWord.Word.twoHookMaximalFiniteShortComplex_f_isIrreducible' depends on axioms: [propext,
 Classical.choice,
 Quot.sound]
'MagnitudeConjecture.BoundQuiver.StringWord.Word.twoHookMaximalFiniteShortComplex_g_isIrreducible' depends on axioms: [propext,
 Classical.choice,
 Quot.sound]
'MagnitudeConjecture.BoundQuiver.StringPresentation.twoHookMaximalFiniteShortComplex_isRightAlmostSplit' depends on axioms: [propext,
 Classical.choice,
 Quot.sound]
'MagnitudeConjecture.BoundQuiver.StringPresentation.purePositiveLeftHookResultPeakFiniteShortComplex_isRightAlmostSplit' depends on axioms: [propext,
 Classical.choice,
 Quot.sound]
'MagnitudeConjecture.BoundQuiver.StringWord.Word.LeftHookExtension.purePositiveFiniteShortComplex_shortExact' depends on axioms: [propext,
 Classical.choice,
 Quot.sound]
'MagnitudeConjecture.BoundQuiver.StringWord.Word.LeftHookExtension.purePositiveFiniteShortComplex_f_isIrreducible' depends on axioms: [propext,
 Classical.choice,
 Quot.sound]
'MagnitudeConjecture.BoundQuiver.StringWord.Word.LeftHookExtension.purePositiveFiniteShortComplex_g_isIrreducible' depends on axioms: [propext,
 Classical.choice,
 Quot.sound]
'MagnitudeConjecture.BoundQuiver.StringPresentation.purePositiveLeftHookFiniteShortComplex_isRightAlmostSplit' depends on axioms: [propext,
 Classical.choice,
 Quot.sound]
'MagnitudeConjecture.BoundQuiver.StringPresentation.pureNegativeRightHookReverseFiniteMap_isRightAlmostSplit' depends on axioms: [propext,
 Classical.choice,
 Quot.sound]
'MagnitudeConjecture.BoundQuiver.StringWord.Word.exists_finiteRightAlmostSplitDecompositionBound_two_of_not_projective' depends on axioms: [propext,
 Classical.choice,
 Quot.sound]
'MagnitudeConjecture.BoundQuiver.StringPresentation.rightMiddleArity_le_two_of_not_projective' depends on axioms: [propext,
 Classical.choice,
 Quot.sound]
'MagnitudeConjecture.BoundQuiver.StringPresentation.rightMiddleArity_le_two_of_projective' depends on axioms: [propext,
 Classical.choice,
 Quot.sound]
'MagnitudeConjecture.BoundQuiver.StringWord.Word.HookExtension.rebasedPath_startsInDeep' depends on axioms: [propext,
 Classical.choice,
 Quot.sound]
'MagnitudeConjecture.BoundQuiver.StringWord.Word.CohookExtension.rebasedPath_startsOnPeak' depends on axioms: [propext,
 Classical.choice,
 Quot.sound]
'MagnitudeConjecture.BoundQuiver.StringWord.Word.mixedMaximalSquare' depends on axioms: [propext,
 Classical.choice,
 Quot.sound]
'MagnitudeConjecture.BoundQuiver.StringWord.Word.mixedMaximalFiniteShortComplex_shortExact_of_not_iso' depends on axioms: [propext,
 Classical.choice,
 Quot.sound]
'MagnitudeConjecture.BoundQuiver.StringWord.Word.not_nonempty_finiteRightModule_iso_of_leftCohook_rightHook' depends on axioms: [propext,
 Classical.choice,
 Quot.sound]
'MagnitudeConjecture.BoundQuiver.StringWord.Word.mixedMaximalFiniteShortComplex_shortExact' depends on axioms: [propext,
 Classical.choice,
 Quot.sound]
'MagnitudeConjecture.BoundQuiver.StringWord.Word.leftCohookDeletionRightHookMaximalFiniteShortComplex_shortExact' depends on axioms: [propext,
 Classical.choice,
 Quot.sound]
'MagnitudeConjecture.BoundQuiver.StringWord.Word.doubleCohookMaximalSquare' depends on axioms: [propext,
 Classical.choice,
 Quot.sound]
'MagnitudeConjecture.BoundQuiver.StringWord.Word.doubleCohookMaximalFiniteShortComplex_shortExact_of_not_iso' depends on axioms: [propext,
 Classical.choice,
 Quot.sound]
'MagnitudeConjecture.BoundQuiver.StringWord.Word.doubleCohookMaximalFiniteShortComplex_shortExact_of_eq' depends on axioms: [propext,
 Classical.choice,
 Quot.sound]
'MagnitudeConjecture.BoundQuiver.StringWord.Word.leftCohook_result_ne_reverse_doubleCohookRight_result' depends on axioms: [propext,
 Classical.choice,
 Quot.sound]
'MagnitudeConjecture.BoundQuiver.StringWord.Word.doubleCohookMaximalFiniteShortComplex_shortExact' depends on axioms: [propext,
 Classical.choice,
 Quot.sound]
'MagnitudeConjecture.BoundQuiver.StringWord.Word.doubleCohookDeletionMaximalFiniteShortComplex_shortExact' depends on axioms: [propext,
 Classical.choice,
 Quot.sound]
'MagnitudeConjecture.BoundQuiver.StringWord.Word.PositiveExtension.toRightExtension_suffixPath_eq_positivePath' depends on axioms: [propext,
 Classical.choice,
 Quot.sound]
'MagnitudeConjecture.BoundQuiver.StringWord.Word.exists_leftCohookDeletion_after_right_of_steps_add_le' depends on axioms: [propext,
 Classical.choice,
 Quot.sound]
'MagnitudeConjecture.BoundQuiver.StringWord.Word.LeftCohookDeletion.signedPathSigns_eq_base' depends on axioms: [propext,
 Classical.choice,
 Quot.sound]
'MagnitudeConjecture.BoundQuiver.StringWord.Word.overlappingCohookDeletion_rigidity' depends on axioms: [propext,
 Classical.choice,
 Quot.sound]
'MagnitudeConjecture.BoundQuiver.StringWord.Word.overlappingCohookDeletion_residual_signs' depends on axioms: [propext,
 Classical.choice,
 Quot.sound]
'MagnitudeConjecture.BoundQuiver.StringWord.Word.exists_peak_path_decomposition_of_overlappingCohookDeletions' depends on axioms: [propext,
 Classical.choice,
 Quot.sound]
'MagnitudeConjecture.BoundQuiver.StringWord.Word.cohookDeletion_overlap_iff_steps_add_eq_length_add_two' depends on axioms: [propext,
 Classical.choice,
 Quot.sound]
'MagnitudeConjecture.BoundQuiver.StringWord.Word.cohookDeletion_nesting_or_overlap' depends on axioms: [propext,
 Classical.choice,
 Quot.sound]
'MagnitudeConjecture.BoundQuiver.StringWord.Word.leftCohookDeletionRightHookMaximalFiniteShortComplex_f_isIrreducible' depends on axioms: [propext,
 Classical.choice,
 Quot.sound]
'MagnitudeConjecture.BoundQuiver.StringWord.Word.leftCohookDeletionRightHookMaximalFiniteShortComplex_g_isIrreducible' depends on axioms: [propext,
 Classical.choice,
 Quot.sound]
'MagnitudeConjecture.BoundQuiver.StringPresentation.leftCohookDeletionRightHookMaximalFiniteShortComplex_isRightAlmostSplit' depends on axioms: [propext,
 Classical.choice,
 Quot.sound]
'MagnitudeConjecture.BoundQuiver.StringPresentation.rightCohookDeletionLeftHookReverseMaximalFiniteShortComplex_isRightAlmostSplit' depends on axioms: [propext,
 Classical.choice,
 Quot.sound]
'MagnitudeConjecture.BoundQuiver.StringWord.Word.doubleCohookDeletionMaximalFiniteShortComplex_f_isIrreducible' depends on axioms: [propext,
 Classical.choice,
 Quot.sound]
'MagnitudeConjecture.BoundQuiver.StringWord.Word.doubleCohookDeletionMaximalFiniteShortComplex_g_isIrreducible' depends on axioms: [propext,
 Classical.choice,
 Quot.sound]
'MagnitudeConjecture.BoundQuiver.StringPresentation.doubleCohookDeletionMaximalFiniteShortComplex_isRightAlmostSplit' depends on axioms: [propext,
 Classical.choice,
 Quot.sound]
'MagnitudeConjecture.BoundQuiver.StringPresentation.exists_doubleCohookDeletion_rightAlmostSplit_of_steps_add_le' depends on axioms: [propext,
 Classical.choice,
 Quot.sound]
'MagnitudeConjecture.BoundQuiver.StringPresentation.doubleCohookDeletion_rightAlmostSplit_or_overlap' depends on axioms: [propext,
 Classical.choice,
 Quot.sound]
'MagnitudeConjecture.BoundQuiver.StringWord.EndpointWord.detectorTargetEquiv' depends on axioms: [propext,
 Classical.choice,
 Quot.sound]
'MagnitudeConjecture.BoundQuiver.StringWord.EndpointWord.finrank_detectorSpace_rightModule_self' depends on axioms: [propext,
 Classical.choice,
 Quot.sound]
'MagnitudeConjecture.BoundQuiver.StringWord.EndpointWord.word_eq_or_eq_reverse_of_single_mem_detectorNumerator_not_denominator' depends on axioms: [propext,
 Classical.choice,
 Quot.sound]
'MagnitudeConjecture.BoundQuiver.StringWord.EndpointWord.detectorDenominator_eq_detectorNumerator_of_not_inverseEquivalent' depends on axioms: [propext,
 Classical.choice,
 Quot.sound]
'MagnitudeConjecture.BoundQuiver.StringWord.EndpointWord.finrank_detectorSpace_rightModule_eq_zero_of_not_inverseEquivalent' depends on axioms: [propext,
 Classical.choice,
 Quot.sound]
'MagnitudeConjecture.BoundQuiver.StringWord.DetectorIndex.finrank_detectorSpace_rightModule_endpointWord' depends on axioms: [propext,
 Classical.choice,
 Quot.sound]
'MagnitudeConjecture.BoundQuiver.StringWord.Word.LeftHookExtension.secondFactor_isIso_of_intermediate_length_eq' depends on axioms: [propext,
 Classical.choice,
 Quot.sound]
'MagnitudeConjecture.BoundQuiver.StringWord.Word.LeftHookExtension.base_length_lt_intermediate_of_not_isSplitEpi' depends on axioms: [propext,
 Classical.choice,
 Quot.sound]
'MagnitudeConjecture.BoundQuiver.StringWord.Word.LeftCohookExtension.firstFactor_isIso_of_intermediate_length_eq' depends on axioms: [propext,
 Classical.choice,
 Quot.sound]
'MagnitudeConjecture.BoundQuiver.StringWord.Word.LeftCohookExtension.base_length_lt_intermediate_of_not_isSplitMono' depends on axioms: [propext,
 Classical.choice,
 Quot.sound]
'MagnitudeConjecture.BoundQuiver.StringWord.Word.eq_appendEndPosition_of_not_exists_old' depends on axioms: [propext,
 Classical.choice,
 Quot.sound]
'MagnitudeConjecture.BoundQuiver.StringWord.Word.appendSpaceProjection_inclusion' depends on axioms: [propext,
 Classical.choice,
 Quot.sound]
'MagnitudeConjecture.BoundQuiver.StringWord.Word.appendSpaceProjection_arrowLinearMap_positive' depends on axioms: [propext,
 Classical.choice,
 Quot.sound]
'MagnitudeConjecture.BoundQuiver.StringWord.Word.appendSpaceInclusion_arrowLinearMap_negative' depends on axioms: [propext,
 Classical.choice,
 Quot.sound]
'MagnitudeConjecture.BoundQuiver.StringWord.Word.appendQuiverRepresentationInclusionNegative' depends on axioms: [propext,
 Classical.choice,
 Quot.sound]
'MagnitudeConjecture.BoundQuiver.StringWord.Word.appendQuiverRepresentationProjectionPositive' depends on axioms: [propext,
 Classical.choice,
 Quot.sound]
'MagnitudeConjecture.LinearPathCategory.pathMap_naturality' depends on axioms: [propext, Classical.choice, Quot.sound]
'MagnitudeConjecture.LinearPathCategory.liftNatTrans' depends on axioms: [propext, Classical.choice, Quot.sound]
'QuotientSubmoduleEquidistribution.CategoricalIdeal.HomIdeal.quotientLiftNatTrans' depends on axioms: [propext,
 Classical.choice,
 Quot.sound]
'MagnitudeConjecture.BoundQuiver.StringWord.Word.appendRightModuleInclusionNegative' depends on axioms: [propext,
 Classical.choice,
 Quot.sound]
'MagnitudeConjecture.BoundQuiver.StringWord.Word.appendRightModuleProjectionPositive' depends on axioms: [propext,
 Classical.choice,
 Quot.sound]
'MagnitudeConjecture.BoundQuiver.StringWord.Word.appendRightModuleInclusionNegative_mono' depends on axioms: [propext,
 Classical.choice,
 Quot.sound]
'MagnitudeConjecture.BoundQuiver.StringWord.Word.appendRightModuleProjectionPositive_epi' depends on axioms: [propext,
 Classical.choice,
 Quot.sound]
'MagnitudeConjecture.LinearPathCategory.liftNatIso' depends on axioms: [propext, Classical.choice, Quot.sound]
'QuotientSubmoduleEquidistribution.CategoricalIdeal.HomIdeal.quotientLiftNatIso' depends on axioms: [propext,
 Classical.choice,
 Quot.sound]
'MagnitudeConjecture.BoundQuiver.StringWord.Word.NegativeExtension.result_length' depends on axioms: [propext,
 Classical.choice,
 Quot.sound]
'MagnitudeConjecture.BoundQuiver.StringWord.Word.NegativeExtension.moduleMap_trans' depends on axioms: [propext,
 Classical.choice,
 Quot.sound]
'MagnitudeConjecture.BoundQuiver.StringWord.Word.PositiveExtension.result_length' depends on axioms: [propext,
 Classical.choice,
 Quot.sound]
'MagnitudeConjecture.BoundQuiver.StringWord.Word.PositiveExtension.moduleMap_trans' depends on axioms: [propext,
 Classical.choice,
 Quot.sound]
'MagnitudeConjecture.BoundQuiver.StringWord.Word.reversePositionEquiv' depends on axioms: [propext,
 Classical.choice,
 Quot.sound]
'MagnitudeConjecture.BoundQuiver.StringWord.Word.arrowStep_reversePosition' depends on axioms: [propext,
 Classical.choice,
 Quot.sound]
'MagnitudeConjecture.BoundQuiver.StringWord.Word.reverseSpaceEquiv_arrowLinearMap' depends on axioms: [propext,
 Classical.choice,
 Quot.sound]
'MagnitudeConjecture.BoundQuiver.StringWord.Word.reverseRightModuleIso' depends on axioms: [propext,
 Classical.choice,
 Quot.sound]
'MagnitudeConjecture.BoundQuiver.StringWord.Word.RightExtension.result_length' depends on axioms: [propext,
 Classical.choice,
 Quot.sound]
'MagnitudeConjecture.BoundQuiver.StringWord.Word.RightExtension.path_cast_comp_suffixPath' depends on axioms: [propext,
 Classical.choice,
 Quot.sound]
'MagnitudeConjecture.BoundQuiver.StringWord.Word.RightExtension.comp_suffixPath_isString' depends on axioms: [propext,
 Classical.choice,
 Quot.sound]
'MagnitudeConjecture.BoundQuiver.StringWord.Word.RightExtension.rebase_steps' depends on axioms: [propext,
 Classical.choice,
 Quot.sound]
'MagnitudeConjecture.BoundQuiver.StringWord.Word.NegativeBoundaryExtension.rebase_steps' depends on axioms: [propext,
 Classical.choice,
 Quot.sound]
'MagnitudeConjecture.BoundQuiver.StringWord.Word.PositiveBoundaryExtension.rebase_steps' depends on axioms: [propext,
 Classical.choice,
 Quot.sound]
'MagnitudeConjecture.BoundQuiver.StringWord.Word.RightExtension.position_trans' depends on axioms: [propext,
 Classical.choice,
 Quot.sound]
'MagnitudeConjecture.BoundQuiver.StringWord.Word.RightExtension.arrowStep_position_iff' depends on axioms: [propext,
 Classical.choice,
 Quot.sound]
'MagnitudeConjecture.BoundQuiver.StringWord.Word.RightExtension.spaceProjection_inclusion' depends on axioms: [propext,
 Classical.choice,
 Quot.sound]
'MagnitudeConjecture.BoundQuiver.StringWord.Word.RightExtension.spaceProjection_apply_position' depends on axioms: [propext,
 Classical.choice,
 Quot.sound]
'MagnitudeConjecture.BoundQuiver.StringWord.Word.RightExtension.spaceInclusion_apply_of_not_exists' depends on axioms: [propext,
 Classical.choice,
 Quot.sound]
'MagnitudeConjecture.BoundQuiver.StringWord.Word.RightExtension.spaceInclusion_trans_apply' depends on axioms: [propext,
 Classical.choice,
 Quot.sound]
'MagnitudeConjecture.BoundQuiver.StringWord.Word.RightExtension.spaceProjection_trans_apply' depends on axioms: [propext,
 Classical.choice,
 Quot.sound]
'MagnitudeConjecture.BoundQuiver.StringWord.Word.NegativeBoundaryExtension.exists_old_of_arrowStep' depends on axioms: [propext,
 Classical.choice,
 Quot.sound]
'MagnitudeConjecture.BoundQuiver.StringWord.Word.NegativeBoundaryExtension.rightModuleInclusion' depends on axioms: [propext,
 Classical.choice,
 Quot.sound]
'MagnitudeConjecture.BoundQuiver.StringWord.Word.NegativeBoundaryExtension.rightModuleInclusion_mono' depends on axioms: [propext,
 Classical.choice,
 Quot.sound]
'MagnitudeConjecture.BoundQuiver.StringWord.Word.NegativeBoundaryExtension.rightModuleInclusion_transRightExtension' depends on axioms: [propext,
 Classical.choice,
 Quot.sound]
'MagnitudeConjecture.BoundQuiver.StringWord.Word.PositiveBoundaryExtension.not_arrowStep_to_old_of_not_old' depends on axioms: [propext,
 Classical.choice,
 Quot.sound]
'MagnitudeConjecture.BoundQuiver.StringWord.Word.PositiveBoundaryExtension.rightModuleProjection' depends on axioms: [propext,
 Classical.choice,
 Quot.sound]
'MagnitudeConjecture.BoundQuiver.StringWord.Word.PositiveBoundaryExtension.rightModuleProjection_epi' depends on axioms: [propext,
 Classical.choice,
 Quot.sound]
'MagnitudeConjecture.BoundQuiver.StringWord.Word.PositiveBoundaryExtension.rightModuleProjection_transRightExtension' depends on axioms: [propext,
 Classical.choice,
 Quot.sound]
'MagnitudeConjecture.BoundQuiver.StringWord.Word.LeftPositiveBoundaryExtension.moduleMap' depends on axioms: [propext,
 Classical.choice,
 Quot.sound]
'MagnitudeConjecture.BoundQuiver.StringWord.Word.LeftPositiveBoundaryExtension.position_index' depends on axioms: [propext,
 Classical.choice,
 Quot.sound]
'MagnitudeConjecture.BoundQuiver.StringWord.Word.LeftPositiveBoundaryExtension.exists_eq_position_of_steps_le' depends on axioms: [propext,
 Classical.choice,
 Quot.sound]
'MagnitudeConjecture.BoundQuiver.StringWord.Word.LeftPositiveBoundaryExtension.spaceProjection_single_of_not_exists' depends on axioms: [propext,
 Classical.choice,
 Quot.sound]
'MagnitudeConjecture.BoundQuiver.StringWord.Word.LeftNegativeBoundaryExtension.moduleMap' depends on axioms: [propext,
 Classical.choice,
 Quot.sound]
'MagnitudeConjecture.BoundQuiver.StringWord.Word.LeftNegativeBoundaryExtension.spaceProjection_inclusion' depends on axioms: [propext,
 Classical.choice,
 Quot.sound]
'MagnitudeConjecture.BoundQuiver.StringWord.Word.LeftNegativeBoundaryExtension.spaceProjection_apply_position' depends on axioms: [propext,
 Classical.choice,
 Quot.sound]
'MagnitudeConjecture.BoundQuiver.StringWord.Word.CohookDeletion.moduleMap' depends on axioms: [propext,
 Classical.choice,
 Quot.sound]
'MagnitudeConjecture.BoundQuiver.StringWord.Word.LeftCohookDeletion.moduleMap' depends on axioms: [propext,
 Classical.choice,
 Quot.sound]
'MagnitudeConjecture.BoundQuiver.StringWord.Word.rightExtensionFromVertex_nonempty' depends on axioms: [propext,
 Classical.choice,
 Quot.sound]
'MagnitudeConjecture.BoundQuiver.StringWord.Word.RightExtension.isPurePositive_or_cohookFactorization' depends on axioms: [propext,
 Classical.choice,
 Quot.sound]
'MagnitudeConjecture.BoundQuiver.StringWord.Word.exists_hook_or_cohookDeletion_or_isPurePositive' depends on axioms: [propext,
 Classical.choice,
 Quot.sound]
'MagnitudeConjecture.BoundQuiver.StringWord.Word.exists_hook_iff_not_startsOnPeak' depends on axioms: [propext,
 Classical.choice,
 Quot.sound]
'MagnitudeConjecture.BoundQuiver.StringWord.Word.exists_cohookDeletion_of_startsOnPeak_of_not_isPurePositive' depends on axioms: [propext,
 Classical.choice,
 Quot.sound]
'MagnitudeConjecture.BoundQuiver.StringWord.Word.exists_leftHook_or_leftCohookDeletion_or_isPureNegative' depends on axioms: [propext,
 Classical.choice,
 Quot.sound]
'MagnitudeConjecture.BoundQuiver.StringWord.Word.exists_leftHook_iff_not_endsOnPeak' depends on axioms: [propext,
 Classical.choice,
 Quot.sound]
'MagnitudeConjecture.BoundQuiver.StringWord.Word.exists_leftCohookDeletion_of_endsOnPeak_of_not_isPureNegative' depends on axioms: [propext,
 Classical.choice,
 Quot.sound]
'MagnitudeConjecture.BoundQuiver.StringWord.signedPathSigns_reverse' depends on axioms: [propext]
'MagnitudeConjecture.BoundQuiver.StringWord.Word.IsPurePositive.signedPathSigns_eq' depends on axioms: [propext,
 Classical.choice,
 Quot.sound]
'MagnitudeConjecture.BoundQuiver.StringWord.Word.IsPureNegative.signedPathSigns_eq' depends on axioms: [propext,
 Classical.choice,
 Quot.sound]
'MagnitudeConjecture.BoundQuiver.StringWord.Word.isPurePositive_and_isPureNegative_iff_length_eq_zero' depends on axioms: [propext,
 Classical.choice,
 Quot.sound]
'MagnitudeConjecture.BoundQuiver.StringWord.Word.exists_hook_or_cohookDeletion_or_isPurePositive_startsOnPeak' depends on axioms: [propext,
 Classical.choice,
 Quot.sound]
'MagnitudeConjecture.BoundQuiver.StringWord.Word.exists_leftHook_or_leftCohookDeletion_or_isPureNegative_endsOnPeak' depends on axioms: [propext,
 Classical.choice,
 Quot.sound]
'MagnitudeConjecture.BoundQuiver.StringWord.Word.PositiveBoundarySquare.ofExtensions' depends on axioms: [propext,
 Classical.choice,
 Quot.sound]
'MagnitudeConjecture.BoundQuiver.StringWord.Word.PositiveBoundarySquare.map_commutes' depends on axioms: [propext,
 Classical.choice,
 Quot.sound]
'MagnitudeConjecture.BoundQuiver.StringWord.Word.PositiveBoundarySquare.pairSpaceMap_exact' depends on axioms: [propext,
 Classical.choice,
 Quot.sound]
'MagnitudeConjecture.BoundQuiver.StringWord.Word.PositiveBoundarySquare.shortComplex_exact' depends on axioms: [propext,
 Classical.choice,
 Quot.sound]
'MagnitudeConjecture.BoundQuiver.StringWord.Word.MixedBoundarySquare.ofExtensions' depends on axioms: [propext,
 Classical.choice,
 Quot.sound]
'MagnitudeConjecture.BoundQuiver.StringWord.Word.MixedBoundarySquare.map_commutes' depends on axioms: [propext,
 Classical.choice,
 Quot.sound]
'MagnitudeConjecture.BoundQuiver.StringWord.Word.MixedBoundarySquare.pairSpaceMap_exact' depends on axioms: [propext,
 Classical.choice,
 Quot.sound]
'MagnitudeConjecture.BoundQuiver.StringWord.Word.MixedBoundarySquare.shortComplex_exact' depends on axioms: [propext,
 Classical.choice,
 Quot.sound]
'MagnitudeConjecture.BoundQuiver.StringWord.Word.NegativeBoundarySquare.ofExtensions' depends on axioms: [propext,
 Classical.choice,
 Quot.sound]
'MagnitudeConjecture.BoundQuiver.StringWord.Word.NegativeBoundarySquare.map_commutes' depends on axioms: [propext,
 Classical.choice,
 Quot.sound]
'MagnitudeConjecture.BoundQuiver.StringWord.Word.NegativeBoundarySquare.pairSpaceMap_exact' depends on axioms: [propext,
 Classical.choice,
 Quot.sound]
'MagnitudeConjecture.BoundQuiver.StringWord.Word.NegativeBoundarySquare.shortComplex_exact' depends on axioms: [propext,
 Classical.choice,
 Quot.sound]
'MagnitudeConjecture.CategoryTheory.binaryBiproductShortComplex_exact_of_map' depends on axioms: [propext,
 Classical.choice,
 Quot.sound]
'MagnitudeConjecture.BoundQuiver.StringWord.Word.finiteRightModule_binaryBiproductShortComplex_exact' depends on axioms: [propext,
 Classical.choice,
 Quot.sound]
'MagnitudeConjecture.BoundQuiver.StringWord.Word.PositiveBoundarySquare.finiteShortComplex_exact' depends on axioms: [propext,
 Classical.choice,
 Quot.sound]
'MagnitudeConjecture.BoundQuiver.StringWord.Word.MixedBoundarySquare.finiteShortComplex_exact' depends on axioms: [propext,
 Classical.choice,
 Quot.sound]
'MagnitudeConjecture.BoundQuiver.StringWord.Word.NegativeBoundarySquare.finiteShortComplex_exact' depends on axioms: [propext,
 Classical.choice,
 Quot.sound]
'MagnitudeConjecture.BoundQuiver.StringWord.Word.mixedRestrictedPath_isString' depends on axioms: [propext,
 Classical.choice,
 Quot.sound]
'MagnitudeConjecture.BoundQuiver.StringWord.Word.mixedCornerLeftExtension_result' depends on axioms: [propext,
 Classical.choice,
 Quot.sound]
'MagnitudeConjecture.BoundQuiver.StringWord.Word.mixedBoundarySquare_shortComplex_exact' depends on axioms: [propext,
 Classical.choice,
 Quot.sound]
'MagnitudeConjecture.BoundQuiver.StringWord.Word.leftCohookDeletionRightHookSquare_shortComplex_exact' depends on axioms: [propext,
 Classical.choice,
 Quot.sound]
'MagnitudeConjecture.BoundQuiver.StringWord.Word.rightCohookDeletionLeftHookReverseSquare_shortComplex_exact' depends on axioms: [propext,
 Classical.choice,
 Quot.sound]
'MagnitudeConjecture.BoundQuiver.StringWord.Word.rightCohookDeletionLeftHookReverseSquare_corner' depends on axioms: [propext,
 Classical.choice,
 Quot.sound]
'MagnitudeConjecture.BoundQuiver.StringWord.Word.rightCohookDeletionLeftHookShortComplexIso' depends on axioms: [propext,
 Classical.choice,
 Quot.sound]
'MagnitudeConjecture.BoundQuiver.StringWord.Word.rightCohookDeletionLeftHookShortComplex_exact' depends on axioms: [propext,
 Classical.choice,
 Quot.sound]
'MagnitudeConjecture.BoundQuiver.StringWord.Word.doubleCohookRestrictedPath_isString' depends on axioms: [propext,
 Classical.choice,
 Quot.sound]
'MagnitudeConjecture.BoundQuiver.StringWord.Word.doubleCohookCornerLeftExtension_result' depends on axioms: [propext,
 Classical.choice,
 Quot.sound]
'MagnitudeConjecture.BoundQuiver.StringWord.Word.doubleCohookBoundarySquare_shortComplex_exact' depends on axioms: [propext,
 Classical.choice,
 Quot.sound]
'MagnitudeConjecture.BoundQuiver.StringWord.Word.doubleCohookDeletionSquare_shortComplex_exact' depends on axioms: [propext,
 Classical.choice,
 Quot.sound]
'MagnitudeConjecture.BoundQuiver.StringWord.Word.twoHookPath_isString' depends on axioms: [propext,
 Classical.choice,
 Quot.sound]
'MagnitudeConjecture.BoundQuiver.StringWord.Word.twoHookPath_isString_of_leftHookResult_extension' depends on axioms: [propext,
 Classical.choice,
 Quot.sound]
'MagnitudeConjecture.BoundQuiver.StringWord.Word.exists_hook_twoHookPath_isString_of_leftHookResult_not_startsOnPeak' depends on axioms: [propext,
 Classical.choice,
 Quot.sound]
'MagnitudeConjecture.BoundQuiver.StringWord.Word.twoHookPath_isString_of_length_zero' depends on axioms: [propext,
 Classical.choice,
 Quot.sound]
'MagnitudeConjecture.BoundQuiver.StringWord.Word.twoHookRightCorner' depends on axioms: [propext,
 Classical.choice,
 Quot.sound]
'MagnitudeConjecture.BoundQuiver.StringWord.Word.twoHookReversePath_isString' depends on axioms: [propext,
 Classical.choice,
 Quot.sound]
'MagnitudeConjecture.BoundQuiver.StringWord.Word.twoHookReversePath_reverse' depends on axioms: [propext,
 Classical.choice,
 Quot.sound]
'MagnitudeConjecture.BoundQuiver.StringWord.Word.twoHookLeftCorner' depends on axioms: [propext,
 Classical.choice,
 Quot.sound]
'MagnitudeConjecture.BoundQuiver.StringWord.Word.TwoHookLeftCorner.result_eq_twoHookCornerWord' depends on axioms: [propext,
 Classical.choice,
 Quot.sound]
'MagnitudeConjecture.BoundQuiver.StringWord.Word.twoHookSquare' depends on axioms: [propext,
 Classical.choice,
 Quot.sound]
'MagnitudeConjecture.BoundQuiver.StringWord.Word.twoHookSquare_shortComplex_exact' depends on axioms: [propext,
 Classical.choice,
 Quot.sound]
'MagnitudeConjecture.BoundQuiver.StringWord.Word.twoHookSquareOfPositiveLength_shortComplex_exact' depends on axioms: [propext,
 Classical.choice,
 Quot.sound]
'MagnitudeConjecture.BoundQuiver.StringWord.Word.twoHookSquareOfLengthZero_shortComplex_exact' depends on axioms: [propext,
 Classical.choice,
 Quot.sound]
'MagnitudeConjecture.BoundQuiver.StringWord.Word.HookExtension.result_length' depends on axioms: [propext,
 Classical.choice,
 Quot.sound]
'MagnitudeConjecture.BoundQuiver.StringWord.Word.HookExtension.moduleMap' depends on axioms: [propext,
 Classical.choice,
 Quot.sound]
'MagnitudeConjecture.BoundQuiver.StringWord.Word.CohookExtension.result_length' depends on axioms: [propext,
 Classical.choice,
 Quot.sound]
'MagnitudeConjecture.BoundQuiver.StringWord.Word.CohookExtension.moduleMap' depends on axioms: [propext,
 Classical.choice,
 Quot.sound]
'MagnitudeConjecture.BoundQuiver.StringWord.Word.NegativeExtension.pathMap_ordinaryPath_ne_zero' depends on axioms: [propext,
 Classical.choice,
 Quot.sound]
'MagnitudeConjecture.BoundQuiver.StringWord.Word.NegativeExtension.steps_lt_of_long_paths_mem' depends on axioms: [propext,
 Classical.choice,
 Quot.sound]
'MagnitudeConjecture.BoundQuiver.StringWord.Word.PositiveExtension.pathMap_ordinaryPath_ne_zero' depends on axioms: [propext,
 Classical.choice,
 Quot.sound]
'MagnitudeConjecture.BoundQuiver.StringWord.Word.PositiveExtension.steps_lt_of_long_paths_mem' depends on axioms: [propext,
 Classical.choice,
 Quot.sound]
'MagnitudeConjecture.BoundQuiver.StringWord.positivePath_injective' depends on axioms: [propext,
 Classical.choice,
 Quot.sound]
'MagnitudeConjecture.BoundQuiver.StringWord.avoidsRelations_positivePath_of_pathMap_ne_zero' depends on axioms: [propext,
 Classical.choice,
 Quot.sound]
'MagnitudeConjecture.BoundQuiver.StringWord.isReduced_positivePath' depends on axioms: [propext]
'MagnitudeConjecture.BoundQuiver.StringWord.avoidsRelations_reverse_positivePath' depends on axioms: [propext,
 Classical.choice,
 Quot.sound]
'MagnitudeConjecture.BoundQuiver.StringWord.isString_positivePath_of_pathMap_ne_zero' depends on axioms: [propext,
 Classical.choice,
 Quot.sound]
'MagnitudeConjecture.BoundQuiver.SpecialBiserialPresentation.rightContinuationPath_factor_of_length_le' depends on axioms: [propext,
 Classical.choice,
 Quot.sound]
'MagnitudeConjecture.BoundQuiver.StringWord.Word.pathReach_of_prefix_eq_positivePath' depends on axioms: [propext,
 Classical.choice,
 Quot.sound]
'MagnitudeConjecture.BoundQuiver.StringWord.Word.PeakWedge.exists_pathReach_peak' depends on axioms: [propext,
 Classical.choice,
 Quot.sound]
'MagnitudeConjecture.BoundQuiver.StringWord.Word.PeakWedge.isArmPrefix_of_pathMap_ne_zero' depends on axioms: [propext,
 Classical.choice,
 Quot.sound]
'MagnitudeConjecture.BoundQuiver.StringWord.Word.PeakWedge.survivingPathEquivPositionAt' depends on axioms: [propext,
 Classical.choice,
 Quot.sound]
'MagnitudeConjecture.BoundQuiver.StringWord.Word.exists_peakWedge_of_overlappingCohookDeletions' depends on axioms: [propext,
 Classical.choice,
 Quot.sound]
'MagnitudeConjecture.BoundQuiver.finiteOppositeRepresentablesOfAdmissible' depends on axioms: [propext,
 Classical.choice,
 Quot.sound]
'MagnitudeConjecture.BoundQuiver.StringWord.Word.PeakWedge.peakRepresentableHom_isIso' depends on axioms: [propext,
 Classical.choice,
 Quot.sound]
'MagnitudeConjecture.BoundQuiver.StringWord.Word.PeakWedge.peakRepresentableIso' depends on axioms: [propext,
 Classical.choice,
 Quot.sound]
'MagnitudeConjecture.BoundQuiver.StringWord.Word.PeakWedge.finiteRightModule_projective' depends on axioms: [propext,
 Classical.choice,
 Quot.sound]
'MagnitudeConjecture.BoundQuiver.StringWord.Word.finiteRightModule_projective_of_overlappingCohookDeletions' depends on axioms: [propext,
 Classical.choice,
 Quot.sound]
'MagnitudeConjecture.BoundQuiver.StringWord.Word.PositiveExtension.ordinaryPath_factor_of_vertex_of_peaks' depends on axioms: [propext,
 Classical.choice,
 Quot.sound]
'MagnitudeConjecture.BoundQuiver.StringWord.Word.PositiveExtension.oneArmSurvivingPathEquivPositionAt' depends on axioms: [propext,
 Classical.choice,
 Quot.sound]
'MagnitudeConjecture.BoundQuiver.StringWord.Word.PositiveExtension.oneArmPeakRepresentableHom_isIso' depends on axioms: [propext,
 Classical.choice,
 Quot.sound]
'MagnitudeConjecture.BoundQuiver.StringWord.Word.finiteRightModule_projective_of_isPurePositive_of_peaks' depends on axioms: [propext,
 Classical.choice,
 Quot.sound]
'MagnitudeConjecture.BoundQuiver.StringWord.Word.finiteRightModule_projective_of_isPureNegative_of_peaks' depends on axioms: [propext,
 Classical.choice,
 Quot.sound]
'MagnitudeConjecture.BoundQuiver.StringWord.Word.exists_leftHook_of_isPurePositive_of_startsOnPeak_of_not_projective' depends on axioms: [propext,
 Classical.choice,
 Quot.sound]
'MagnitudeConjecture.BoundQuiver.StringWord.Word.exists_hook_of_isPureNegative_of_endsOnPeak_of_not_projective' depends on axioms: [propext,
 Classical.choice,
 Quot.sound]
'MagnitudeConjecture.BoundQuiver.StringWord.Word.exists_negativeExtension_startsInDeep' depends on axioms: [propext,
 Classical.choice,
 Quot.sound]
'MagnitudeConjecture.BoundQuiver.StringWord.Word.exists_positiveExtension_startsOnPeak' depends on axioms: [propext,
 Classical.choice,
 Quot.sound]
'MagnitudeConjecture.BoundQuiver.StringWord.Word.HookExtension.exists_of_append_positive' depends on axioms: [propext,
 Classical.choice,
 Quot.sound]
'MagnitudeConjecture.BoundQuiver.StringWord.Word.CohookExtension.exists_of_append_negative' depends on axioms: [propext,
 Classical.choice,
 Quot.sound]
'MagnitudeConjecture.BoundQuiver.StringWord.Word.NegativeExtension.exists_prefix_of_steps_le' depends on axioms: [propext,
 Classical.choice,
 Quot.sound]
'MagnitudeConjecture.BoundQuiver.StringWord.Word.PositiveExtension.exists_prefix_of_steps_le' depends on axioms: [propext,
 Classical.choice,
 Quot.sound]
'MagnitudeConjecture.BoundQuiver.StringWord.Word.negativeTail_firstArrow_unique' depends on axioms: [propext,
 Classical.choice,
 Quot.sound]
'MagnitudeConjecture.BoundQuiver.StringWord.Word.positiveTail_firstArrow_unique' depends on axioms: [propext,
 Classical.choice,
 Quot.sound]
'MagnitudeConjecture.BoundQuiver.StringWord.Word.negativeTail_eq_of_steps_eq' depends on axioms: [propext,
 Classical.choice,
 Quot.sound]
'MagnitudeConjecture.BoundQuiver.StringWord.Word.positiveTail_eq_of_steps_eq' depends on axioms: [propext,
 Classical.choice,
 Quot.sound]
'MagnitudeConjecture.BoundQuiver.StringWord.Word.negativeTail_eq_of_maximal' depends on axioms: [propext,
 Classical.choice,
 Quot.sound]
'MagnitudeConjecture.BoundQuiver.StringWord.Word.positiveTail_eq_of_maximal' depends on axioms: [propext,
 Classical.choice,
 Quot.sound]
'MagnitudeConjecture.BoundQuiver.StringWord.Word.HookExtension.boundaryEquiv' depends on axioms: [propext,
 Classical.choice,
 Quot.sound]
'MagnitudeConjecture.BoundQuiver.StringWord.Word.CohookExtension.boundaryEquiv' depends on axioms: [propext,
 Classical.choice,
 Quot.sound]
'MagnitudeConjecture.BoundQuiver.StringWord.Word.LeftHookExtension.result_length' depends on axioms: [propext,
 Classical.choice,
 Quot.sound]
'MagnitudeConjecture.BoundQuiver.StringWord.Word.LeftHookExtension.moduleMap' depends on axioms: [propext,
 Classical.choice,
 Quot.sound]
'MagnitudeConjecture.BoundQuiver.StringWord.Word.LeftHookExtension.result_eq_of_boundary_eq' depends on axioms: [propext,
 Classical.choice,
 Quot.sound]
'MagnitudeConjecture.BoundQuiver.StringWord.Word.LeftHookExtension.boundaryEquiv' depends on axioms: [propext,
 Classical.choice,
 Quot.sound]
'MagnitudeConjecture.BoundQuiver.StringWord.Word.LeftCohookExtension.result_length' depends on axioms: [propext,
 Classical.choice,
 Quot.sound]
'MagnitudeConjecture.BoundQuiver.StringWord.Word.LeftCohookExtension.moduleMap' depends on axioms: [propext,
 Classical.choice,
 Quot.sound]
'MagnitudeConjecture.BoundQuiver.StringWord.Word.LeftCohookExtension.result_eq_of_boundary_eq' depends on axioms: [propext,
 Classical.choice,
 Quot.sound]
'MagnitudeConjecture.BoundQuiver.StringWord.Word.LeftCohookExtension.boundaryEquiv' depends on axioms: [propext,
 Classical.choice,
 Quot.sound]
'MagnitudeConjecture.BoundQuiver.StringPresentation.arrowCokernelSubmodule_le_jacobson' depends on axioms: [propext,
 Classical.choice,
 Quot.sound]
'MagnitudeConjecture.BoundQuiver.StringPresentation.arrowCokernelSubmodule_ne_bot' depends on axioms: [propext,
 Classical.choice,
 Quot.sound]
'MagnitudeConjecture.BoundQuiver.StringPresentation.arrowCokernelSubmodule_ne_top' depends on axioms: [propext,
 Classical.choice,
 Quot.sound]
'MagnitudeConjecture.BoundQuiver.StringPresentation.arrowCokernelFGObj_top_isSimple' depends on axioms: [propext,
 Classical.choice,
 Quot.sound]
'MagnitudeConjecture.BoundQuiver.StringPresentation.arrowCokernelProjection_surjective' depends on axioms: [propext,
 Classical.choice,
 Quot.sound]
'MagnitudeConjecture.BoundQuiver.StringPresentation.arrowCokernelProjection_ker' depends on axioms: [propext,
 Classical.choice,
 Quot.sound]
'MagnitudeConjecture.BoundQuiver.StringPresentation.arrowCokernelFGObj_indecomposable' depends on axioms: [propext,
 Classical.choice,
 Quot.sound]
'MagnitudeConjecture.BoundQuiver.StringPresentation.arrowCokernelProjectionHom_isRightMinimal' depends on axioms: [propext,
 Classical.choice,
 Quot.sound]
'MagnitudeConjecture.BoundQuiver.StringPresentation.arrowCokernelFGObj_not_projective' depends on axioms: [propext,
 Classical.choice,
 Quot.sound]
'QuotientSubmoduleEquidistribution.isRightMinimal_of_localEnd_of_ne_zero' depends on axioms: [propext,
 Classical.choice,
 Quot.sound]
'MagnitudeConjecture.TwoStepMinimalProjectivePresentation.syzygyObjectIsoOfTargetIso_hom_comp_differential' depends on axioms: [propext,
 Classical.choice,
 Quot.sound]
'MagnitudeConjecture.BoundQuiver.StringPresentation.quotientVertexEnd_nontrivial' depends on axioms: [propext,
 Classical.choice,
 Quot.sound]
'MagnitudeConjecture.BoundQuiver.StringPresentation.arrow_eq_of_iso_square' depends on axioms: [propext,
 Classical.choice,
 Quot.sound]
'MagnitudeConjecture.BoundQuiver.StringPresentation.eq_of_representedVertexModule_iso' depends on axioms: [propext,
 Classical.choice,
 Quot.sound]
'MagnitudeConjecture.BoundQuiver.StringPresentation.arrowCokernelKernelCoverHom_surjective' depends on axioms: [propext,
 Classical.choice,
 Quot.sound]
'MagnitudeConjecture.BoundQuiver.StringPresentation.arrowCokernelKernelCoverHom_isRightMinimal' depends on axioms: [propext,
 Classical.choice,
 Quot.sound]
'MagnitudeConjecture.BoundQuiver.StringPresentation.arrowCokernelTwoStepMinimalProjectivePresentation_differential' depends on axioms: [propext,
 Classical.choice,
 Quot.sound]
'MagnitudeConjecture.BoundQuiver.StringPresentation.arrow_eq_of_representedArrow_iso_square' depends on axioms: [propext,
 Classical.choice,
 Quot.sound]
'MagnitudeConjecture.BoundQuiver.StringPresentation.displayedArrow_eq_of_arrowCokernel_iso' depends on axioms: [propext,
 Classical.choice,
 Quot.sound]
'Submodule.sum_coe_single' depends on axioms: [propext, Classical.choice, Quot.sound]
'LinearMap.insertZeroCoordinate_self' depends on axioms: [propext, Classical.choice, Quot.sound]
'LinearMap.insertZeroCoordinate_other' depends on axioms: [propext, Classical.choice, Quot.sound]
'MagnitudeConjecture.BoundQuiver.StringPresentation.incomingArrowRangeFamilyRadicalLinearEquiv_single_coe' depends on axioms: [propext,
 Classical.choice,
 Quot.sound]
'MagnitudeConjecture.BoundQuiver.StringPresentation.arrowBranchRadicalInclusionLinearMap_apply_coe' depends on axioms: [propext,
 Classical.choice,
 Quot.sound]
'MagnitudeConjecture.BoundQuiver.StringPresentation.arrowBranchRadicalInclusion_projection' depends on axioms: [propext,
 Classical.choice,
 Quot.sound]
'MagnitudeConjecture.BoundQuiver.StringPresentation.arrowCokernelRadicalMap_ker' depends on axioms: [propext,
 Classical.choice,
 Quot.sound]
'MagnitudeConjecture.BoundQuiver.StringPresentation.arrowCokernelRadicalMap_section' depends on axioms: [propext,
 Classical.choice,
 Quot.sound]
'MagnitudeConjecture.BoundQuiver.StringPresentation.otherIncomingArrow_subsingleton' depends on axioms: [propext,
 Classical.choice,
 Quot.sound]
'MagnitudeConjecture.BoundQuiver.StringPresentation.otherIncomingFamilyToCokernelRadical_injective' depends on axioms: [propext,
 Classical.choice,
 Quot.sound]
'MagnitudeConjecture.BoundQuiver.StringPresentation.otherIncomingFamilyToCokernelRadical_surjective' depends on axioms: [propext,
 Classical.choice,
 Quot.sound]
'MagnitudeConjecture.BoundQuiver.StringPresentation.arrowCokernelFGObj_isUniserial' depends on axioms: [propext,
 Classical.choice,
 Quot.sound]
'MagnitudeConjecture.BoundQuiver.StringPresentation.not_mono_of_isIrreducibleMorphism_to_arrowCokernel' depends on axioms: [propext,
 Classical.choice,
 Quot.sound]
'MagnitudeConjecture.BoundQuiver.StringPresentation.arrowCokernelNakayamaKernel_moduleSocle_isSimple' depends on axioms: [propext,
 Classical.choice,
 Quot.sound]
'MagnitudeConjecture.BoundQuiver.StringPresentation.arrowCokernelNakayamaKernel_isIndecomposableModule' depends on axioms: [propext,
 Classical.choice,
 Quot.sound]
'MagnitudeConjecture.BoundQuiver.StringPresentation.arrowCokernelSkeletonIso' depends on axioms: [propext,
 Classical.choice,
 Quot.sound]
'MagnitudeConjecture.BoundQuiver.StringPresentation.arrowCokernelNonprojectiveLabel' depends on axioms: [propext,
 Classical.choice,
 Quot.sound]
'MagnitudeConjecture.BoundQuiver.StringPresentation.arrowCokernelRightTranslation_moduleSocle_isSimple' depends on axioms: [propext,
 Classical.choice,
 Quot.sound]
'MagnitudeConjecture.BoundQuiver.StringPresentation.exists_arrowCokernelRightSequenceLeftComponent_mono' depends on axioms: [propext,
 Classical.choice,
 Quot.sound]
'MagnitudeConjecture.BoundQuiver.StringPresentation.arrowCokernelRightMiddleIndex_unique' depends on axioms: [propext,
 Classical.choice,
 Quot.sound]
'MagnitudeConjecture.BoundQuiver.StringPresentation.arrowCokernelRightMiddleDecomposition' depends on axioms: [propext,
 Classical.choice,
 Quot.sound]
'MagnitudeConjecture.BoundQuiver.StringPresentation.rightMiddleArity_arrowCokernelNonprojectiveLabel' depends on axioms: [propext,
 Classical.choice,
 Quot.sound]
'MagnitudeConjecture.IsUniserialObject.map_equivalence' depends on axioms: [propext, Classical.choice, Quot.sound]
'MagnitudeConjecture.IsUniserialObject.of_map_equivalence' depends on axioms: [propext, Classical.choice, Quot.sound]
'MagnitudeConjecture.IsUniserialObject.op' depends on axioms: [propext, Classical.choice, Quot.sound]
'MagnitudeConjecture.IsUniserialModule.toFGModuleCatIsUniserialObject' depends on axioms: [propext,
 Classical.choice,
 Quot.sound]
'MagnitudeConjecture.BoundQuiver.StringWord.Word.not_isUniserialObject_of_mixed_signedPathSigns' depends on axioms: [propext,
 Classical.choice,
 Quot.sound]
'MagnitudeConjecture.BoundQuiver.StringWord.Word.isPurePositive_or_isPureNegative_of_isUniserialObject' depends on axioms: [propext,
 Classical.choice,
 Quot.sound]
'MagnitudeConjecture.BoundQuiver.StringPresentation.arrowCokernelClassifiedWord_isPure' depends on axioms: [propext,
 Classical.choice,
 Quot.sound]
'MagnitudeConjecture.FiniteTauMatrix.FamilyRejectionProfile.eulerMagnitude_eq' depends on axioms: [propext,
 Classical.choice,
 Quot.sound]
'MagnitudeConjecture.RightModule.isAnnihilatedBy_iSup' depends on axioms: [propext, Classical.choice, Quot.sound]
'MagnitudeConjecture.RightModule.FiniteIndecomposableSkeleton.PrimitiveProjectivePresentation.primitiveProjectiveSocleFamilyReplacementLabel_injective' depends on axioms: [propext,
 Classical.choice,
 Quot.sound]
'MagnitudeConjecture.RightModule.FiniteIndecomposableSkeleton.PrimitiveProjectivePresentation.primitiveProjectiveSocleFamilyFiniteReplacementLabel_injective' depends on axioms: [propext,
 Classical.choice,
 Quot.sound]
'MagnitudeConjecture.RightModule.FiniteIndecomposableSkeleton.PrimitiveProjectivePresentation.primitiveProjectiveSocleFamilyFiniteReplacement_ambient_not_projective' depends on axioms: [propext,
 Classical.choice,
 Quot.sound]
'MagnitudeConjecture.RightModule.FiniteIndecomposableSkeleton.PrimitiveProjectivePresentation.projectiveInjectiveBoundaryRadicalFamilyObj_injective' depends on axioms: [propext,
 Classical.choice,
 Quot.sound]
'MagnitudeConjecture.RightModule.FiniteIndecomposableSkeleton.PrimitiveProjectivePresentation.primitiveProjectiveSocleFamily_replacement_rightMiddleArity_add_one_eq_ambient' depends on axioms: [propext,
 Classical.choice,
 Quot.sound]
'MagnitudeConjecture.RightModule.FiniteIndecomposableSkeleton.PrimitiveProjectivePresentation.primitiveProjectiveSocleFamily_rightMiddleArity_eq_ambient' depends on axioms: [propext,
 Classical.choice,
 Quot.sound]
'MagnitudeConjecture.RightModule.FiniteIndecomposableSkeleton.PrimitiveProjectivePresentation.primitiveProjectiveSocleFamilyRejectionProfile' depends on axioms: [propext,
 Classical.choice,
 Quot.sound]
'MagnitudeConjecture.RightModule.FiniteIndecomposableSkeleton.PrimitiveProjectivePresentation.primitiveProjectiveSocleFamily_projectiveCount_eq' depends on axioms: [propext,
 Classical.choice,
 Quot.sound]
'MagnitudeConjecture.RightModule.FiniteIndecomposableSkeleton.PrimitiveProjectivePresentation.primitiveProjectiveSocleFamily_eulerMagnitude_eq' depends on axioms: [propext,
 Classical.choice,
 Quot.sound]
'MagnitudeConjecture.RightModule.FiniteIndecomposableSkeleton.ambientARSurplus_eq_zero_of_admitsStringPresentation' depends on axioms: [propext,
 Classical.choice,
 Quot.sound]
'MagnitudeConjecture.RightModule.FiniteIndecomposableSkeleton.rightMiddleArity_le_two_of_admitsStringPresentation' depends on axioms: [propext,
 Classical.choice,
 Quot.sound]
'MagnitudeConjecture.RightModule.FiniteIndecomposableSkeleton.beta_le_two_of_admitsStringPresentation' depends on axioms: [propext,
 Classical.choice,
 Quot.sound]
'MagnitudeConjecture.RightModule.FiniteIndecomposableSkeleton.nonuniserialProjectiveInjectiveLabels' depends on axioms: [propext,
 Classical.choice,
 Quot.sound]
'MagnitudeConjecture.RightModule.FiniteIndecomposableSkeleton.mem_nonuniserialProjectiveInjectiveLabels_iff' depends on axioms: [propext,
 Classical.choice,
 Quot.sound]
'MagnitudeConjecture.RightModule.FiniteIndecomposableSkeleton.nonuniserialProjectiveInjectiveLabels_injective' depends on axioms: [propext,
 Classical.choice,
 Quot.sound]
'MagnitudeConjecture.RightModule.FiniteIndecomposableSkeleton.nonuniserialProjectiveInjectiveLabels_notSimple' depends on axioms: [propext,
 Classical.choice,
 Quot.sound]
'MagnitudeConjecture.RightModule.FiniteIndecomposableSkeleton.PrimitiveProjectivePresentation.primitiveProjectiveSocleFamily_ambientARSurplus_eq' depends on axioms: [propext,
 Classical.choice,
 Quot.sound]
'MagnitudeConjecture.RightModule.FiniteIndecomposableSkeleton.PrimitiveProjectivePresentation.ambientARSurplus_eq_zero_of_socleFamilyQuotient_admitsStringPresentation' depends on axioms: [propext,
 Classical.choice,
 Quot.sound]
'MagnitudeConjecture.RightModule.FiniteIndecomposableSkeleton.PrimitiveProjectivePresentation.primitiveProjectiveSocleFamily_replacement_betaAt_le_rejected_arity' depends on axioms: [propext,
 Classical.choice,
 Quot.sound]
'MagnitudeConjecture.RightModule.FiniteIndecomposableSkeleton.PrimitiveProjectivePresentation.beta_le_of_primitiveProjectiveSocleFamily_rightMiddleArity_le' depends on axioms: [propext,
 Classical.choice,
 Quot.sound]
'MagnitudeConjecture.RightModule.FiniteIndecomposableSkeleton.PrimitiveProjectivePresentation.beta_le_two_of_socleFamilyQuotient_admitsStringPresentation' depends on axioms: [propext,
 Classical.choice,
 Quot.sound]
'MagnitudeConjecture.BoundQuiver.SpecialBiserialPresentation.relativeHullKernel_eq_socleFamily' depends on axioms: [propext,
 Classical.choice,
 Quot.sound]
'MagnitudeConjecture.BoundQuiver.SpecialBiserialPresentation.quotientCategorySocleFamily_admitsStringPresentation' depends on axioms: [propext,
 Classical.choice,
 Quot.sound]
'MagnitudeConjecture.RightModule.FiniteIndecomposableSkeleton.leftBeta_le_iff' depends on axioms: [propext,
 Classical.choice,
 Quot.sound]
'MagnitudeConjecture.RightModule.FiniteIndecomposableSkeleton.contragredient_beta_eq_leftBeta' depends on axioms: [propext,
 Classical.choice,
 Quot.sound]
'MagnitudeConjecture.RightModule.FiniteIndecomposableSkeleton.betaAt_eq_natCard_nonprojective_minimalRightMiddle' depends on axioms: [propext,
 Classical.choice,
 Quot.sound]
'MagnitudeConjecture.RightModule.FiniteIndecomposableSkeleton.leftBetaAt_eq_natCard_noninjective_rightMiddle' depends on axioms: [propext,
 Classical.choice,
 Quot.sound]
'MagnitudeConjecture.RightModule.FiniteIndecomposableSkeleton.rightMiddleLabel_not_injective_of_ne_of_projective' depends on axioms: [propext,
 Classical.choice,
 Quot.sound]
'MagnitudeConjecture.RightModule.FiniteIndecomposableSkeleton.rightMiddle_natCard_le_of_no_projectiveInjective' depends on axioms: [propext,
 Classical.choice,
 Quot.sound]
'MagnitudeConjecture.RightModule.FiniteIndecomposableSkeleton.exists_injective_nonprojective_boundary_of_beta_le_two' depends on axioms: [propext,
 Classical.choice,
 Quot.sound]
'MagnitudeConjecture.RightModule.FiniteIndecomposableSkeleton.exists_injectiveNonprojectiveD4Fork_of_beta_le_two' depends on axioms: [propext,
 Classical.choice,
 Quot.sound]
'MagnitudeConjecture.RightModule.FiniteIndecomposableSkeleton.InjectiveNonprojectiveD4Fork.outgoingMap_epi' depends on axioms: [propext,
 Classical.choice,
 Quot.sound]
'MagnitudeConjecture.RightModule.FiniteIndecomposableSkeleton.InjectiveNonprojectiveD4Fork.exists_projective_translatedTarget' depends on axioms: [propext,
 Classical.choice,
 Quot.sound]
'MagnitudeConjecture.indecomposable_of_epi_from_simpleTop' depends on axioms: [propext, Classical.choice, Quot.sound]
'MagnitudeConjecture.simple_kernel_of_irreducible_epi_from_simpleTop' depends on axioms: [propext,
 Classical.choice,
 Quot.sound]
'MagnitudeConjecture.RightModule.FiniteIndecomposableSkeleton.InjectiveNonprojectiveD4Fork.translatedTarget_not_projective' depends on axioms: [propext,
 Classical.choice,
 Quot.sound]
'MagnitudeConjecture.RightModule.FiniteIndecomposableSkeleton.not_nonempty_injectiveNonprojectiveD4Fork_of_beta_le_two' depends on axioms: [propext,
 Classical.choice,
 Quot.sound]
'MagnitudeConjecture.RightModule.FiniteIndecomposableSkeleton.leftBeta_le_two_of_beta_le_two' depends on axioms: [propext,
 Classical.choice,
 Quot.sound]
'MagnitudeConjecture.RightModule.FiniteIndecomposableSkeleton.arrowMultiplicity_eq_zero_of_injective_source_of_projective_target' depends on axioms: [propext,
 Classical.choice,
 Quot.sound]
'MagnitudeConjecture.RightModule.FiniteIndecomposableSkeleton.projective_rightMiddleArity_eq_betaAt_inverseTranslation' depends on axioms: [propext,
 Classical.choice,
 Quot.sound]
'MagnitudeConjecture.RightModule.FiniteIndecomposableSkeleton.projective_rightMiddleArity_le_beta' depends on axioms: [propext,
 Classical.choice,
 Quot.sound]
'MagnitudeConjecture.RightModule.FiniteIndecomposableSkeleton.exists_projectiveBoundaryRadical_decomposition_le_two' depends on axioms: [propext,
 Classical.choice,
 Quot.sound]
'MagnitudeConjecture.IsBiserialModule.of_jacobson_linearEquiv_prod' depends on axioms: [propext,
 Classical.choice,
 Quot.sound]
'MagnitudeConjecture.ProjectiveStable.factorSubmodule_eq_range_rightComp_of_projective_epi' depends on axioms: [propext,
 Classical.choice,
 Quot.sound]
'MagnitudeConjecture.RightModule.FiniteIndecomposableSkeleton.finiteRestrictedContravariantRepresentableRadicalInclusion_isRightAlmostSplit' depends on axioms: [propext,
 Classical.choice,
 Quot.sound]
'MagnitudeConjecture.RightModule.FiniteIndecomposableSkeleton.finiteRestrictedMap_stableQuotient_exact' depends on axioms: [propext,
 Classical.choice,
 Quot.sound]
'MagnitudeConjecture.RightModule.FiniteIndecomposableSkeleton.finiteProjectiveStableMinimalProjectivePresentation' depends on axioms: [propext,
 Classical.choice,
 Quot.sound]
'MagnitudeConjecture.RightModule.FiniteIndecomposableSkeleton.finiteProjectiveStableImageMinimalProjectivePresentation' depends on axioms: [propext,
 Classical.choice,
 Quot.sound]
'MagnitudeConjecture.RightModule.FiniteIndecomposableSkeleton.finiteProjectiveStableImageRadical_isRadicalSubobject' depends on axioms: [propext,
 Classical.choice,
 Quot.sound]
'MagnitudeConjecture.RightModule.FiniteIndecomposableSkeleton.finiteProjectiveStableImageRadical_ne_top' depends on axioms: [propext,
 Classical.choice,
 Quot.sound]
'MagnitudeConjecture.RightModule.FiniteIndecomposableSkeleton.finiteProjectiveStableImage_isUniserial_of_radical' depends on axioms: [propext,
 Classical.choice,
 Quot.sound]
'MagnitudeConjecture.RightModule.FiniteIndecomposableSkeleton.finiteRepresentableImage_isUniserial_of_closedRadicalSuccessors' depends on axioms: [propext,
 Classical.choice,
 Quot.sound]
'MagnitudeConjecture.RightModule.FiniteIndecomposableSkeleton.finiteRepresentableImage_isUniserial_of_twoArm' depends on axioms: [propext,
 Classical.choice,
 Quot.sound]
'MagnitudeConjecture.RightModule.FiniteIndecomposableSkeleton.finiteProjectiveStableImage_isUniserial_of_twoArm' depends on axioms: [propext,
 Classical.choice,
 Quot.sound]
'MagnitudeConjecture.RightModule.FiniteIndecomposableSkeleton.finiteDualProjectiveStableSocle_simple' depends on axioms: [propext,
 Classical.choice,
 Quot.sound]
'MagnitudeConjecture.RightModule.FiniteIndecomposableSkeleton.finiteDualProjectiveStableSocleInclusion_isEssential' depends on axioms: [propext,
 Classical.choice,
 Quot.sound]
'QuotientSubmoduleEquidistribution.IsRightAlmostSplit.irreducible_comp_of_splitSummand' depends on axioms: [propext,
 Classical.choice,
 Quot.sound]
'MagnitudeConjecture.RightModule.FiniteIndecomposableSkeleton.irreducibleIntoProjective_cokernel_indecomposable' depends on axioms: [propext,
 Classical.choice,
 Quot.sound]
'MagnitudeConjecture.RightModule.FiniteIndecomposableSkeleton.irreducibleIntoProjective_initialStableMap_stableClass_ne_zero' depends on axioms: [propext,
 Classical.choice,
 Quot.sound]
'MagnitudeConjecture.RightModule.FiniteIndecomposableSkeleton.irreducibleIntoProjective_initialProjectiveArm_isIrreducible' depends on axioms: [propext,
 Classical.choice,
 Quot.sound]
'MagnitudeConjecture.RightModule.FiniteIndecomposableSkeleton.irreducibleIntoProjective_selectedInitialStableImage_simple' depends on axioms: [propext,
 Classical.choice,
 Quot.sound]
'MagnitudeConjecture.RightModule.FiniteIndecomposableSkeleton.rightMiddleLabel_not_simple_of_injective' depends on axioms: [propext,
 Classical.choice,
 Quot.sound]
'MagnitudeConjecture.RightModule.FiniteIndecomposableSkeleton.PrimitiveProjectivePresentation.nonsimpleProjectiveInjectiveSocleFamily_rightMiddleArity_le' depends on axioms: [propext,
 Classical.choice,
 Quot.sound]
'MagnitudeConjecture.specialBiserial_beta_le_two' depends on axioms: [propext, Classical.choice, Quot.sound]
'MagnitudeConjecture.representationFinite_isSpecialBiserial_iff_beta_le_two' depends on axioms: [propext,
 Classical.choice,
 Quot.sound]
'MagnitudeConjecture.specialBiserial_socleFamilyQuotient_admitsStringPresentation' depends on axioms: [propext,
 Classical.choice,
 Quot.sound]
'MagnitudeConjecture.RepresentationFiniteSpecialBiserialBetaCharacterization' depends on axioms: [propext,
 Classical.choice,
 Quot.sound]
'MagnitudeConjecture.RightModule.FiniteIndecomposableSkeleton.categoryMagnitude_eq_projectiveCount_iff_ambientARSurplus_eq_zero' depends on axioms: [propext,
 Classical.choice,
 Quot.sound]
'MagnitudeConjecture.RightModule.FiniteIndecomposableSkeleton.standardFormComponentAlgebra_betaAt_eq_original' depends on axioms: [propext,
 Classical.choice,
 Quot.sound]
'MagnitudeConjecture.RightModule.FiniteIndecomposableSkeleton.beta_le_two_of_ambientARSurplus_eq_zero' depends on axioms: [propext,
 Classical.choice,
 Quot.sound]
'MagnitudeConjecture.RightModule.FiniteIndecomposableSkeleton.PrimitiveProjectivePresentation.ambientARSurplus_eq_zero_iff_isSpecialBiserial' depends on axioms: [propext,
 Classical.choice,
 Quot.sound]
'MagnitudeConjecture.RightModule.FiniteIndecomposableSkeleton.ambientARSurplus_eq_zero_iff_isSpecialBiserial' depends on axioms: [propext,
 Classical.choice,
 Quot.sound]
'MagnitudeConjecture.RightModule.FiniteIndecomposableSkeleton.categoryMagnitude_eq_projectiveCount_iff_isSpecialBiserial' depends on axioms: [propext,
 Classical.choice,
 Quot.sound]
'MagnitudeConjecture.RightModule.FiniteIndecomposableSkeleton.magnitudeConjecture_of_primitiveProjectivePresentation' depends on axioms: [propext,
 Classical.choice,
 Quot.sound]
'MagnitudeConjecture.FiniteTauMatrix.betaAt_eq_of_equivalence' depends on axioms: [propext,
 Classical.choice,
 Quot.sound]
'MagnitudeConjecture.FiniteTauMatrix.beta_le_of_equivalence' depends on axioms: [propext, Classical.choice, Quot.sound]
'MagnitudeConjecture.FiniteTauMatrix.beta_le_iff_of_equivalence' depends on axioms: [propext,
 Classical.choice,
 Quot.sound]
'MagnitudeConjecture.RightModule.FiniteIndecomposableSkeleton.basicMoritaEquivalence' depends on axioms: [propext,
 Classical.choice,
 Quot.sound]
'MagnitudeConjecture.RightModule.FiniteIndecomposableSkeleton.ambientARSurplus_moritaBasicSkeleton' depends on axioms: [propext,
 Classical.choice,
 Quot.sound]
'MagnitudeConjecture.RightModule.FiniteIndecomposableSkeleton.moritaBasicSkeleton_beta_le' depends on axioms: [propext,
 Classical.choice,
 Quot.sound]
'MagnitudeConjecture.RightModule.FiniteIndecomposableSkeleton.moritaBasicPrimitiveProjectivePresentation' depends on axioms: [propext,
 Classical.choice,
 Quot.sound]
'MagnitudeConjecture.RightModule.FiniteIndecomposableSkeleton.ambientARSurplus_eq_zero_iff_isSpecialBiserial_withoutPresentation' depends on axioms: [propext,
 Classical.choice,
 Quot.sound]
'MagnitudeConjecture.RightModule.FiniteIndecomposableSkeleton.magnitudeConjecture_of_finiteIndecomposableSkeleton' depends on axioms: [propext,
 Classical.choice,
 Quot.sound]
'MagnitudeConjecture.RightModule.magnitudeConjecture' depends on axioms: [propext, Classical.choice, Quot.sound]
'MagnitudeConjecture.RightModule.FiniteIndecomposableSkeleton.primitiveQuotient_ambientARSurplus_le_mapAlgEquiv' depends on axioms: [propext,
 Classical.choice,
 Quot.sound]
'MagnitudeConjecture.RightModule.FiniteIndecomposableSkeleton.ambientARSurplus_eq_primitiveQuotient_mapAlgEquiv' depends on axioms: [propext,
 Classical.choice,
 Quot.sound]
'MagnitudeConjecture.StandardCovering.primitiveQuotient_ambientARSurplus_le_of_admissible_of_algEquiv' depends on axioms: [propext,
 Classical.choice,
 Quot.sound]
'MagnitudeConjecture.StandardCovering.finrank_obj_eq_one_of_ambientARSurplus_eq_of_admissible_of_algEquiv' depends on axioms: [propext,
 Classical.choice,
 Quot.sound]
